[Licensing::Module] Trying to connect to existing licensing client channel...
[Licensing::IpcConnector] Successfully connected to: "LicenseClient-kyung" at "2026-10-05T12:01:13.9525403Z"
[Licensing::Client] Code 10 while verifying Licensing Client signature (process Id: 57992, path: "C:/Program Files/Unity Hub/UnityLicensingClient_V1/Unity.Licensing.Client.exe")
[Licensing::Module] LicensingClient has failed validation; ignoring
[Licensing::Client] Handshaking with LicensingClient:
  Version:                 1.17.4+4293ba1
  Session Id:              34a264ce9c494ae7994cdb9e28ee76ae
  Correlation Id:          3d91975baac454f5671ab4926121f70f
  External correlation Id: 7976906992887131553
  Machine Id:              sgq3U92oUHjAYY2K+5R//JWuJmw=
[Licensing::Module] Successfully connected to LicensingClient on channel: "LicenseClient-kyung" (connect: 0.00s, validation: 0.01s, handshake: 0.11s)
[Licensing::IpcConnector] Successfully connected to: "LicenseClient-kyung-notifications" at "2026-10-05T12:01:14.0709968Z"
[Licensing::Module] Error: Access token is unavailable; failed to update
[Licensing::Client] Successfully updated license
Built from '2022.3/respin/2022.3.62f2-4af31df585-v2' branch; Version is '2022.3.62f2 (7670c08855a9) revision 7762112'; Using compiler version '192829333'; Build Type 'Release'
OS: 'Windows 10  (10.0.19045) 64bit Core' Language: 'ko' Physical Memory: 24514 MB
[Licensing::Client] Successfully resolved entitlement details
[Licensing::Module] Serial number assigned to: "F4-6RG9-4KD6-T4HW-2SXE-XXXX"
[Licensing::Module] Serial number assigned to: "14568601583659-UnityPersXXXX"
BatchMode: 1, IsHumanControllingUs: 0, StartBugReporterOnCrash: 0, Is64bit: 1, IsPro: 0
[Licensing::Client] Successfully resolved entitlement details
[Licensing::Module] Serial number assigned to: "F4-6RG9-4KD6-T4HW-2SXE-XXXX"
[Licensing::Module] Serial number assigned to: "14568601583659-UnityPersXXXX"

COMMAND LINE ARGUMENTS:
C:\Program Files\Unity\Hub\Editor\2022.3.62f2\Editor\Unity.exe
-batchmode
-projectPath
C:/RoguelikePrototype/tmp/laser-offset-check
-executeMethod
LaserOffsetBatch.Start
-logFile
C:/RoguelikePrototype/output/laser-offset/unity-batch.log
Successfully changed project path to: C:/RoguelikePrototype/tmp/laser-offset-check
C:/RoguelikePrototype/tmp/laser-offset-check
[UnityMemory] Configuration Parameters - Can be set up in boot.config
    "memorysetup-bucket-allocator-granularity=16"
    "memorysetup-bucket-allocator-bucket-count=8"
    "memorysetup-bucket-allocator-block-size=33554432"
    "memorysetup-bucket-allocator-block-count=8"
    "memorysetup-main-allocator-block-size=16777216"
    "memorysetup-thread-allocator-block-size=16777216"
    "memorysetup-gfx-main-allocator-block-size=16777216"
    "memorysetup-gfx-thread-allocator-block-size=16777216"
    "memorysetup-cache-allocator-block-size=4194304"
    "memorysetup-typetree-allocator-block-size=2097152"
    "memorysetup-profiler-bucket-allocator-granularity=16"
    "memorysetup-profiler-bucket-allocator-bucket-count=8"
    "memorysetup-profiler-bucket-allocator-block-size=33554432"
    "memorysetup-profiler-bucket-allocator-block-count=8"
    "memorysetup-profiler-allocator-block-size=16777216"
    "memorysetup-profiler-editor-allocator-block-size=1048576"
    "memorysetup-temp-allocator-size-main=16777216"
    "memorysetup-job-temp-allocator-block-size=2097152"
    "memorysetup-job-temp-allocator-block-size-background=1048576"
    "memorysetup-job-temp-allocator-reduction-small-platforms=262144"
    "memorysetup-allocator-temp-initial-block-size-main=262144"
    "memorysetup-allocator-temp-initial-block-size-worker=262144"
    "memorysetup-temp-allocator-size-background-worker=32768"
    "memorysetup-temp-allocator-size-job-worker=262144"
    "memorysetup-temp-allocator-size-preload-manager=33554432"
    "memorysetup-temp-allocator-size-nav-mesh-worker=65536"
    "memorysetup-temp-allocator-size-audio-worker=65536"
    "memorysetup-temp-allocator-size-cloud-worker=32768"
    "memorysetup-temp-allocator-size-gi-baking-worker=262144"
    "memorysetup-temp-allocator-size-gfx=262144"
Player connection [58764]  Target information:

Player connection [58764]  * "[IP] 192.168.0.14 [Port] 55505 [Flags] 2 [Guid] 3974319405 [EditorId] 3974319405 [Version] 1048832 [Id] WindowsEditor(7,DESKTOP-HR3SF2C) [Debug] 1 [PackageName] WindowsEditor [ProjectName] Editor" 

Player connection [58764] Host joined multi-casting on [225.0.0.222:54997]...
Player connection [58764] Host joined alternative multi-casting on [225.0.0.222:34997]...
Input System module state changed to: Initialized.
[PhysX] Initialized MultithreadedTaskDispatcher with 12 workers.
[Package Manager] UpmClient::Connect -- Connected to IPC stream "Upm-49944" after 1.0 seconds.
[Package Manager] Restoring resolved packages state from cache
[Licensing::Client] Successfully resolved entitlement details
[Package Manager] Registered 68 packages:
  Packages from [https://package.openupm.com]:
    jp.hadashikick.vcontainer@1.17.0 (location: C:\RoguelikePrototype\tmp\laser-offset-check\Library\PackageCache\jp.hadashikick.vcontainer@1.17.0)
  Packages from [https://packages.unity.com]:
    com.unity.2d.animation@9.2.2 (location: C:\RoguelikePrototype\tmp\laser-offset-check\Library\PackageCache\com.unity.2d.animation@9.2.2)
    com.unity.2d.aseprite@1.1.11 (location: C:\RoguelikePrototype\tmp\laser-offset-check\Library\PackageCache\com.unity.2d.aseprite@1.1.11)
    com.unity.ai.navigation@1.1.7 (location: C:\RoguelikePrototype\tmp\laser-offset-check\Library\PackageCache\com.unity.ai.navigation@1.1.7)
    com.unity.collab-proxy@2.8.2 (location: C:\RoguelikePrototype\tmp\laser-offset-check\Library\PackageCache\com.unity.collab-proxy@2.8.2)
    com.unity.ide.rider@3.0.36 (location: C:\RoguelikePrototype\tmp\laser-offset-check\Library\PackageCache\com.unity.ide.rider@3.0.36)
    com.unity.ide.visualstudio@2.0.22 (location: C:\RoguelikePrototype\tmp\laser-offset-check\Library\PackageCache\com.unity.ide.visualstudio@2.0.22)
    com.unity.inputsystem@1.14.0 (location: C:\RoguelikePrototype\tmp\laser-offset-check\Library\PackageCache\com.unity.inputsystem@1.14.0)
    com.unity.localization@1.4.3 (location: C:\RoguelikePrototype\tmp\laser-offset-check\Library\PackageCache\com.unity.localization@1.4.3)
    com.unity.nuget.newtonsoft-json@3.2.1 (location: C:\RoguelikePrototype\tmp\laser-offset-check\Library\PackageCache\com.unity.nuget.newtonsoft-json@3.2.1)
    com.unity.test-framework@1.1.33 (location: C:\RoguelikePrototype\tmp\laser-offset-check\Library\PackageCache\com.unity.test-framework@1.1.33)
    com.unity.textmeshpro@3.0.7 (location: C:\RoguelikePrototype\tmp\laser-offset-check\Library\PackageCache\com.unity.textmeshpro@3.0.7)
    com.unity.timeline@1.7.7 (location: C:\RoguelikePrototype\tmp\laser-offset-check\Library\PackageCache\com.unity.timeline@1.7.7)
    com.unity.visualscripting@1.9.4 (location: C:\RoguelikePrototype\tmp\laser-offset-check\Library\PackageCache\com.unity.visualscripting@1.9.4)
    com.unity.ext.nunit@1.0.6 (location: C:\RoguelikePrototype\tmp\laser-offset-check\Library\PackageCache\com.unity.ext.nunit@1.0.6)
    com.unity.mathematics@1.2.6 (location: C:\RoguelikePrototype\tmp\laser-offset-check\Library\PackageCache\com.unity.mathematics@1.2.6)
    com.unity.burst@1.8.21 (location: C:\RoguelikePrototype\tmp\laser-offset-check\Library\PackageCache\com.unity.burst@1.8.21)
    com.unity.addressables@1.22.3 (location: C:\RoguelikePrototype\tmp\laser-offset-check\Library\PackageCache\com.unity.addressables@1.22.3)
    com.unity.2d.pixel-perfect@5.1.0 (location: C:\RoguelikePrototype\tmp\laser-offset-check\Library\PackageCache\com.unity.2d.pixel-perfect@5.1.0)
    com.unity.2d.psdimporter@8.1.0 (location: C:\RoguelikePrototype\tmp\laser-offset-check\Library\PackageCache\com.unity.2d.psdimporter@8.1.0)
    com.unity.2d.spriteshape@9.1.0 (location: C:\RoguelikePrototype\tmp\laser-offset-check\Library\PackageCache\com.unity.2d.spriteshape@9.1.0)
    com.unity.2d.tilemap.extras@3.1.3 (location: C:\RoguelikePrototype\tmp\laser-offset-check\Library\PackageCache\com.unity.2d.tilemap.extras@3.1.3)
    com.unity.2d.common@8.1.1 (location: C:\RoguelikePrototype\tmp\laser-offset-check\Library\PackageCache\com.unity.2d.common@8.1.1)
    com.unity.collections@1.2.4 (location: C:\RoguelikePrototype\tmp\laser-offset-check\Library\PackageCache\com.unity.collections@1.2.4)
    com.unity.searcher@4.9.2 (location: C:\RoguelikePrototype\tmp\laser-offset-check\Library\PackageCache\com.unity.searcher@4.9.2)
    com.unity.scriptablebuildpipeline@1.21.25 (location: C:\RoguelikePrototype\tmp\laser-offset-check\Library\PackageCache\com.unity.scriptablebuildpipeline@1.21.25)
  Built-in packages:
    com.unity.feature.2d@2.0.1 (location: C:\RoguelikePrototype\tmp\laser-offset-check\Library\PackageCache\com.unity.feature.2d@2.0.1)
    com.unity.render-pipelines.universal@14.0.12 (location: C:\RoguelikePrototype\tmp\laser-offset-check\Library\PackageCache\com.unity.render-pipelines.universal@14.0.12)
    com.unity.ugui@1.0.0 (location: C:\RoguelikePrototype\tmp\laser-offset-check\Library\PackageCache\com.unity.ugui@1.0.0)
    com.unity.modules.ai@1.0.0 (location: C:\RoguelikePrototype\tmp\laser-offset-check\Library\PackageCache\com.unity.modules.ai@1.0.0)
    com.unity.modules.androidjni@1.0.0 (location: C:\RoguelikePrototype\tmp\laser-offset-check\Library\PackageCache\com.unity.modules.androidjni@1.0.0)
    com.unity.modules.animation@1.0.0 (location: C:\RoguelikePrototype\tmp\laser-offset-check\Library\PackageCache\com.unity.modules.animation@1.0.0)
    com.unity.modules.assetbundle@1.0.0 (location: C:\RoguelikePrototype\tmp\laser-offset-check\Library\PackageCache\com.unity.modules.assetbundle@1.0.0)
    com.unity.modules.audio@1.0.0 (location: C:\RoguelikePrototype\tmp\laser-offset-check\Library\PackageCache\com.unity.modules.audio@1.0.0)
    com.unity.modules.cloth@1.0.0 (location: C:\RoguelikePrototype\tmp\laser-offset-check\Library\PackageCache\com.unity.modules.cloth@1.0.0)
    com.unity.modules.director@1.0.0 (location: C:\RoguelikePrototype\tmp\laser-offset-check\Library\PackageCache\com.unity.modules.director@1.0.0)
    com.unity.modules.imageconversion@1.0.0 (location: C:\RoguelikePrototype\tmp\laser-offset-check\Library\PackageCache\com.unity.modules.imageconversion@1.0.0)
    com.unity.modules.imgui@1.0.0 (location: C:\RoguelikePrototype\tmp\laser-offset-check\Library\PackageCache\com.unity.modules.imgui@1.0.0)
    com.unity.modules.jsonserialize@1.0.0 (location: C:\RoguelikePrototype\tmp\laser-offset-check\Library\PackageCache\com.unity.modules.jsonserialize@1.0.0)
    com.unity.modules.particlesystem@1.0.0 (location: C:\RoguelikePrototype\tmp\laser-offset-check\Library\PackageCache\com.unity.modules.particlesystem@1.0.0)
    com.unity.modules.physics@1.0.0 (location: C:\RoguelikePrototype\tmp\laser-offset-check\Library\PackageCache\com.unity.modules.physics@1.0.0)
    com.unity.modules.physics2d@1.0.0 (location: C:\RoguelikePrototype\tmp\laser-offset-check\Library\PackageCache\com.unity.modules.physics2d@1.0.0)
    com.unity.modules.screencapture@1.0.0 (location: C:\RoguelikePrototype\tmp\laser-offset-check\Library\PackageCache\com.unity.modules.screencapture@1.0.0)
    com.unity.modules.terrain@1.0.0 (location: C:\RoguelikePrototype\tmp\laser-offset-check\Library\PackageCache\com.unity.modules.terrain@1.0.0)
    com.unity.modules.terrainphysics@1.0.0 (location: C:\RoguelikePrototype\tmp\laser-offset-check\Library\PackageCache\com.unity.modules.terrainphysics@1.0.0)
    com.unity.modules.tilemap@1.0.0 (location: C:\RoguelikePrototype\tmp\laser-offset-check\Library\PackageCache\com.unity.modules.tilemap@1.0.0)
    com.unity.modules.ui@1.0.0 (location: C:\RoguelikePrototype\tmp\laser-offset-check\Library\PackageCache\com.unity.modules.ui@1.0.0)
    com.unity.modules.uielements@1.0.0 (location: C:\RoguelikePrototype\tmp\laser-offset-check\Library\PackageCache\com.unity.modules.uielements@1.0.0)
    com.unity.modules.umbra@1.0.0 (location: C:\RoguelikePrototype\tmp\laser-offset-check\Library\PackageCache\com.unity.modules.umbra@1.0.0)
    com.unity.modules.unityanalytics@1.0.0 (location: C:\RoguelikePrototype\tmp\laser-offset-check\Library\PackageCache\com.unity.modules.unityanalytics@1.0.0)
    com.unity.modules.unitywebrequest@1.0.0 (location: C:\RoguelikePrototype\tmp\laser-offset-check\Library\PackageCache\com.unity.modules.unitywebrequest@1.0.0)
    com.unity.modules.unitywebrequestassetbundle@1.0.0 (location: C:\RoguelikePrototype\tmp\laser-offset-check\Library\PackageCache\com.unity.modules.unitywebrequestassetbundle@1.0.0)
    com.unity.modules.unitywebrequestaudio@1.0.0 (location: C:\RoguelikePrototype\tmp\laser-offset-check\Library\PackageCache\com.unity.modules.unitywebrequestaudio@1.0.0)
    com.unity.modules.unitywebrequesttexture@1.0.0 (location: C:\RoguelikePrototype\tmp\laser-offset-check\Library\PackageCache\com.unity.modules.unitywebrequesttexture@1.0.0)
    com.unity.modules.unitywebrequestwww@1.0.0 (location: C:\RoguelikePrototype\tmp\laser-offset-check\Library\PackageCache\com.unity.modules.unitywebrequestwww@1.0.0)
    com.unity.modules.vehicles@1.0.0 (location: C:\RoguelikePrototype\tmp\laser-offset-check\Library\PackageCache\com.unity.modules.vehicles@1.0.0)
    com.unity.modules.video@1.0.0 (location: C:\RoguelikePrototype\tmp\laser-offset-check\Library\PackageCache\com.unity.modules.video@1.0.0)
    com.unity.modules.vr@1.0.0 (location: C:\RoguelikePrototype\tmp\laser-offset-check\Library\PackageCache\com.unity.modules.vr@1.0.0)
    com.unity.modules.wind@1.0.0 (location: C:\RoguelikePrototype\tmp\laser-offset-check\Library\PackageCache\com.unity.modules.wind@1.0.0)
    com.unity.modules.xr@1.0.0 (location: C:\RoguelikePrototype\tmp\laser-offset-check\Library\PackageCache\com.unity.modules.xr@1.0.0)
    com.unity.modules.subsystems@1.0.0 (location: C:\RoguelikePrototype\tmp\laser-offset-check\Library\PackageCache\com.unity.modules.subsystems@1.0.0)
    com.unity.render-pipelines.core@14.0.12 (location: C:\RoguelikePrototype\tmp\laser-offset-check\Library\PackageCache\com.unity.render-pipelines.core@14.0.12)
    com.unity.shadergraph@14.0.12 (location: C:\RoguelikePrototype\tmp\laser-offset-check\Library\PackageCache\com.unity.shadergraph@14.0.12)
    com.unity.render-pipelines.universal-config@14.0.10 (location: C:\RoguelikePrototype\tmp\laser-offset-check\Library\PackageCache\com.unity.render-pipelines.universal-config@14.0.10)
    com.unity.2d.sprite@1.0.0 (location: C:\RoguelikePrototype\tmp\laser-offset-check\Library\PackageCache\com.unity.2d.sprite@1.0.0)
    com.unity.2d.tilemap@1.0.0 (location: C:\RoguelikePrototype\tmp\laser-offset-check\Library\PackageCache\com.unity.2d.tilemap@1.0.0)
  Local packages:
    com.h8man.2d.navmeshplus@file:C:\RoguelikePrototype\Library\PackageCache\com.h8man.2d.navmeshplus@53de7d5c64 (location: C:\RoguelikePrototype\Library\PackageCache\com.h8man.2d.navmeshplus@53de7d5c64)
    com.unity.ide.windsurf@file:C:\RoguelikePrototype\Library\PackageCache\com.unity.ide.windsurf@6161accf3e (location: C:\RoguelikePrototype\Library\PackageCache\com.unity.ide.windsurf@6161accf3e)
[Subsystems] No new subsystems found in resolved package list.
Package Manager log level set to [2]
[Package Manager] Done registering packages in 0.28 seconds
Refreshing native plugins compatible for Editor in 250.18 ms, found 4 plugins.
Preloading 0 native plugins for Editor in 0.00 ms.
Initialize engine version: 2022.3.62f2 (7670c08855a9)
[Subsystems] Discovering subsystems at path C:/Program Files/Unity/Hub/Editor/2022.3.62f2/Editor/Data/Resources/UnitySubsystems
[Subsystems] Discovering subsystems at path C:/RoguelikePrototype/tmp/laser-offset-check/Assets
GfxDevice: creating device client; threaded=0; jobified=0
Direct3D:
    Version:  Direct3D 11.0 [level 11.1]
    Renderer: NVIDIA GeForce GTX 1660 Ti (ID=0x2182)
    Vendor:   NVIDIA
    VRAM:     5966 MB
    Driver:   32.0.16.1088
[Licensing::Client] Successfully resolved entitlement details
[Licensing::Module] Serial number assigned to: "F4-6RG9-4KD6-T4HW-2SXE-XXXX"
[Licensing::Module] Serial number assigned to: "14568601583659-UnityPersXXXX"
Initialize mono
Mono path[0] = 'C:/Program Files/Unity/Hub/Editor/2022.3.62f2/Editor/Data/Managed'
Mono path[1] = 'C:/Program Files/Unity/Hub/Editor/2022.3.62f2/Editor/Data/MonoBleedingEdge/lib/mono/unityjit-win32'
Mono config path = 'C:/Program Files/Unity/Hub/Editor/2022.3.62f2/Editor/Data/MonoBleedingEdge/etc'
Using monoOptions --debugger-agent=transport=dt_socket,embedding=1,server=y,suspend=n,address=127.0.0.1:56944
Using cacheserver namespaces - metadata:defaultmetadata, artifacts:defaultartifacts
Using cacheserver namespaces - metadata:defaultmetadata, artifacts:defaultartifacts
ImportWorker Server TCP listen port: 0
Begin MonoManager ReloadAssembly
Registering precompiled unity dll's ...
Register platform support module: C:/Program Files/Unity/Hub/Editor/2022.3.62f2/Editor/Data/PlaybackEngines/WindowsStandaloneSupport/UnityEditor.WindowsStandalone.Extensions.dll
Registered in 0.014845 seconds.
- Loaded All Assemblies, in  0.406 seconds
Native extension for WindowsStandalone target not found
Mono: successfully reloaded assembly
- Finished resetting the current domain, in  0.308 seconds
Domain Reload Profiling: 711ms
	BeginReloadAssembly (117ms)
		ExecutionOrderSort (0ms)
		DisableScriptedObjects (0ms)
		BackupInstance (0ms)
		ReleaseScriptingObjects (0ms)
		CreateAndSetChildDomain (1ms)
	RebuildCommonClasses (37ms)
	RebuildNativeTypeToScriptingClass (12ms)
	initialDomainReloadingComplete (76ms)
	LoadAllAssembliesAndSetupDomain (160ms)
		LoadAssemblies (114ms)
		RebuildTransferFunctionScriptingTraits (0ms)
		AnalyzeDomain (158ms)
			TypeCache.Refresh (156ms)
				TypeCache.ScanAssembly (142ms)
			ScanForSourceGeneratedMonoScriptInfo (0ms)
			ResolveRequiredComponents (1ms)
	FinalizeReload (308ms)
		ReleaseScriptCaches (0ms)
		RebuildScriptCaches (0ms)
		SetupLoadedEditorAssemblies (257ms)
			LogAssemblyErrors (0ms)
			InitializePlatformSupportModulesInManaged (11ms)
			SetLoadedEditorAssemblies (8ms)
			RefreshPlugins (0ms)
			BeforeProcessingInitializeOnLoad (3ms)
			ProcessInitializeOnLoadAttributes (170ms)
			ProcessInitializeOnLoadMethodAttributes (65ms)
			AfterProcessingInitializeOnLoad (0ms)
			EditorAssembliesLoaded (0ms)
		ExecutionOrderSort2 (0ms)
		AwakeInstancesAfterBackupRestoration (0ms)
[Licensing::Client] Successfully resolved entitlement details
[Licensing::Module] Serial number assigned to: "F4-6RG9-4KD6-T4HW-2SXE-XXXX"
[Licensing::Module] Serial number assigned to: "14568601583659-UnityPersXXXX"
Application.AssetDatabase Initial Refresh Start
The GUID inside 'Assets/Nytherion/Art/Characters/Player/Animations/Walk.anim.meta' cannot be extracted by the YAML Parser. Attempting to extract it via string matching instead. Please verify the file does not contain unexpected data.
The GUID inside 'Assets/Nytherion/Core/Enums/BossPortal.cs.meta' cannot be extracted by the YAML Parser. Attempting to extract it via string matching instead. Please verify the file does not contain unexpected data.
The GUID inside 'Assets/Nytherion/Core/Managers/BaseManager.cs.meta' cannot be extracted by the YAML Parser. Attempting to extract it via string matching instead. Please verify the file does not contain unexpected data.
The GUID inside 'Assets/Nytherion/Core/test/BossPortal.prefab.meta' cannot be extracted by the YAML Parser. Attempting to extract it via string matching instead. Please verify the file does not contain unexpected data.
The GUID inside 'Assets/Nytherion/Core/test/BossSpawnPoint.cs.meta' cannot be extracted by the YAML Parser. Attempting to extract it via string matching instead. Please verify the file does not contain unexpected data.
The GUID inside 'Assets/Nytherion/Core/test/portal.anim.meta' cannot be extracted by the YAML Parser. Attempting to extract it via string matching instead. Please verify the file does not contain unexpected data.
The GUID inside 'Assets/Nytherion/Core/test/VillagePortal.prefab.meta' cannot be extracted by the YAML Parser. Attempting to extract it via string matching instead. Please verify the file does not contain unexpected data.
The GUID inside 'Assets/Nytherion/Gameplay/Characters/Player/States/DashState.cs.meta' cannot be extracted by the YAML Parser. Attempting to extract it via string matching instead. Please verify the file does not contain unexpected data.
The GUID inside 'Assets/Nytherion/Gameplay/Characters/Player/States/IdleState.cs.meta' cannot be extracted by the YAML Parser. Attempting to extract it via string matching instead. Please verify the file does not contain unexpected data.
The GUID inside 'Assets/Nytherion/Gameplay/Characters/Player/States/PlayerState.cs.meta' cannot be extracted by the YAML Parser. Attempting to extract it via string matching instead. Please verify the file does not contain unexpected data.
The GUID inside 'Assets/Nytherion/Gameplay/Dungeon/Portals/VillagePortal.cs.meta' cannot be extracted by the YAML Parser. Attempting to extract it via string matching instead. Please verify the file does not contain unexpected data.
The GUID inside 'Assets/Prefabs/Infrastructure/Managers/DungeonManager.prefab.meta' cannot be extracted by the YAML Parser. Attempting to extract it via string matching instead. Please verify the file does not contain unexpected data.
The GUID inside 'Assets/Prefabs/Infrastructure/Managers/GachaUIController.prefab.meta' cannot be extracted by the YAML Parser. Attempting to extract it via string matching instead. Please verify the file does not contain unexpected data.
The GUID inside 'Assets/Prefabs/Infrastructure/Managers/GameSceneUIManager.prefab.meta' cannot be extracted by the YAML Parser. Attempting to extract it via string matching instead. Please verify the file does not contain unexpected data.
The GUID inside 'Assets/Prefabs/Infrastructure/Managers/InventoryPresenter.prefab.meta' cannot be extracted by the YAML Parser. Attempting to extract it via string matching instead. Please verify the file does not contain unexpected data.
The GUID inside 'Assets/Prefabs/Infrastructure/Managers/ItemUsageManager.prefab.meta' cannot be extracted by the YAML Parser. Attempting to extract it via string matching instead. Please verify the file does not contain unexpected data.
[ScriptCompilation] Requested script compilation because: Assetdatabase observed changes in script compilation related files
Starting: C:\Program Files\Unity\Hub\Editor\2022.3.62f2\Editor\Data\bee_backend.exe --ipc --defer-dag-verification --dagfile="Library/Bee/1900b0aE.dag" --continue-on-failure --profile="Library/Bee/backend1.traceevents" ScriptAssemblies
WorkingDir: C:/RoguelikePrototype/tmp/laser-offset-check
DisplayProgressbar: Compiling Scripts
ExitCode: 0 Duration: 6s419ms
[ 795/1046  0s] ILPP-Configuration Library/ilpp-configuration.nevergeneratedoutput
[1042/1046  4s] Csc Library/Bee/artifacts/1900b0aE.dag/Assembly-CSharp-Editor.dll (+2 others)
Assets\Editor\Data\TrainingDummySetup.cs(241,29): warning CS0252: Possible unintended reference comparison; to get a value comparison, cast the left hand side to type 'Object'
[1043/1046  0s] ILPostProcess Library/Bee/artifacts/1900b0aE.dag/post-processed/Assembly-CSharp-Editor.dll (+pdb)
Processing assembly Library/Bee/artifacts/1900b0aE.dag/Assembly-CSharp-Editor.dll, with 118 defines and 299 references

processors: zzzUnity.Burst.CodeGen.BurstILPostProcessor

running zzzUnity.Burst.CodeGen.BurstILPostProcessor
[1044/1046  0s] CopyFiles Library/ScriptAssemblies/Assembly-CSharp-Editor.pdb
[1045/1046  0s] CopyFiles Library/ScriptAssemblies/Assembly-CSharp-Editor.dll
*** Tundra build success (6.36 seconds), 5 items updated, 1046 evaluated
Assets\Editor\Data\TrainingDummySetup.cs(241,29): warning CS0252: Possible unintended reference comparison; to get a value comparison, cast the left hand side to type 'Object'
AssetDatabase: script compilation time: 7.051853s
Begin MonoManager ReloadAssembly
- Loaded All Assemblies, in  3.078 seconds
Refreshing native plugins compatible for Editor in 8.58 ms, found 4 plugins.
Preloading 0 native plugins for Editor in 0.00 ms.
Start importing Assets/Editor/Data/LaserWeaponVerification.cs using Guid(dd95b09fca94c04439e8ff64719fc201) Importer(-1,00000000000000000000000000000000) [PhysX] Initialized MultithreadedTaskDispatcher with 12 workers.
 -> (artifact id: '19b9e377e5af918d45ba8b26883b24ea') in 0.019588 seconds
Refreshing native plugins compatible for Editor in 8.07 ms, found 4 plugins.
Native extension for WindowsStandalone target not found
Mono: successfully reloaded assembly
- Finished resetting the current domain, in  4.493 seconds
Domain Reload Profiling: 7564ms
	BeginReloadAssembly (174ms)
		ExecutionOrderSort (0ms)
		DisableScriptedObjects (6ms)
		BackupInstance (0ms)
		ReleaseScriptingObjects (0ms)
		CreateAndSetChildDomain (25ms)
	RebuildCommonClasses (37ms)
	RebuildNativeTypeToScriptingClass (14ms)
	initialDomainReloadingComplete (43ms)
	LoadAllAssembliesAndSetupDomain (2803ms)
		LoadAssemblies (2550ms)
		RebuildTransferFunctionScriptingTraits (0ms)
		AnalyzeDomain (349ms)
			TypeCache.Refresh (274ms)
				TypeCache.ScanAssembly (250ms)
			ScanForSourceGeneratedMonoScriptInfo (44ms)
			ResolveRequiredComponents (30ms)
	FinalizeReload (4493ms)
		ReleaseScriptCaches (0ms)
		RebuildScriptCaches (0ms)
		SetupLoadedEditorAssemblies (4242ms)
			LogAssemblyErrors (0ms)
			InitializePlatformSupportModulesInManaged (8ms)
			SetLoadedEditorAssemblies (4ms)
			RefreshPlugins (0ms)
			BeforeProcessingInitializeOnLoad (120ms)
			ProcessInitializeOnLoadAttributes (3939ms)
			ProcessInitializeOnLoadMethodAttributes (151ms)
			AfterProcessingInitializeOnLoad (20ms)
			EditorAssembliesLoaded (0ms)
		ExecutionOrderSort2 (0ms)
		AwakeInstancesAfterBackupRestoration (10ms)
Refreshing native plugins compatible for Editor in 10.04 ms, found 4 plugins.
Preloading 0 native plugins for Editor in 0.00 ms.
Asset Pipeline Refresh (id=ab96d5a558274ee43a39c2eb9daeeaf9): Total: 59.497 seconds - Initiated by InitialRefreshV2(ForceSynchronousImport)
	Summary:
		Imports: total=1 (actual=1, local cache=0, cache server=0)
		Asset DB Process Time: managed=6 ms, native=44148 ms
		Asset DB Callback time: managed=464 ms, native=15 ms
		Scripting: domain reloads=1, domain reload time=7706 ms, compile time=7054 ms, other=100 ms
		Project Asset Count: scripts=9590, non-scripts=6292
		Asset File Changes: new=0, changed=1, moved=0, deleted=0
		Scan Filter Count: 0
	InvokeBeforeRefreshCallbacks: 1.666ms
	ApplyChangesToAssetFolders: 0.069ms
	Scan: 168.956ms
	OnSourceAssetsModified: 2.299ms
	GetAllGuidsForCategorization: 2.732ms
	CategorizeAssets: 342.081ms
	ImportOutOfDateAssets: 4607.389ms (-2527.771ms without children)
		ImportManagerImport: 25.783ms (5.118ms without children)
			ImportInProcess: 20.629ms
			UpdateCategorizedAssets: 0.036ms
		CompileScripts: 7054.090ms
		ReloadNativeAssets: 0.024ms
		UnloadImportedAssets: 46.258ms
		ReloadImportedAssets: 0.382ms
		EnsureUptoDateAssetsAreRegisteredWithGuidPM: 5.326ms
		InitializingProgressBar: 0.001ms
		PostProcessAllAssetNotificationsAddChangedAssets: 0.001ms
		OnDemandSchedulerStart: 3.296ms
	PostProcessAllAssets: 465.446ms
	Hotreload: 11.078ms
	GatherAllCurrentPrimaryArtifactRevisions: 0.000ms
	UnloadStreamsBegin: 1.495ms
	PersistCurrentRevisions: 1.260ms
	UnloadStreamsEnd: 0.103ms
	GenerateScriptTypeHashes: 6.930ms
	Untracked: 53892.382ms
Application.AssetDatabase Initial Refresh End
Launched and connected shader compiler UnityShaderCompiler.exe after 0.05 seconds
Scanning for USB devices : 1.901ms
Initializing Unity extensions:
[Licensing::Client] Successfully resolved entitlement details
[Licensing::Module] Serial number assigned to: "F4-6RG9-4KD6-T4HW-2SXE-XXXX"
[Licensing::Module] Serial number assigned to: "14568601583659-UnityPersXXXX"
[MODES] ModeService[none].Initialize
[MODES] ModeService[none].LoadModes
[MODES] Loading mode Default (0) for mode-current-id-PrototypeV01
[PhysX] Initialized MultithreadedTaskDispatcher with 12 workers.
ProgressiveSceneManager::Cancel()
Unloading 426 Unused Serialized files (Serialized files now loaded: 0)
Unloading 858 unused Assets / (1.5 MB). Loaded Objects now: 8303.
Memory consumption went from 232.4 MB to 230.9 MB.
Total: 8.793700 ms (FindLiveObjects: 0.655800 ms CreateObjectMapping: 0.743600 ms MarkObjects: 5.271400 ms  DeleteObjects: 2.121200 ms)

Opening scene 'Assets/Scenes/GameScene.unity'
[PhysX] Initialized MultithreadedTaskDispatcher with 12 workers.
Unloading 702 Unused Serialized files (Serialized files now loaded: 0)
Loaded scene 'Assets/Scenes/GameScene.unity'
	Deserialize:            955.364 ms
	Integration:            424.783 ms
	Integration of assets:  81.229 ms
	Thread Wait Time:       -0.177 ms
	Total Operation Time:   1461.200 ms
Unloading 2 unused Assets / (1.0 KB). Loaded Objects now: 12245.
Memory consumption went from 300.3 MB to 300.3 MB.
Total: 9.075900 ms (FindLiveObjects: 1.222800 ms CreateObjectMapping: 1.235300 ms MarkObjects: 6.580000 ms  DeleteObjects: 0.036700 ms)

[Project] Loading completed in 68.111 seconds
	Project init time: 				64.446 seconds
		Template init time: 		0.000 seconds
		Package Manager init time: 		1.050 seconds
		Asset Database init time: 		0.515 seconds
		Global illumination init time: 	0.007 seconds
		Assemblies load time: 			0.735 seconds
		Unity extensions init time: 	0.008 seconds
		Asset Database refresh time: 	0.000 seconds
	Scene opening time: 			1.855 seconds
##utp:{"type":"ProjectInfo","version":2,"phase":"Immediate","time":1791201741886,"processId":49944,"projectLoad":68.11051169999999,"projectInit":64.4457502,"templateInit":0.0,"packageManagerInit":1.0497633,"assetDatabaseInit":0.515292,"globalIlluminationInit":0.0069057,"assembliesLoad":0.7350269,"unityExtensionsInit":0.0081294,"assetDatabaseRefresh":0.0,"sceneOpening":1.8552552}
##utp:{"type":"EditorInfo","version":2,"phase":"Immediate","time":1791201741886,"processId":49944,"editorVersion":"2022.3.62f2 (7670c08855a9)","branch":"2022.3/respin/2022.3.62f2-4af31df585-v2","buildType":"Release","platform":"Windows"}
SpriteAtlasPacking completed in 0.012933 sec
Reloading assemblies for play mode.
Reloading assemblies after forced synchronous recompile.
Begin MonoManager ReloadAssembly
- Loaded All Assemblies, in  0.678 seconds
Refreshing native plugins compatible for Editor in 8.03 ms, found 4 plugins.
Native extension for WindowsStandalone target not found
Mono: successfully reloaded assembly
- Finished resetting the current domain, in  1.521 seconds
Domain Reload Profiling: 2196ms
	BeginReloadAssembly (488ms)
		ExecutionOrderSort (1ms)
		DisableScriptedObjects (21ms)
		BackupInstance (0ms)
		ReleaseScriptingObjects (1ms)
		CreateAndSetChildDomain (297ms)
	RebuildCommonClasses (34ms)
	RebuildNativeTypeToScriptingClass (13ms)
	initialDomainReloadingComplete (42ms)
	LoadAllAssembliesAndSetupDomain (97ms)
		LoadAssemblies (155ms)
		RebuildTransferFunctionScriptingTraits (0ms)
		AnalyzeDomain (33ms)
			TypeCache.Refresh (8ms)
				TypeCache.ScanAssembly (0ms)
			ScanForSourceGeneratedMonoScriptInfo (0ms)
			ResolveRequiredComponents (23ms)
	FinalizeReload (1522ms)
		ReleaseScriptCaches (0ms)
		RebuildScriptCaches (0ms)
		SetupLoadedEditorAssemblies (929ms)
			LogAssemblyErrors (0ms)
			InitializePlatformSupportModulesInManaged (9ms)
			SetLoadedEditorAssemblies (8ms)
			RefreshPlugins (0ms)
			BeforeProcessingInitializeOnLoad (140ms)
			ProcessInitializeOnLoadAttributes (654ms)
			ProcessInitializeOnLoadMethodAttributes (106ms)
			AfterProcessingInitializeOnLoad (11ms)
			EditorAssembliesLoaded (0ms)
		ExecutionOrderSort2 (1ms)
		AwakeInstancesAfterBackupRestoration (87ms)
Asset Pipeline Refresh (id=39e95751fff9ba54e84fe06bc5800202): Total: 2.910 seconds - Initiated by StopAssetImportingV2(ForceSynchronousImport | ForceDomainReload)
	Summary:
		Imports: total=0 (actual=0, local cache=0, cache server=0)
		Asset DB Process Time: managed=0 ms, native=614 ms
		Asset DB Callback time: managed=30 ms, native=1 ms
		Scripting: domain reloads=1, domain reload time=2259 ms, compile time=3 ms, other=0 ms
		Project Asset Count: scripts=9590, non-scripts=6292
		Asset File Changes: new=0, changed=0, moved=0, deleted=0
		Scan Filter Count: 0
	InvokeBeforeRefreshCallbacks: 1.967ms
	ApplyChangesToAssetFolders: 0.095ms
	Scan: 0.001ms
	OnSourceAssetsModified: 0.001ms
	GetAllGuidsForCategorization: 2.559ms
	CategorizeAssets: 320.187ms
	ImportOutOfDateAssets: 1573.646ms (1551.943ms without children)
		CompileScripts: 3.417ms
		CollectScriptTypesHashes: 5.611ms
		ReloadNativeAssets: 1.681ms
		UnloadImportedAssets: 1.668ms
		EnsureUptoDateAssetsAreRegisteredWithGuidPM: 5.875ms
		InitializingProgressBar: 0.001ms
		PostProcessAllAssetNotificationsAddChangedAssets: 0.001ms
		OnDemandSchedulerStart: 3.450ms
	PostProcessAllAssets: 30.133ms
	GatherAllCurrentPrimaryArtifactRevisions: 0.988ms
	UnloadStreamsBegin: 2.419ms
	PersistCurrentRevisions: 0.615ms
	UnloadStreamsEnd: 0.196ms
	GenerateScriptTypeHashes: 8.936ms
	Untracked: 976.735ms
[PhysX] Initialized MultithreadedTaskDispatcher with 12 workers.
Loaded scene 'Temp/__Backupscenes/0.backup'
	Deserialize:            30.155 ms
	Integration:            1544.462 ms
	Integration of assets:  0.463 ms
	Thread Wait Time:       0.014 ms
	Total Operation Time:   1575.094 ms
[MODES] ModeService[none].Initialize
[MODES] ModeService[none].LoadModes
[MODES] Loading mode Default (0) for mode-current-id-Nytherion Laser Offset Verification
Created GICache directory at C:/Users/kyung/AppData/LocalLow/Unity/Caches/GiCache. Took: 0.036s, timestamps: [72.931 - 72.967]
타일완성
UnityEngine.StackTraceUtility:ExtractStackTrace ()
UnityEngine.DebugLogHandler:LogFormat (UnityEngine.LogType,UnityEngine.Object,string,object[])
UnityEngine.Logger:Log (UnityEngine.LogType,object)
UnityEngine.Debug:Log (object)
Nytherion.GamePlay.Dungeon.TilemapVisualizer:PaintWallsWithRuleTile (System.Collections.Generic.IEnumerable`1<UnityEngine.Vector2Int>) (at Assets/Nytherion/Gameplay/Dungeon/Generation/TilemapVisualizer.cs:131)
Nytherion.GamePlay.Dungeon.RoomFirstDungeonGenerator:VisualizeDungeon (System.Collections.Generic.HashSet`1<UnityEngine.Vector2Int>,System.Collections.Generic.Dictionary`2<Nytherion.GamePlay.Dungeon.RoomFirstDungeonGenerator/Room, System.Collections.Generic.HashSet`1<UnityEngine.Vector2Int>>,System.Collections.Generic.HashSet`1<UnityEngine.Vector2Int>,System.Collections.Generic.List`1<System.Tuple`2<Nytherion.GamePlay.Dungeon.RoomFirstDungeonGenerator/Room, Nytherion.GamePlay.Dungeon.RoomFirstDungeonGenerator/Room>>,System.Collections.Generic.List`1<Nytherion.GamePlay.Dungeon.RoomFirstDungeonGenerator/PlacedObstacleData>,System.Collections.Generic.List`1<Nytherion.GamePlay.Dungeon.RoomFirstDungeonGenerator/Room>,Nytherion.GamePlay.Dungeon.RoomFirstDungeonGenerator/Room) (at Assets/Nytherion/Gameplay/Dungeon/Generation/RoomFirstDungeonGenerator.cs:573)
Nytherion.GamePlay.Dungeon.RoomFirstDungeonGenerator/<ApplyDungeon>d__22:MoveNext () (at Assets/Nytherion/Gameplay/Dungeon/Generation/RoomFirstDungeonGenerator.cs:263)
UnityEngine.SetupCoroutine:InvokeMoveNext (System.Collections.IEnumerator,intptr)
UnityEngine.MonoBehaviour:StartCoroutine (System.Collections.IEnumerator)
Nytherion.GamePlay.Dungeon.RoomFirstDungeonGenerator/<GenerateNewDungeonCoroutine>d__19:MoveNext () (at Assets/Nytherion/Gameplay/Dungeon/Generation/RoomFirstDungeonGenerator.cs:188)
UnityEngine.SetupCoroutine:InvokeMoveNext (System.Collections.IEnumerator,intptr)

(Filename: Assets/Nytherion/Gameplay/Dungeon/Generation/TilemapVisualizer.cs Line: 131)

[DungeonNavMeshBuilder] Rebuild start
UnityEngine.StackTraceUtility:ExtractStackTrace ()
UnityEngine.DebugLogHandler:LogFormat (UnityEngine.LogType,UnityEngine.Object,string,object[])
UnityEngine.Logger:Log (UnityEngine.LogType,object)
UnityEngine.Debug:Log (object)
DungeonNavMeshBuilder/<RebuildNavMeshCoroutine>d__4:MoveNext () (at Assets/Nytherion/Gameplay/Dungeon/Navigation/DungeonNavMeshBuilder.cs:27)
UnityEngine.SetupCoroutine:InvokeMoveNext (System.Collections.IEnumerator,intptr)
UnityEngine.MonoBehaviour:StartCoroutine (System.Collections.IEnumerator)
Nytherion.GamePlay.Dungeon.RoomFirstDungeonGenerator/<ApplyDungeon>d__22:MoveNext () (at Assets/Nytherion/Gameplay/Dungeon/Generation/RoomFirstDungeonGenerator.cs:277)
UnityEngine.SetupCoroutine:InvokeMoveNext (System.Collections.IEnumerator,intptr)
UnityEngine.MonoBehaviour:StartCoroutine (System.Collections.IEnumerator)
Nytherion.GamePlay.Dungeon.RoomFirstDungeonGenerator/<GenerateNewDungeonCoroutine>d__19:MoveNext () (at Assets/Nytherion/Gameplay/Dungeon/Generation/RoomFirstDungeonGenerator.cs:188)
UnityEngine.SetupCoroutine:InvokeMoveNext (System.Collections.IEnumerator,intptr)

(Filename: Assets/Nytherion/Gameplay/Dungeon/Navigation/DungeonNavMeshBuilder.cs Line: 27)

[LaserWeaponVerification] 21/21 통과, 정리=True, 보고서=C:\RoguelikePrototype\tmp\laser-offset-check\output\laser\verification.json
UnityEngine.StackTraceUtility:ExtractStackTrace ()
UnityEngine.DebugLogHandler:LogFormat (UnityEngine.LogType,UnityEngine.Object,string,object[])
UnityEngine.Logger:Log (UnityEngine.LogType,object)
UnityEngine.Debug:Log (object)
Nytherion.Editor.LaserWeaponVerification:Run () (at Assets/Editor/Data/LaserWeaponVerification.cs:465)
LaserOffsetBatch:Update () (at Assets/Editor/LaserOffsetBatch.cs:45)
UnityEditor.EditorApplication:Internal_CallUpdateFunctions ()

(Filename: Assets/Editor/Data/LaserWeaponVerification.cs Line: 465)

[SaveLoadManager] DataLifetimeScope.Instance 또는 Container가 null입니다.
UnityEngine.StackTraceUtility:ExtractStackTrace ()
UnityEngine.DebugLogHandler:LogFormat (UnityEngine.LogType,UnityEngine.Object,string,object[])
UnityEngine.Logger:Log (UnityEngine.LogType,object)
UnityEngine.Debug:LogWarning (object)
Nytherion.Core.Managers.SaveLoadManager:CollectSaveableEntities () (at Assets/Nytherion/Core/Managers/SaveLoadManager.cs:85)
Nytherion.Core.Managers.SaveLoadManager:SaveGameInternal (bool) (at Assets/Nytherion/Core/Managers/SaveLoadManager.cs:216)
Nytherion.Core.Managers.SaveLoadManager:ForceSaveGame () (at Assets/Nytherion/Core/Managers/SaveLoadManager.cs:207)
Nytherion.Core.Managers.SaveLoadManager:OnDestroy () (at Assets/Nytherion/Core/Managers/SaveLoadManager.cs:385)
LaserOffsetBatch:Update () (at Assets/Editor/LaserOffsetBatch.cs:47)
UnityEditor.EditorApplication:Internal_CallUpdateFunctions ()

(Filename: Assets/Nytherion/Core/Managers/SaveLoadManager.cs Line: 85)

[PhysX] Initialized MultithreadedTaskDispatcher with 12 workers.
Input System module state changed to: ShutdownInProgress.
Input System polling thread exited.
Input System module state changed to: Shutdown.
[Licensing::IpcConnector] LicenseClient-kyung-notifications channel disconnected successfully.
[Licensing::IpcConnector] LicenseClient-kyung channel disconnected successfully.
Cleanup mono
[Performance] WinEditorMain                                                                                                                        :        1 samples, Peak.  1.76 s (1.0x), Avg.  1.76 s, Total. 1.756 s (2.3%)
[Performance] WinEditorMain.ConfigureCrashHandler                                                                                                  :        1 samples, Peak.  27.8 us (1.0x), Avg.  27.8 us, Total. 27.80 us (0.0%)
[Performance] WinEditorMain.CurlRequestInitialize                                                                                                  :        1 samples, Peak.  1.60 ms (1.0x), Avg.  1.60 ms, Total. 1.601 ms (0.0%)
[Performance] WinEditorMain.SetupLogFile                                                                                                           :        1 samples, Peak.   939 us (1.0x), Avg.   939 us, Total. 939.1 us (0.0%)
[Performance] WinEditorMain.RunNativeTestsIfRequiredAndExit                                                                                        :        1 samples, Peak. 100.0 ns (1.0x), Avg. 100.0 ns, Total. 100.00 ns (0.0%)
[Performance] WinEditorMain.Licensing                                                                                                              :        1 samples, Peak.  1.54 s (1.0x), Avg.  1.54 s, Total. 1.538 s (2.0%)
[Performance] WinEditorMain.InitializeCrashHandler                                                                                                 :        1 samples, Peak.  12.9 ms (1.0x), Avg.  12.9 ms, Total. 12.91 ms (0.0%)
[Performance] WinEditorMain.CreateApplication                                                                                                      :        1 samples, Peak.  39.4 ms (1.0x), Avg.  39.4 ms, Total. 39.39 ms (0.1%)
[Performance] Application.InitializeProject                                                                                                        :        1 samples, Peak.  64.4 s (1.0x), Avg.  64.4 s, Total. 64.45 s (83.7%)
[Performance] Application.PackageManager.StartServer                                                                                               :        1 samples, Peak.  4.96 ms (1.0x), Avg.  4.96 ms, Total. 4.958 ms (0.0%)
[Performance] Application.AcquireProjectLock                                                                                                       :        1 samples, Peak.  10.8 ms (1.0x), Avg.  10.8 ms, Total. 10.75 ms (0.0%)
[Performance] Application.InitializeEngineNoGraphics                                                                                               :        1 samples, Peak.  77.5 ms (1.0x), Avg.  77.5 ms, Total. 77.46 ms (0.1%)
[Performance] Application.PackageManager.Initialize                                                                                                :        1 samples, Peak.  1.05 s (1.0x), Avg.  1.05 s, Total. 1.050 s (1.4%)
[Performance] Connecting to Package Manager                                                                                                        :      101 samples, Peak.  68.0 us (27.1x), Avg.  2.51 us, Total. 253.1 us (0.0%)
[Performance] Application.EngineGraphics.Initialize                                                                                                :        1 samples, Peak.   464 ms (1.0x), Avg.   464 ms, Total. 464.0 ms (0.6%)
[Performance] Application.GI.Initialize                                                                                                            :        1 samples, Peak.  6.91 ms (1.0x), Avg.  6.91 ms, Total. 6.908 ms (0.0%)
[Performance] Application.LoadAllDefaultResourcesFromEditor                                                                                        :        1 samples, Peak.  2.84 ms (1.0x), Avg.  2.84 ms, Total. 2.841 ms (0.0%)
[Performance] Application.LoadMonoAssemblies                                                                                                       :        1 samples, Peak.   735 ms (1.0x), Avg.   735 ms, Total. 735.0 ms (1.0%)
[Performance] RestoreManagedReferences                                                                                                             :        3 samples, Peak.   305 ms (2.3x), Avg.   135 ms, Total. 403.6 ms (0.5%)
[Performance] InitializeOnLoad DrivenRectTransformUndo                                                                                             :        3 samples, Peak.   488 us (1.0x), Avg.   483 us, Total. 1.449 ms (0.0%)
[Performance] InitializeOnLoad SceneSearch                                                                                                         :        3 samples, Peak.   152 us (1.1x), Avg.   133 us, Total. 397.8 us (0.0%)
[Performance] InitializeOnLoad CloudBuild                                                                                                          :        3 samples, Peak.  5.80 us (1.1x), Avg.  5.20 us, Total. 15.60 us (0.0%)
[Performance] InitializeOnLoad NativeFormatImporterUtility                                                                                         :        3 samples, Peak.  3.01 ms (1.3x), Avg.  2.38 ms, Total. 7.136 ms (0.0%)
[Performance] InitializeOnLoad SearchService                                                                                                       :        3 samples, Peak.   136 us (1.1x), Avg.   125 us, Total. 374.1 us (0.0%)
[Performance] InitializeOnLoad SettingsService                                                                                                     :        3 samples, Peak.  11.9 us (1.2x), Avg.  10.0 us, Total. 30.10 us (0.0%)
[Performance] InitializeOnLoad WindowLayout                                                                                                        :        3 samples, Peak.   926 us (1.2x), Avg.   765 us, Total. 2.296 ms (0.0%)
[Performance] InitializeOnLoad AssetStoreContext                                                                                                   :        3 samples, Peak.  30.9 ms (1.0x), Avg.  29.7 ms, Total. 88.97 ms (0.1%)
[Performance] InitializeOnLoad PoolManager                                                                                                         :        3 samples, Peak.   663 us (1.5x), Avg.   456 us, Total. 1.369 ms (0.0%)
[Performance] InitializeOnLoad MixerEffectDefinitionReloader                                                                                       :        3 samples, Peak.  2.71 ms (1.3x), Avg.  2.14 ms, Total. 6.414 ms (0.0%)
[Performance] InitializeOnLoad ProjectSearch                                                                                                       :        3 samples, Peak.  85.6 us (1.1x), Avg.  75.8 us, Total. 227.3 us (0.0%)
[Performance] InitializeOnLoad UISystemProfilerRenderService                                                                                       :        3 samples, Peak.  17.5 us (1.3x), Avg.  13.6 us, Total. 40.80 us (0.0%)
[Performance] InitializeOnLoad EditMode                                                                                                            :        3 samples, Peak.   749 us (1.3x), Avg.   559 us, Total. 1.677 ms (0.0%)
[Performance] InitializeOnLoad UnityConnect                                                                                                        :        3 samples, Peak.  99.3 us (1.2x), Avg.  80.5 us, Total. 241.6 us (0.0%)
[Performance] InitializeOnLoad ManagedDebugger                                                                                                     :        3 samples, Peak.  1.14 ms (2.4x), Avg.   482 us, Total. 1.446 ms (0.0%)
[Performance] InitializeOnLoad ShortcutIntegration                                                                                                 :        3 samples, Peak.   187 us (1.7x), Avg.   107 us, Total. 321.5 us (0.0%)
[Performance] InitializeOnLoad AddComponentWindow                                                                                                  :        3 samples, Peak.   200 us (1.3x), Avg.   152 us, Total. 456.2 us (0.0%)
[Performance] InitializeOnLoad ManagedDebuggerWindow                                                                                               :        3 samples, Peak.   216 us (1.3x), Avg.   168 us, Total. 502.7 us (0.0%)
[Performance] InitializeOnLoad CacheServerWindow                                                                                                   :        3 samples, Peak.  14.3 us (1.1x), Avg.  12.5 us, Total. 37.50 us (0.0%)
[Performance] InitializeOnLoad PlayModeDownload                                                                                                    :        3 samples, Peak.  7.20 ms (2.8x), Avg.  2.54 ms, Total. 7.630 ms (0.0%)
[Performance] InitializeOnLoad MenuItems                                                                                                           :        3 samples, Peak.   105 us (1.1x), Avg.  97.6 us, Total. 292.7 us (0.0%)
[Performance] InitializeOnLoad PrefabInstanceChangedListener                                                                                       :        3 samples, Peak.   167 us (1.1x), Avg.   158 us, Total. 474.7 us (0.0%)
[Performance] InitializeOnLoad ObjectSelectorSearch                                                                                                :        3 samples, Peak.  93.1 us (1.5x), Avg.  62.4 us, Total. 187.3 us (0.0%)
[Performance] InitializeOnLoad EditorMonitor                                                                                                       :        3 samples, Peak.   798 us (1.2x), Avg.   657 us, Total. 1.971 ms (0.0%)
[Performance] InitializeOnLoad RetainedMode                                                                                                        :        3 samples, Peak.  2.65 ms (1.1x), Avg.  2.43 ms, Total. 7.280 ms (0.0%)
[Performance] InitializeOnLoad EditorShaderLoader                                                                                                  :        3 samples, Peak.   744 us (1.1x), Avg.   688 us, Total. 2.064 ms (0.0%)
[Performance] InitializeOnLoad EditorDelegateRegistration                                                                                          :        3 samples, Peak.   686 us (1.1x), Avg.   626 us, Total. 1.879 ms (0.0%)
[Performance] InitializeOnLoad UIDocumentHierarchyWatcher                                                                                          :        3 samples, Peak.   124 us (1.1x), Avg.   112 us, Total. 337.4 us (0.0%)
[Performance] InitializeOnLoad LiveReloadTrackerCreator                                                                                            :        3 samples, Peak.   295 us (1.3x), Avg.   236 us, Total. 706.7 us (0.0%)
[Performance] InitializeOnLoad UxmlObjectEditorFactories                                                                                           :        3 samples, Peak.   584 us (1.1x), Avg.   512 us, Total. 1.536 ms (0.0%)
[Performance] InitializeOnLoad UXMLEditorFactories                                                                                                 :        3 samples, Peak.  82.1 ms (1.1x), Avg.  77.7 ms, Total. 233.2 ms (0.3%)
[Performance] InitializeOnLoad PurchasingService                                                                                                   :        3 samples, Peak.  9.03 ms (1.1x), Avg.  8.46 ms, Total. 25.39 ms (0.0%)
[Performance] InitializeOnLoad CloudBuildPoller                                                                                                    :        3 samples, Peak.   149 us (1.1x), Avg.   134 us, Total. 403.3 us (0.0%)
[Performance] InitializeOnLoad EditorGameServicesAnalytics                                                                                         :        3 samples, Peak.  3.14 ms (2.2x), Avg.  1.41 ms, Total. 4.242 ms (0.0%)
[Performance] InitializeOnLoad AnalyticsService                                                                                                    :        3 samples, Peak.   400 us (1.4x), Avg.   285 us, Total. 854.6 us (0.0%)
[Performance] InitializeOnLoad BuildService                                                                                                        :        3 samples, Peak.   221 us (1.1x), Avg.   198 us, Total. 592.9 us (0.0%)
[Performance] InitializeOnLoad AdsService                                                                                                          :        3 samples, Peak.   569 us (1.1x), Avg.   529 us, Total. 1.586 ms (0.0%)
[Performance] InitializeOnLoad UDPService                                                                                                          :        3 samples, Peak.   212 us (1.1x), Avg.   196 us, Total. 589.0 us (0.0%)
[Performance] InitializeOnLoad CrashService                                                                                                        :        3 samples, Peak.   226 us (1.2x), Avg.   196 us, Total. 588.6 us (0.0%)
[Performance] InitializeOnLoad ServicesRepository                                                                                                  :        3 samples, Peak.   700 ns (1.2x), Avg.   567 ns, Total. 1.700 us (0.0%)
[Performance] InitializeOnLoad SearchWindow                                                                                                        :        3 samples, Peak.   164 us (1.2x), Avg.   141 us, Total. 422.7 us (0.0%)
[Performance] InitializeOnLoad CustomIndexers                                                                                                      :        3 samples, Peak.  23.4 ms (1.2x), Avg.  19.7 ms, Total. 59.22 ms (0.1%)
[Performance] InitializeOnLoad SearchMonitor                                                                                                       :        3 samples, Peak.  1.47 ms (1.2x), Avg.  1.26 ms, Total. 3.771 ms (0.0%)
[Performance] InitializeOnLoad ParameterControllerEditor                                                                                           :        3 samples, Peak.  19.6 us (1.0x), Avg.  18.9 us, Total. 56.70 us (0.0%)
[Performance] InitializeOnLoad LayerSettingsWindow                                                                                                 :        3 samples, Peak.  26.7 us (1.6x), Avg.  16.7 us, Total. 50.00 us (0.0%)
[Performance] InitializeOnLoad PackageManagerHookGUIDConverter.RegisterPackagesEventHandler                                                        :        3 samples, Peak.  1.00 ms (2.2x), Avg.   452 us, Total. 1.355 ms (0.0%)
[Performance] InitializeOnLoad EditorDragAndDrop.RegisterEditorClient                                                                              :        3 samples, Peak.   424 us (1.3x), Avg.   324 us, Total. 973.1 us (0.0%)
[Performance] InitializeOnLoad EditorEventCallbacks.InitializeFontAssetResourceChangeCallBacks                                                     :        3 samples, Peak.  2.11 ms (1.3x), Avg.  1.61 ms, Total. 4.839 ms (0.0%)
[Performance] InitializeOnLoad SceneTemplateService.Init                                                                                           :        3 samples, Peak.  1.77 ms (1.3x), Avg.  1.38 ms, Total. 4.149 ms (0.0%)
[Performance] InitializeOnLoad DiagnosticSwitchesConsoleMessage.Init                                                                               :        3 samples, Peak.  10.1 ms (1.6x), Avg.  6.33 ms, Total. 18.99 ms (0.0%)
[Performance] InitializeOnLoad PackageManagerWindow.EditorInitializedInSafeMode                                                                    :        3 samples, Peak.  39.9 ms (2.9x), Avg.  13.5 ms, Total. 40.58 ms (0.1%)
[Performance] InitializeOnLoad ToolShortcutContext.Init                                                                                            :        3 samples, Peak.   336 us (1.5x), Avg.   221 us, Total. 663.0 us (0.0%)
[Performance] InitializeOnLoad MemoryProfilerCompilationGuard.InjectCompileGuard                                                                   :        3 samples, Peak.   196 us (1.3x), Avg.   153 us, Total. 457.5 us (0.0%)
[Performance] InitializeOnLoad AssetPostprocessingInternal.RefreshCustomDependencies                                                               :        3 samples, Peak.  4.63 ms (1.3x), Avg.  3.70 ms, Total. 11.09 ms (0.0%)
[Performance] InitializeOnLoad SysrootManager.Initialize                                                                                           :        3 samples, Peak.   742 us (1.2x), Avg.   610 us, Total. 1.830 ms (0.0%)
[Performance] InitializeOnLoad ScopedRegistryAddedPopup.SubscribeToRegistriesAdded                                                                 :        3 samples, Peak.  12.4 ms (1.7x), Avg.  7.49 ms, Total. 22.47 ms (0.0%)
[Performance] InitializeOnLoad SceneVisibilityManager.Initialize                                                                                   :        3 samples, Peak.  6.49 ms (2.0x), Avg.  3.23 ms, Total. 9.686 ms (0.0%)
[Performance] InitializeOnLoad EditorWindow.Initialize                                                                                             :        3 samples, Peak.   598 us (1.4x), Avg.   437 us, Total. 1.310 ms (0.0%)
[Performance] AssemblyReloadEvents.afterAssemblyReload: UnityEditor.SceneTemplate.SceneTemplateService.AfterAssemblyReload                         :        3 samples, Peak.  3.72 ms (1.5x), Avg.  2.51 ms, Total. 7.516 ms (0.0%)
[Performance] ProcessService.EditorAfterLoadAllAssemblies                                                                                          :        3 samples, Peak.   439 us (1.2x), Avg.   370 us, Total. 1.110 ms (0.0%)
[Performance] Application.ReadLicenseInfo                                                                                                          :        1 samples, Peak.  12.7 ms (1.0x), Avg.  12.7 ms, Total. 12.71 ms (0.0%)
[Performance] Application.InitialRefresh                                                                                                           :        1 samples, Peak.  59.5 s (1.0x), Avg.  59.5 s, Total. 59.50 s (77.3%)
[Performance] ShaderImporter.SourceAssetModified                                                                                                   :        2 samples, Peak.  1000 ns (1.2x), Avg.   850 ns, Total. 1.700 us (0.0%)
[Performance] ShaderIncludeImporter.SourceAssetModified                                                                                            :        2 samples, Peak.   700 ns (1.1x), Avg.   650 ns, Total. 1.300 us (0.0%)
[Performance] Compiling Scripts                                                                                                                    :        1 samples, Peak.  7.05 s (1.0x), Avg.  7.05 s, Total. 7.052 s (9.2%)
[Performance] AssemblyReloadEvents.beforeAssemblyReload: UnityEditor.SceneTemplate.SceneTemplateService.BeforeAssemblyReload                       :        2 samples, Peak.   534 us (1.2x), Avg.   436 us, Total. 872.8 us (0.0%)
[Performance] PSDImporterAssetPostProcessor.OnPreprocessAsset                                                                                      :        1 samples, Peak.  1.38 ms (1.0x), Avg.  1.38 ms, Total. 1.381 ms (0.0%)
[Performance] PresetManagerPostProcessor.OnPreprocessAsset                                                                                         :        1 samples, Peak.   295 us (1.0x), Avg.   295 us, Total. 295.2 us (0.0%)
[Performance] CancelSplashScreenOnAssetChange.OnPreprocessAsset                                                                                    :        1 samples, Peak.   152 us (1.0x), Avg.   152 us, Total. 151.9 us (0.0%)
[Performance] ShaderGraphAssetPostProcessor.OnPreprocessAsset                                                                                      :        1 samples, Peak.   184 us (1.0x), Avg.   184 us, Total. 184.4 us (0.0%)
[Performance] SpritePostProcess.OnPreprocessAsset                                                                                                  :        1 samples, Peak.  2.62 ms (1.0x), Avg.  2.62 ms, Total. 2.620 ms (0.0%)
[Performance] InitializeOnLoad TouchSimulation                                                                                                     :        2 samples, Peak.   352 us (1.3x), Avg.   265 us, Total. 530.0 us (0.0%)
[Performance] InitializeOnLoad InputSystem                                                                                                         :        2 samples, Peak.  74.1 ms (1.1x), Avg.  67.8 ms, Total. 135.6 ms (0.2%)
[Performance] InitializeOnLoad InputSystemUIInputModuleEditor                                                                                      :        2 samples, Peak.   139 us (1.0x), Avg.   137 us, Total. 273.5 us (0.0%)
[Performance] InitializeOnLoad EnableUITKEditor                                                                                                    :        2 samples, Peak.  28.1 us (1.0x), Avg.  27.9 us, Total. 55.80 us (0.0%)
[Performance] InitializeOnLoad SpriteEditorWindow                                                                                                  :        2 samples, Peak.   530 us (1.0x), Avg.   521 us, Total. 1.041 ms (0.0%)
[Performance] InitializeOnLoad RegisterCheckResourcesDupeDependencies                                                                              :        2 samples, Peak.  1.37 ms (1.0x), Avg.  1.33 ms, Total. 2.663 ms (0.0%)
[Performance] InitializeOnLoad RegisterCheckBundleDupeDependencies                                                                                 :        2 samples, Peak.   155 us (1.1x), Avg.   143 us, Total. 285.2 us (0.0%)
[Performance] InitializeOnLoad AddressableEditorInitialization                                                                                     :        2 samples, Peak.  4.57 ms (1.1x), Avg.  4.31 ms, Total. 8.615 ms (0.0%)
[Performance] InitializeOnLoad GroupsPopupWindow                                                                                                   :        2 samples, Peak.  7.60 us (1.1x), Avg.  7.10 us, Total. 14.20 us (0.0%)
[Performance] InitializeOnLoad GlobalInitialization                                                                                                :        2 samples, Peak.   468 us (1.0x), Avg.   454 us, Total. 908.5 us (0.0%)
[Performance] InitializeOnLoad RegisterCheckSceneDupeDependencies                                                                                  :        2 samples, Peak.   102 us (1.0x), Avg.  99.9 us, Total. 199.8 us (0.0%)
[Performance] InitializeOnLoad RegisterBuildBundleLayout                                                                                           :        2 samples, Peak.  81.3 us (1.0x), Avg.  81.3 us, Total. 162.6 us (0.0%)
[Performance] InitializeOnLoad AddressableAssetInspectorGUI                                                                                        :        2 samples, Peak.  32.3 ms (1.7x), Avg.  18.7 ms, Total. 37.40 ms (0.0%)
[Performance] EditorResources.Load                                                                                                                 :       18 samples, Peak.  26.5 ms (17.5x), Avg.  1.52 ms, Total. 27.31 ms (0.0%)
[Performance] InitializeOnLoad PrefColorBridge                                                                                                     :        2 samples, Peak.   977 us (1.4x), Avg.   709 us, Total. 1.419 ms (0.0%)
[Performance] InitializeOnLoad AssetTableAnalyzeRule                                                                                               :        2 samples, Peak.   541 us (1.2x), Avg.   469 us, Total. 937.6 us (0.0%)
[Performance] InitializeOnLoad GameViewLanguageMenu                                                                                                :        2 samples, Peak.   804 us (1.2x), Avg.   683 us, Total. 1.366 ms (0.0%)
[Performance] InitializeOnLoad DrivenPropertyDrawer                                                                                                :        2 samples, Peak.   311 us (1.1x), Avg.   274 us, Total. 547.3 us (0.0%)
[Performance] InitializeOnLoad LocalizeComponent                                                                                                   :        2 samples, Peak.  2.94 ms (1.1x), Avg.  2.77 ms, Total. 5.546 ms (0.0%)
[Performance] InitializeOnLoad LocalizeComponent_UGUI                                                                                              :        2 samples, Peak.   532 us (1.0x), Avg.   525 us, Total. 1.050 ms (0.0%)
[Performance] InitializeOnLoad LocalizeComponent_TMPro                                                                                             :        2 samples, Peak.   150 us (1.0x), Avg.   150 us, Total. 299.5 us (0.0%)
[Performance] InitializeOnLoad StringTableAnalyzeRule                                                                                              :        2 samples, Peak.   234 us (1.0x), Avg.   226 us, Total. 451.4 us (0.0%)
[Performance] InitializeOnLoad ScenePropertyTracker                                                                                                :        2 samples, Peak.   236 us (1.0x), Avg.   230 us, Total. 460.9 us (0.0%)
[Performance] InitializeOnLoad ContextualPropertyMenu                                                                                              :        2 samples, Peak.   238 us (1.0x), Avg.   238 us, Total. 476.3 us (0.0%)
[Performance] InitializeOnLoad LocaleAnalyzeRule                                                                                                   :        2 samples, Peak.   146 us (1.0x), Avg.   142 us, Total. 285.0 us (0.0%)
[Performance] InitializeOnLoad ChainIgnitionSkillSetup                                                                                             :        2 samples, Peak.   227 us (1.0x), Avg.   225 us, Total. 449.3 us (0.0%)
[Performance] InitializeOnLoad RelicGachaSync                                                                                                      :        2 samples, Peak.   225 us (1.0x), Avg.   217 us, Total. 434.6 us (0.0%)
[Performance] InitializeOnLoad TargetMakerSetup                                                                                                    :        2 samples, Peak.  80.6 us (1.0x), Avg.  78.6 us, Total. 157.3 us (0.0%)
[Performance] InitializeOnLoad WeaponSkillUIAssetOrganizer                                                                                         :        2 samples, Peak.  82.1 us (1.1x), Avg.  77.4 us, Total. 154.9 us (0.0%)
[Performance] InitializeOnLoad TrainingDummySetup                                                                                                  :        2 samples, Peak.   281 us (1.0x), Avg.   274 us, Total. 547.5 us (0.0%)
[Performance] InitializeOnLoad WeaponOffsetSaveReservation                                                                                         :        2 samples, Peak.   121 us (1.0x), Avg.   117 us, Total. 234.0 us (0.0%)
[Performance] InitializeOnLoad LayLaserWeaponVerification                                                                                          :        2 samples, Peak.  1.21 ms (1.3x), Avg.   919 us, Total. 1.839 ms (0.0%)
[Performance] InitializeOnLoad DebugPanelStatsVerification                                                                                         :        2 samples, Peak.  88.5 us (1.1x), Avg.  78.3 us, Total. 156.6 us (0.0%)
[Performance] InitializeOnLoad RelicPresentationVerification                                                                                       :        2 samples, Peak.   324 us (1.0x), Avg.   309 us, Total. 618.4 us (0.0%)
[Performance] InitializeOnLoad RootiUpgradeRelicSetup                                                                                              :        2 samples, Peak.  81.9 us (1.1x), Avg.  71.6 us, Total. 143.2 us (0.0%)
[Performance] InitializeOnLoad ChargeRelicVerification                                                                                             :        2 samples, Peak.  74.5 us (1.1x), Avg.  64.9 us, Total. 129.9 us (0.0%)
[Performance] InitializeOnLoad RootiUpgradeVerification                                                                                            :        2 samples, Peak.   306 us (1.1x), Avg.   285 us, Total. 569.5 us (0.0%)
[Performance] InitializeOnLoad BlastCompanionRelicSetup                                                                                            :        2 samples, Peak.  78.6 us (1.1x), Avg.  70.5 us, Total. 140.9 us (0.0%)
[Performance] InitializeOnLoad GuardianStaffWeaponSetup                                                                                            :        2 samples, Peak.  72.8 us (1.1x), Avg.  65.6 us, Total. 131.3 us (0.0%)
[Performance] InitializeOnLoad WindStoneRelicVerification                                                                                          :        2 samples, Peak.   243 us (1.1x), Avg.   213 us, Total. 425.4 us (0.0%)
[Performance] InitializeOnLoad OpapaRelicSetup                                                                                                     :        2 samples, Peak.  74.7 us (1.1x), Avg.  65.4 us, Total. 130.8 us (0.0%)
[Performance] InitializeOnLoad InventoryIconVerification                                                                                           :        2 samples, Peak.   178 us (1.2x), Avg.   154 us, Total. 308.1 us (0.0%)
[Performance] InitializeOnLoad ObjectPoolingVerification                                                                                           :        2 samples, Peak.   169 us (1.0x), Avg.   161 us, Total. 322.2 us (0.0%)
[Performance] InitializeOnLoad HomingMagicSetup                                                                                                    :        2 samples, Peak.  76.4 us (1.1x), Avg.  67.5 us, Total. 135.1 us (0.0%)
[Performance] InitializeOnLoad PyroTankSkillSetup                                                                                                  :        2 samples, Peak.  71.1 us (1.1x), Avg.  61.9 us, Total. 123.9 us (0.0%)
[Performance] InitializeOnLoad SpiritsGuidanceAnimationSetup                                                                                       :        2 samples, Peak.  72.7 us (1.1x), Avg.  63.6 us, Total. 127.2 us (0.0%)
[Performance] InitializeOnLoad LaserOffsetBatch                                                                                                    :        2 samples, Peak.   182 us (1.2x), Avg.   157 us, Total. 314.6 us (0.0%)
[Performance] InitializeOnLoad SkillTooltipVerification                                                                                            :        2 samples, Peak.   185 us (1.2x), Avg.   160 us, Total. 320.1 us (0.0%)
[Performance] InitializeOnLoad RelicPresentationSetup                                                                                              :        2 samples, Peak.  72.0 us (1.1x), Avg.  62.7 us, Total. 125.3 us (0.0%)
[Performance] InitializeOnLoad RootiRelicSetup                                                                                                     :        2 samples, Peak.  70.6 us (1.1x), Avg.  61.9 us, Total. 123.8 us (0.0%)
[Performance] InitializeOnLoad InventoryEquipmentSwapVerification                                                                                  :        2 samples, Peak.   186 us (1.3x), Avg.   142 us, Total. 284.5 us (0.0%)
[Performance] InitializeOnLoad WindStoneRelicSetup                                                                                                 :        2 samples, Peak.  74.8 us (1.2x), Avg.  63.0 us, Total. 126.0 us (0.0%)
[Performance] InitializeOnLoad EffectSizeVerification                                                                                              :        2 samples, Peak.  68.8 us (1.2x), Avg.  59.2 us, Total. 118.5 us (0.0%)
[Performance] InitializeOnLoad GenerateSkillRelics                                                                                                 :        2 samples, Peak.   604 us (1.3x), Avg.   482 us, Total. 964.2 us (0.0%)
[Performance] InitializeOnLoad BoomMakerRelicSetup                                                                                                 :        2 samples, Peak.   108 us (1.3x), Avg.  83.7 us, Total. 167.5 us (0.0%)
[Performance] InitializeOnLoad HomingMagicVerification                                                                                             :        2 samples, Peak.   291 us (1.1x), Avg.   265 us, Total. 529.1 us (0.0%)
[Performance] InitializeOnLoad SkillTooltipSetup                                                                                                   :        2 samples, Peak.  70.7 us (1.1x), Avg.  64.5 us, Total. 129.0 us (0.0%)
[Performance] InitializeOnLoad EnemyHitAreaSetup                                                                                                   :        2 samples, Peak.  96.1 us (1.1x), Avg.  88.0 us, Total. 176.0 us (0.0%)
[Performance] InitializeOnLoad TargetMakerVerification                                                                                             :        2 samples, Peak.   300 us (1.2x), Avg.   248 us, Total. 495.9 us (0.0%)
[Performance] InitializeOnLoad GuardianStaffWeaponVerification                                                                                     :        2 samples, Peak.   446 us (1.2x), Avg.   366 us, Total. 732.9 us (0.0%)
[Performance] InitializeOnLoad ChainIgnitionSkillVerification                                                                                      :        2 samples, Peak.   611 us (1.2x), Avg.   522 us, Total. 1.045 ms (0.0%)
[Performance] InitializeOnLoad PyroTankSkillVerification                                                                                           :        2 samples, Peak.   271 us (1.1x), Avg.   253 us, Total. 506.7 us (0.0%)
[Performance] InitializeOnLoad InventorySlotFrameSetup                                                                                             :        2 samples, Peak.   287 us (1.2x), Avg.   234 us, Total. 467.6 us (0.0%)
[Performance] InitializeOnLoad BurstLoader                                                                                                         :        2 samples, Peak.  3.15 s (2.0x), Avg.  1.59 s, Total. 3.176 s (4.1%)
[Performance] InitializeOnLoad EditorToolManager                                                                                                   :        4 samples, Peak.  3.62 ms (2.1x), Avg.  1.73 ms, Total. 6.923 ms (0.0%)
[Performance] InitializeOnLoad SceneDragAndDrop                                                                                                    :        2 samples, Peak.   366 us (1.3x), Avg.   288 us, Total. 576.5 us (0.0%)
[Performance] InitializeOnLoad SpriteShapeUpdateCache                                                                                              :        2 samples, Peak.   823 us (1.2x), Avg.   696 us, Total. 1.391 ms (0.0%)
[Performance] InitializeOnLoad SpriteShapeUnityAnalyticsStorage                                                                                    :        2 samples, Peak.  29.5 us (1.1x), Avg.  27.0 us, Total. 54.00 us (0.0%)
[Performance] InitializeOnLoad ShadowCasterGroup2DManager                                                                                          :        2 samples, Peak.   106 us (1.2x), Avg.  86.7 us, Total. 173.3 us (0.0%)
[Performance] InitializeOnLoad ProbeGIBaking                                                                                                       :        2 samples, Peak.  3.93 ms (1.1x), Avg.  3.54 ms, Total. 7.076 ms (0.0%)
[Performance] InitializeOnLoad FilterWindow                                                                                                        :        2 samples, Peak.  71.6 us (1.2x), Avg.  59.3 us, Total. 118.7 us (0.0%)
[Performance] InitializeOnLoad RealtimeProbeSubdivisionDebug                                                                                       :        2 samples, Peak.  1.77 ms (1.1x), Avg.  1.57 ms, Total. 3.136 ms (0.0%)
[Performance] InitializeOnLoad NodeClassCache                                                                                                      :        2 samples, Peak.  13.8 us (1.3x), Avg.  10.6 us, Total. 21.10 us (0.0%)
[Performance] InitializeOnLoad ShaderGraphMaterialsUpdater                                                                                         :        4 samples, Peak.   668 us (1.7x), Avg.   384 us, Total. 1.535 ms (0.0%)
[Performance] InitializeOnLoad Renderer2DAnalytics                                                                                                 :        2 samples, Peak.   236 us (1.1x), Avg.   211 us, Total. 421.6 us (0.0%)
[Performance] InitializeOnLoad BackgroundWatcher                                                                                                   :        2 samples, Peak.   203 us (1.1x), Avg.   184 us, Total. 368.9 us (0.0%)
[Performance] InitializeOnLoad UnityTestProtocolStarter                                                                                            :        2 samples, Peak.   326 us (1.2x), Avg.   266 us, Total. 532.2 us (0.0%)
[Performance] InitializeOnLoad TestStarter                                                                                                         :        2 samples, Peak.   978 us (1.0x), Avg.   945 us, Total. 1.890 ms (0.0%)
[Performance] InitializeOnLoad RerunCallbackInitializer                                                                                            :        2 samples, Peak.  7.14 ms (1.3x), Avg.  5.67 ms, Total. 11.33 ms (0.0%)
[Performance] InitializeOnLoad RiderScriptEditor                                                                                                   :        2 samples, Peak.  13.0 ms (1.1x), Avg.  12.2 ms, Total. 24.38 ms (0.0%)
[Performance] InitializeOnLoad CallbackInitializer                                                                                                 :        2 samples, Peak.  2.35 ms (1.9x), Avg.  1.23 ms, Total. 2.462 ms (0.0%)
[Performance] InitializeOnLoad PlasticPlugin                                                                                                       :        2 samples, Peak.   345 ms (1.1x), Avg.   302 ms, Total. 603.2 ms (0.8%)
[Performance] InitializeOnLoad ToolbarBootstrap                                                                                                    :        2 samples, Peak.  47.5 ms (1.1x), Avg.  43.8 ms, Total. 87.60 ms (0.1%)
[Performance] InitializeOnLoad BackgroundImport                                                                                                    :        2 samples, Peak.   188 us (1.0x), Avg.   179 us, Total. 358.7 us (0.0%)
[Performance] InitializeOnLoad VSUsageUtility                                                                                                      :        2 samples, Peak.  47.8 ms (2.0x), Avg.  24.4 ms, Total. 48.87 ms (0.1%)
[Performance] InitializeOnLoad VisualStudioEditor                                                                                                  :        4 samples, Peak.  8.25 ms (1.4x), Avg.  6.03 ms, Total. 24.12 ms (0.0%)
[Performance] InitializeOnLoad TestRunnerApiListener                                                                                               :        4 samples, Peak.  1.33 ms (1.8x), Avg.   733 us, Total. 2.931 ms (0.0%)
[Performance] InitializeOnLoad VisualStudioIntegration                                                                                             :        4 samples, Peak.  2.54 ms (1.6x), Avg.  1.61 ms, Total. 6.457 ms (0.0%)
[Performance] InitializeOnLoad PrefabLayoutRebuilder                                                                                               :        2 samples, Peak.   512 us (1.3x), Avg.   392 us, Total. 784.8 us (0.0%)
[Performance] InitializeOnLoad SpriteSkinCompositeStartup                                                                                          :        2 samples, Peak.  18.6 ms (1.2x), Avg.  15.3 ms, Total. 30.54 ms (0.0%)
[Performance] InitializeOnLoad UnityAnalyticsStorage                                                                                               :        2 samples, Peak.   708 us (1.0x), Avg.   687 us, Total. 1.375 ms (0.0%)
[Performance] InitializeOnLoad BoneGizmoInitializer                                                                                                :        2 samples, Peak.  5.99 ms (1.3x), Avg.  4.56 ms, Total. 9.121 ms (0.0%)
[Performance] InitializeOnLoad Analytics                                                                                                           :        2 samples, Peak.   437 us (1.0x), Avg.   425 us, Total. 849.8 us (0.0%)
[Performance] InitializeOnLoad NavigationWindow                                                                                                    :        2 samples, Peak.   902 us (1.1x), Avg.   826 us, Total. 1.652 ms (0.0%)
[Performance] InitializeOnLoad Addressables.RegisterPlayModeStateChange                                                                            :        2 samples, Peak.   113 us (1.1x), Avg.   102 us, Total. 203.4 us (0.0%)
[Performance] InitializeOnLoad AssetReference.RegisterForPlaymodeChange                                                                            :        2 samples, Peak.   619 us (1.3x), Avg.   487 us, Total. 973.7 us (0.0%)
[Performance] InitializeOnLoad IKEditorManager.CreateInstance                                                                                      :        2 samples, Peak.  3.96 ms (1.6x), Avg.  2.44 ms, Total. 4.876 ms (0.0%)
[Performance] InitializeOnLoad $BurstDirectCallInitializer.Initialize                                                                              :       14 samples, Peak.  20.0 ms (4.0x), Avg.  5.02 ms, Total. 70.25 ms (0.1%)
[Performance] InitializeOnLoad SceneViewGridManager.Initialize                                                                                     :        2 samples, Peak.  6.17 ms (1.3x), Avg.  4.79 ms, Total. 9.574 ms (0.0%)
[Performance] InitializeOnLoad TilemapPrefabStageHelper.Initialize                                                                                 :        2 samples, Peak.  2.23 ms (1.4x), Avg.  1.55 ms, Total. 3.093 ms (0.0%)
[Performance] InitializeOnLoad SceneViewOpenTilePaletteHelper.Initialize                                                                           :        2 samples, Peak.  2.47 ms (1.7x), Avg.  1.41 ms, Total. 2.820 ms (0.0%)
[Performance] InitializeOnLoad TileDragAndDropManager.Initialize                                                                                   :        2 samples, Peak.  1.34 ms (1.9x), Avg.   717 us, Total. 1.433 ms (0.0%)
[Performance] InitializeOnLoad AddressableAssetSettings.RegisterWithAssetPostProcessor                                                             :        2 samples, Peak.   535 us (1.1x), Avg.   497 us, Total. 993.7 us (0.0%)
[Performance] InitializeOnLoad AddressableAssetSettings.CheckCCDStatus                                                                             :        2 samples, Peak.   109 us (1.1x), Avg.  94.9 us, Total. 189.7 us (0.0%)
[Performance] InitializeOnLoad ProfileDataSourceSettings.InitializeCloudEnvironment                                                                :        2 samples, Peak.   382 us (1.2x), Avg.   318 us, Total. 636.6 us (0.0%)
[Performance] InitializeOnLoad AddressablesBuildScriptHooks.Init                                                                                   :        2 samples, Peak.  94.5 us (1.2x), Avg.  81.9 us, Total. 163.8 us (0.0%)
[Performance] InitializeOnLoad AddressablesPlayerBuildProcessor.CleanTemporaryPlayerBuildData                                                      :        2 samples, Peak.  1.20 ms (1.2x), Avg.  1.02 ms, Total. 2.030 ms (0.0%)
[Performance] InitializeOnLoad VisualStudioEditor.LegacyVisualStudioCodePackageDisabler                                                            :        4 samples, Peak.  1.37 ms (2.0x), Avg.   697 us, Total. 2.788 ms (0.0%)
[Performance] InitializeOnLoad InputSystemPackageControl.SubscribePackageManagerEvent                                                              :        2 samples, Peak.   269 us (1.1x), Avg.   234 us, Total. 468.7 us (0.0%)
[Performance] InitializeOnLoad InputSystemPluginControl.CheckForExtension                                                                          :        2 samples, Peak.  3.16 ms (1.2x), Avg.  2.54 ms, Total. 5.078 ms (0.0%)
[Performance] InitializeOnLoad MaterialReimporter.RegisterUpgraderReimport                                                                         :        4 samples, Peak.   289 us (1.9x), Avg.   152 us, Total. 608.6 us (0.0%)
[Performance] InitializeOnLoad BackgroundImport.Setup                                                                                              :        2 samples, Peak.  3.61 ms (1.8x), Avg.  2.03 ms, Total. 4.053 ms (0.0%)
[Performance] InitializeOnLoad TestJobDataHolder.ResumeRunningJobs                                                                                 :        2 samples, Peak.  1.41 ms (1.8x), Avg.   775 us, Total. 1.551 ms (0.0%)
[Performance] InitializeOnLoad AnalyticsReporter.RegisterCallbacks                                                                                 :        2 samples, Peak.   724 us (1.3x), Avg.   540 us, Total. 1.079 ms (0.0%)
[Performance] InitializeOnLoad DebugManagerWindowLifetimeAnalytic.SubscribeToDebugManagerOpenCloseWindows                                          :        2 samples, Peak.   575 us (1.1x), Avg.   536 us, Total. 1.071 ms (0.0%)
[Performance] InitializeOnLoad CoreRenderPipelinePreferences.InitPreferenceProviders                                                               :        2 samples, Peak.  50.4 ms (1.2x), Avg.  41.2 ms, Total. 82.36 ms (0.1%)
[Performance] InitializeOnLoad VolumeGizmoDrawer.InitVolumeGizmoCallbacks                                                                          :        2 samples, Peak.   479 us (1.1x), Avg.   436 us, Total. 871.0 us (0.0%)
[Performance] DidReloadScriptsAdvancedDropdownWindow.OnScriptReload                                                                                :        4 samples, Peak.   682 us (1.4x), Avg.   498 us, Total. 1.990 ms (0.0%)
[Performance] DidReloadScriptsNavMeshExtension.OnScriptReload                                                                                      :        2 samples, Peak.   985 us (1.5x), Avg.   666 us, Total. 1.333 ms (0.0%)
[Performance] DidReloadScriptsTestRunnerWindow.CompilationCallback                                                                                 :        2 samples, Peak.   287 us (1.2x), Avg.   236 us, Total. 472.4 us (0.0%)
[Performance] DidReloadScriptsTestListCache.ScriptReloaded                                                                                         :        2 samples, Peak.  2.60 ms (1.9x), Avg.  1.37 ms, Total. 2.737 ms (0.0%)
[Performance] DidReloadScriptsLookDev.OnEditorReload                                                                                               :        2 samples, Peak.   400 us (1.1x), Avg.   376 us, Total. 752.7 us (0.0%)
[Performance] DidReloadScriptsDebugWindow.OnEditorReload                                                                                           :        2 samples, Peak.  6.17 ms (1.1x), Avg.  5.51 ms, Total. 11.03 ms (0.0%)
[Performance] DidReloadScriptsVolumeComponentEditor.OnEditorReload                                                                                 :        2 samples, Peak.  24.2 ms (1.1x), Avg.  22.7 ms, Total. 45.38 ms (0.1%)
[Performance] AssemblyReloadEvents.afterAssemblyReload: UnityEditor.U2D.Animation.BoneGizmo.OnAfterAssemblyReload                                  :        2 samples, Peak.   928 us (1.0x), Avg.   916 us, Total. 1.833 ms (0.0%)
[Performance] AssetDatabase.ImportAssets                                                                                                           :        3 samples, Peak.  1.40 us (2.0x), Avg.   700 ns, Total. 2.100 us (0.0%)
[Performance] VersionControl.Task.Wait                                                                                                             :        1 samples, Peak.  10.2 us (1.0x), Avg.  10.2 us, Total. 10.20 us (0.0%)
[Performance] MilestoneAssetPostprocessor.OnPostprocessAllAssets                                                                                   :        2 samples, Peak.   845 us (1.1x), Avg.   768 us, Total. 1.537 ms (0.0%)
[Performance] OpapaRelicAssetPostprocessor.OnPostprocessAllAssets                                                                                  :        2 samples, Peak.   282 us (1.0x), Avg.   280 us, Total. 560.2 us (0.0%)
[Performance] RelicAssetPostprocessor.OnPostprocessAllAssets                                                                                       :        2 samples, Peak.   359 ms (1.0x), Avg.   359 ms, Total. 718.7 ms (0.9%)
[Performance] SkillAssetPostprocessor.OnPostprocessAllAssets                                                                                       :        2 samples, Peak.   573 us (1.0x), Avg.   571 us, Total. 1.143 ms (0.0%)
[Performance] TMPro_TexturePostProcessor.OnPostprocessAllAssets                                                                                    :        2 samples, Peak.   431 us (1.0x), Avg.   426 us, Total. 852.0 us (0.0%)
[Performance] AssetPostprocessor.OnPostprocessAllAssets                                                                                            :        2 samples, Peak.   799 us (1.0x), Avg.   798 us, Total. 1.595 ms (0.0%)
[Performance] BuilderAssetPostprocessor.OnPostprocessAllAssets                                                                                     :        2 samples, Peak.  4.70 ms (1.0x), Avg.  4.70 ms, Total. 9.390 ms (0.0%)
[Performance] AddressablesAssetPostProcessor.OnPostprocessAllAssets                                                                                :        2 samples, Peak.  1.22 ms (1.0x), Avg.  1.21 ms, Total. 2.428 ms (0.0%)
[Performance] ArtifactBrowserPostProcessor.OnPostprocessAllAssets                                                                                  :        2 samples, Peak.   531 us (1.0x), Avg.   529 us, Total. 1.058 ms (0.0%)
[Performance] AssetEvents.OnPostprocessAllAssets                                                                                                   :        4 samples, Peak.   521 us (1.8x), Avg.   297 us, Total. 1.189 ms (0.0%)
[Performance] AudioMixerPostprocessor.OnPostprocessAllAssets                                                                                       :        2 samples, Peak.   376 us (1.0x), Avg.   375 us, Total. 750.0 us (0.0%)
[Performance] StyleCatalogPostProcessor.OnPostprocessAllAssets                                                                                     :        2 samples, Peak.  27.5 ms (1.0x), Avg.  27.5 ms, Total. 54.99 ms (0.1%)
[Performance] BuildCatalog                                                                                                                         :        1 samples, Peak.  26.4 ms (1.0x), Avg.  26.4 ms, Total. 26.39 ms (0.0%)
[Performance] ModelImporterPostProcessor.OnPostprocessAllAssets                                                                                    :        2 samples, Peak.  1.84 ms (1.0x), Avg.  1.83 ms, Total. 3.664 ms (0.0%)
[Performance] MaterialPostprocessor.OnPostprocessAllAssets                                                                                         :        4 samples, Peak.   966 us (1.1x), Avg.   890 us, Total. 3.560 ms (0.0%)
[Performance] UniversalRenderPipelineGlobalSettingsPostprocessor.OnPostprocessAllAssets                                                            :        4 samples, Peak.  1.25 ms (1.1x), Avg.  1.10 ms, Total. 4.387 ms (0.0%)
[Performance] RetainedModeAssetPostprocessor.OnPostprocessAllAssets                                                                                :        2 samples, Peak.  2.57 ms (1.0x), Avg.  2.56 ms, Total. 5.128 ms (0.0%)
[Performance] AssetChangedListener.OnPostprocessAllAssets                                                                                          :        2 samples, Peak.  7.30 ms (1.0x), Avg.  7.30 ms, Total. 14.60 ms (0.0%)
[Performance] PostProcessor.OnPostprocessAllAssets                                                                                                 :        2 samples, Peak.   493 us (1.0x), Avg.   482 us, Total. 964.6 us (0.0%)
[Performance] ShaderGraphAssetPostProcessor.OnPostprocessAllAssets                                                                                 :        2 samples, Peak.  2.54 ms (1.0x), Avg.  2.53 ms, Total. 5.054 ms (0.0%)
[Performance] SpeedTreePostProcessor.OnPostprocessAllAssets                                                                                        :        2 samples, Peak.   226 us (1.1x), Avg.   210 us, Total. 420.6 us (0.0%)
[Performance] TextAssetPostProcessor.OnPostprocessAllAssets                                                                                        :        2 samples, Peak.   689 us (1.0x), Avg.   672 us, Total. 1.343 ms (0.0%)
[Performance] AssetProcessor.OnPostprocessAllAssets                                                                                                :        6 samples, Peak.  4.43 ms (2.0x), Avg.  2.26 ms, Total. 13.55 ms (0.0%)
[Performance] SpriteLibraryAssetPostprocessor.OnPostprocessAllAssets                                                                               :        2 samples, Peak.   343 us (1.1x), Avg.   325 us, Total. 649.8 us (0.0%)
[Performance] PSDImporterAssetPostProcessor.OnPostprocessAllAssets                                                                                 :        2 samples, Peak.   125 us (1.0x), Avg.   123 us, Total. 246.6 us (0.0%)
[Performance] PSDImportPostProcessor.OnPostprocessAllAssets                                                                                        :        2 samples, Peak.   135 us (1.0x), Avg.   134 us, Total. 268.0 us (0.0%)
[Performance] SpriteEditorTexturePostprocessor.OnPostprocessAllAssets                                                                              :        2 samples, Peak.   362 us (1.0x), Avg.   361 us, Total. 721.3 us (0.0%)
[Performance] SpriteShapeAssetPostProcessor.OnPostprocessAllAssets                                                                                 :        2 samples, Peak.   582 us (1.1x), Avg.   535 us, Total. 1.071 ms (0.0%)
[Performance] AssetPathToTypes.OnPostprocessAllAssets                                                                                              :        2 samples, Peak.   414 us (1.0x), Avg.   399 us, Total. 798.9 us (0.0%)
[Performance] InputActionAssetPostprocessor.OnPostprocessAllAssets                                                                                 :        4 samples, Peak.   757 us (1.2x), Avg.   641 us, Total. 2.563 ms (0.0%)
[Performance] InputActionJsonNameModifierAssetProcessor.OnPostprocessAllAssets                                                                     :        4 samples, Peak.   222 us (1.7x), Avg.   129 us, Total. 516.4 us (0.0%)
[Performance] ProjectSettingsPostprocessor.OnPostprocessAllAssets                                                                                  :        4 samples, Peak.   310 us (1.5x), Avg.   212 us, Total. 848.5 us (0.0%)
[Performance] LocalizationAssetPostProcessor.OnPostprocessAllAssets                                                                                :        2 samples, Peak.  1.52 ms (1.0x), Avg.  1.52 ms, Total. 3.041 ms (0.0%)
[Performance] SyncVS.PostprocessSyncProject                                                                                                        :        2 samples, Peak.  19.2 ms (1.1x), Avg.  16.9 ms, Total. 33.88 ms (0.0%)
[Performance] Application.ImportPackagesAndSetTemplateWhenCreatingProject                                                                          :        1 samples, Peak.  17.7 ms (1.0x), Avg.  17.7 ms, Total. 17.66 ms (0.0%)
[Performance] Application.SyncCurrentColorSpace                                                                                                    :        1 samples, Peak.   291 ms (1.0x), Avg.   291 ms, Total. 291.2 ms (0.4%)
[Performance] Application.OnUsbDevicesChanged                                                                                                      :        1 samples, Peak.  1.96 ms (1.0x), Avg.  1.96 ms, Total. 1.956 ms (0.0%)
[Performance] Application.AssetInstanceCacheUpdate                                                                                                 :        1 samples, Peak.   200 ns (1.0x), Avg.   200 ns, Total. 200.0 ns (0.0%)
[Performance] Application.UnityExtensions.Initialize                                                                                               :        1 samples, Peak.  8.13 ms (1.0x), Avg.  8.13 ms, Total. 8.131 ms (0.0%)
[Performance] CodeEditorProjectSync.SyncEditorProject                                                                                              :        1 samples, Peak.   969 ms (1.0x), Avg.   969 ms, Total. 968.6 ms (1.3%)
[Performance] Application.ExecuteStartups                                                                                                          :        1 samples, Peak.  77.3 ms (1.0x), Avg.  77.3 ms, Total. 77.33 ms (0.1%)
[Performance] Menu.RegisterMenuInterface                                                                                                           :       26 samples, Peak.  2.10 us (6.4x), Avg.   327 ns, Total. 8.500 us (0.0%)
[Performance] Gizmo.RebuildRenderers                                                                                                               :        3 samples, Peak.  70.3 ms (1.7x), Avg.  42.0 ms, Total. 125.9 ms (0.2%)
[Performance] Gizmo.AddGizmoRenderers                                                                                                              :      372 samples, Peak.  2.96 ms (82.1x), Avg.  36.0 us, Total. 13.41 ms (0.0%)
[Performance] Application.editorInitializingProject                                                                                                :        1 samples, Peak.   243 ms (1.0x), Avg.   243 ms, Total. 243.0 ms (0.3%)
[Performance] Application.FinishLoadingProject                                                                                                     :        1 samples, Peak.  1.86 s (1.0x), Avg.  1.86 s, Total. 1.855 s (2.4%)
[Performance] Application.InitializeMenu                                                                                                           :        1 samples, Peak.   275 ms (1.0x), Avg.   275 ms, Total. 274.6 ms (0.4%)
[Performance] Menu.RebuildAll                                                                                                                      :        1 samples, Peak.   275 ms (1.0x), Avg.   275 ms, Total. 274.6 ms (0.4%)
[Performance] Menu.BuildRegisteredMenuInterfaces                                                                                                   :        1 samples, Peak.   270 ms (1.0x), Avg.   270 ms, Total. 269.8 ms (0.4%)
[Performance] Menu.FilterMenuItem                                                                                                                  :     1164 samples, Peak.  49.3 ms (799.6x), Avg.  61.7 us, Total. 71.78 ms (0.1%)
[Performance] UpdateAllMenus                                                                                                                       :        1 samples, Peak.   937 us (1.0x), Avg.   937 us, Total. 936.8 us (0.0%)
[Performance] Menu.RebuildOSMainMenu                                                                                                               :        2 samples, Peak.  4.41 ms (1.1x), Avg.  3.93 ms, Total. 7.858 ms (0.0%)
[Performance] EditorSceneManager.sceneClosing: UnityEditor.SceneVisibilityManager.EditorSceneManagerOnSceneClosing                                 :        3 samples, Peak.   478 us (1.8x), Avg.   259 us, Total. 778.5 us (0.0%)
[Performance] GUIView.RepaintAll.PlayerLoopController                                                                                              :     1517 samples, Peak.  32.6 us (66.2x), Avg.   493 ns, Total. 747.6 us (0.0%)
[Performance] EditorSceneManager.newSceneCreated: UnityEditor.SceneTemplate.SceneTemplateService.OnNewSceneCreated                                 :        1 samples, Peak.   347 us (1.0x), Avg.   347 us, Total. 346.7 us (0.0%)
[Performance] EditorSceneManager.newSceneCreated: UnityEditor.SceneVisibilityManager.EditorSceneManagerOnNewSceneCreated                           :        1 samples, Peak.   300 us (1.0x), Avg.   300 us, Total. 300.4 us (0.0%)
[Performance] EditorSceneManager.newSceneCreated: UnityEditor.SceneManagement.StageNavigationManager.OnNewSceneCreated                             :        1 samples, Peak.  84.2 us (1.0x), Avg.  84.2 us, Total. 84.20 us (0.0%)
[Performance] Application.InvokeFinishedLoadingProject                                                                                             :        1 samples, Peak.  25.8 ms (1.0x), Avg.  25.8 ms, Total. 25.84 ms (0.0%)
[Performance] ProcessService.OnProjectLoaded                                                                                                       :        1 samples, Peak.  88.9 us (1.0x), Avg.  88.9 us, Total. 88.90 us (0.0%)
[Performance] EditorSceneManager.sceneOpening: UnityEditor.SceneVisibilityManager.EditorSceneManagerOnSceneOpening                                 :        1 samples, Peak.   192 us (1.0x), Avg.   192 us, Total. 192.2 us (0.0%)
[Performance] Inspector.InitOrRebuild                                                                                                              :        2 samples, Peak.  1.98 ms (1.4x), Avg.  1.37 ms, Total. 2.739 ms (0.0%)
[Performance] EditorSceneManager.sceneOpened: UnityEditor.SceneTemplate.SceneTemplateService.OnSceneOpened                                         :        1 samples, Peak.   230 us (1.0x), Avg.   230 us, Total. 229.8 us (0.0%)
[Performance] EditorSceneManager.sceneOpened: UnityEditor.SceneVisibilityManager.EditorSceneManagerOnSceneOpened                                   :        1 samples, Peak.   107 us (1.0x), Avg.   107 us, Total. 107.1 us (0.0%)
[Performance] EditorSceneManager.sceneOpened: UnityEditor.SceneManagement.StageNavigationManager.OnSceneOpened                                     :        1 samples, Peak.  56.4 us (1.0x), Avg.  56.4 us, Total. 56.40 us (0.0%)
[Performance] EditorApplication.playModeStateChanged                                                                                               :        1 samples, Peak.  7.22 ms (1.0x), Avg.  7.22 ms, Total. 7.215 ms (0.0%)
[Performance] EditorApplication.playModeStateChanged: UnityEditor.ObjectPool.PoolManager.OnEditorStateChange                                       :        2 samples, Peak.   221 us (1.1x), Avg.   209 us, Total. 417.8 us (0.0%)
[Performance] EditorApplication.playModeStateChanged: UnityEditor.PackageManager.UI.Internal.PlayModeDownload.PlayModeStateChanged                 :        2 samples, Peak.   473 us (1.4x), Avg.   347 us, Total. 694.6 us (0.0%)
[Performance] EditorApplication.playModeStateChanged: UnityEngine.InputSystem.LowLevel.NativeInputRuntime.OnPlayModeStateChanged                   :        2 samples, Peak.   815 us (1.1x), Avg.   730 us, Total. 1.460 ms (0.0%)
[Performance] EditorApplication.playModeStateChanged: UnityEditor.Localization.UI.GameViewLanguageMenu.PlayModeStateChanged                        :        2 samples, Peak.   124 us (1.2x), Avg.  99.5 us, Total. 198.9 us (0.0%)
[Performance] EditorApplication.playModeStateChanged: callback in Nytherion.Editor.TrainingDummySetup                                              :        2 samples, Peak.   108 us (1.2x), Avg.  90.8 us, Total. 181.6 us (0.0%)
[Performance] EditorApplication.playModeStateChanged: Nytherion.Editor.WeaponOffsetSaveReservation.OnPlayModeStateChanged                          :        2 samples, Peak.  72.7 us (1.1x), Avg.  68.2 us, Total. 136.5 us (0.0%)
[Performance] EditorApplication.playModeStateChanged: callback in Nytherion.Editor.LayLaserWeaponVerification                                      :        2 samples, Peak.   115 us (1.2x), Avg.  98.7 us, Total. 197.4 us (0.0%)
[Performance] EditorApplication.playModeStateChanged: callback in Nytherion.Editor.RelicPresentationVerification                                   :        2 samples, Peak.  73.7 us (1.3x), Avg.  58.9 us, Total. 117.7 us (0.0%)
[Performance] EditorApplication.playModeStateChanged: callback in Nytherion.Editor.RootiUpgradeVerification                                        :        2 samples, Peak.  67.3 us (1.2x), Avg.  57.6 us, Total. 115.1 us (0.0%)
[Performance] EditorApplication.playModeStateChanged: callback in Nytherion.Editor.WindStoneRelicVerification                                      :        2 samples, Peak.  61.8 us (1.2x), Avg.  53.2 us, Total. 106.3 us (0.0%)
[Performance] EditorApplication.playModeStateChanged: callback in Nytherion.Editor.InventoryIconVerification                                       :        2 samples, Peak.  85.2 us (1.2x), Avg.  71.7 us, Total. 143.3 us (0.0%)
[Performance] EditorApplication.playModeStateChanged: callback in LaserOffsetBatch                                                                 :        2 samples, Peak.  43.8 us (1.1x), Avg.  39.8 us, Total. 79.60 us (0.0%)
[Performance] EditorApplication.playModeStateChanged: callback in Nytherion.Editor.SkillTooltipVerification                                        :        2 samples, Peak.  33.6 us (1.0x), Avg.  33.3 us, Total. 66.60 us (0.0%)
[Performance] EditorApplication.playModeStateChanged: callback in Nytherion.Editor.HomingMagicVerification                                         :        2 samples, Peak.  39.8 us (1.0x), Avg.  38.7 us, Total. 77.50 us (0.0%)
[Performance] EditorApplication.playModeStateChanged: callback in Nytherion.Editor.TargetMakerVerification                                         :        2 samples, Peak.  46.0 us (1.1x), Avg.  41.2 us, Total. 82.30 us (0.0%)
[Performance] EditorApplication.playModeStateChanged: callback in Nytherion.Editor.GuardianStaffWeaponVerification                                 :        2 samples, Peak.  36.0 us (1.0x), Avg.  35.1 us, Total. 70.20 us (0.0%)
[Performance] EditorApplication.playModeStateChanged: callback in Nytherion.Editor.ChainIgnitionSkillVerification                                  :        2 samples, Peak.   108 us (1.2x), Avg.  86.8 us, Total. 173.6 us (0.0%)
[Performance] EditorApplication.playModeStateChanged: callback in Nytherion.Editor.PyroTankSkillVerification                                       :        2 samples, Peak.  97.5 us (1.2x), Avg.  84.3 us, Total. 168.6 us (0.0%)
[Performance] EditorApplication.playModeStateChanged: callback in Nytherion.Editor.InventorySlotFrameSetup                                         :        2 samples, Peak.  45.8 us (1.1x), Avg.  40.0 us, Total. 80.10 us (0.0%)
[Performance] EditorApplication.playModeStateChanged: Unity.Burst.Editor.BurstLoader.EditorApplicationOnPlayModeStateChanged                       :        2 samples, Peak.   130 us (1.2x), Avg.   111 us, Total. 222.2 us (0.0%)
[Performance] EditorApplication.playModeStateChanged: callback in UnityEditor.U2D.SpriteShapeUpdateCache                                           :        2 samples, Peak.   156 us (1.7x), Avg.  91.9 us, Total. 183.9 us (0.0%)
[Performance] EditorApplication.playModeStateChanged: UnityEditor.SceneManagement.EditorSceneManager.PlayModeStateChangedCallback                  :        2 samples, Peak.  50.7 us (1.1x), Avg.  45.5 us, Total. 91.00 us (0.0%)
[Performance] EditorApplication.playModeStateChanged: UnityEngine.Rendering.Universal.ShadowCasterGroup2DManager.OnPlayModeStateChanged            :        2 samples, Peak.   258 us (1.1x), Avg.   225 us, Total. 451.0 us (0.0%)
[Performance] EditorApplication.playModeStateChanged: UnityEditor.TestTools.TestRunner.PlaymodeLauncher+BackgroundWatcher.OnPlayModeStateChanged   :        2 samples, Peak.   521 us (1.2x), Avg.   433 us, Total. 865.8 us (0.0%)
[Performance] EditorApplication.playModeStateChanged: UnityEditor.U2D.Animation.BoneGizmo.PlayModeStateChanged                                     :        2 samples, Peak.  50.8 us (1.0x), Avg.  50.2 us, Total. 100.4 us (0.0%)
[Performance] EditorApplication.playModeStateChanged: UnityEngine.AddressableAssets.Addressables.SetAddressablesReInitFlagOnExitPlayMode           :        2 samples, Peak.   148 us (1.2x), Avg.   124 us, Total. 247.1 us (0.0%)
[Performance] EditorApplication.playModeStateChanged: UnityEngine.AddressableAssets.AssetReference.EditorApplicationOnplayModeStateChanged         :        2 samples, Peak.   235 us (1.2x), Avg.   202 us, Total. 403.5 us (0.0%)
[Performance] EditorApplication.playModeStateChanged: UnityEditor.AddressableAssets.Build.AddressablesBuildScriptHooks.OnEditorPlayModeChanged     :        2 samples, Peak.   371 us (1.1x), Avg.   325 us, Total. 650.2 us (0.0%)
[Performance] EditorApplication.playModeStateChanged: UnityEditor.PackageManager.UI.Internal.ApplicationProxy.PlayModeStateChanged                 :        2 samples, Peak.   241 us (1.1x), Avg.   216 us, Total. 432.0 us (0.0%)
[Performance] EditorApplication.playModeStateChanged: UnityEditor.SceneVisibilityManager.EditorApplicationPlayModeStateChanged                     :        2 samples, Peak.  51.1 us (1.1x), Avg.  45.1 us, Total. 90.20 us (0.0%)
[Performance] EditorApplication.playModeStateChanged: UnityEditor.TestTools.TestRunner.TestRunnerWindow.OnPlayModeStateChanged                     :        2 samples, Peak.   157 us (1.2x), Avg.   129 us, Total. 258.9 us (0.0%)
[Performance] EditorApplication.playModeStateChanged: UnityEditor.Tilemaps.GridPaintingState.PlayModeStateChanged                                  :        2 samples, Peak.   128 us (1.3x), Avg.  97.6 us, Total. 195.2 us (0.0%)
[Performance] Application.InvokeProjectWasLoaded                                                                                                   :        1 samples, Peak.  54.0 us (1.0x), Avg.  54.0 us, Total. 54.00 us (0.0%)
[Performance] Application.Message                                                                                                                  :     1516 samples, Peak.   373 us (534.9x), Avg.   698 ns, Total. 1.058 ms (0.0%)
[Performance] Application.Message.WM_0031F                                                                                                         :        1 samples, Peak.  7.50 us (1.0x), Avg.  7.50 us, Total. 7.500 us (0.0%)
[Performance] Application.Tick                                                                                                                     :     1515 samples, Peak.  5.14 s (1006.5x), Avg.  5.11 ms, Total. 7.743 s (10.1%)
[Performance] CheckLicensingClient                                                                                                                 :        2 samples, Peak.  16.2 us (1.3x), Avg.  12.6 us, Total. 25.30 us (0.0%)
[Performance] CheckLicensingClientNotification                                                                                                     :        2 samples, Peak.  16.7 us (1.1x), Avg.  14.6 us, Total. 29.20 us (0.0%)
[Performance] LicenseActivated.Tick                                                                                                                :        1 samples, Peak.  10.5 us (1.0x), Avg.  10.5 us, Total. 10.50 us (0.0%)
[Performance] Application.TickVersionControl                                                                                                       :     1516 samples, Peak.  13.9 us (18.3x), Avg.   759 ns, Total. 1.151 ms (0.0%)
[Performance] MonoCompiler.Tick                                                                                                                    :       14 samples, Peak.  4.81 s (14.0x), Avg.   344 ms, Total. 4.810 s (6.2%)
[Performance] Application.EnterPlayMode                                                                                                            :        1 samples, Peak.  4.77 s (1.0x), Avg.  4.77 s, Total. 4.773 s (6.2%)
[Performance] Application.Reload                                                                                                                   :        1 samples, Peak.  2.91 s (1.0x), Avg.  2.91 s, Total. 2.910 s (3.8%)
[Performance] AssemblyReloadEvents.beforeAssemblyReload: UnityEditor.Rendering.Analytics.DebugManagerWindowLifetimeAnalytic.OnBeforeAssemblyReload :        1 samples, Peak.   643 us (1.0x), Avg.   643 us, Total. 643.3 us (0.0%)
[Performance] SceneDataContainer.TransformHierarchyChangedSetParentCallback                                                                        :     5388 samples, Peak.  32.1 us (57.0x), Avg.   563 ns, Total. 3.034 ms (0.0%)
[Performance] SceneVisibilityState.IsFlagSetInParents                                                                                              :    11061 samples, Peak.  24.8 us (111.7x), Avg.   222 ns, Total. 2.456 ms (0.0%)
[Performance] TimelineAnalyticsProcess.OnProcessScene                                                                                              :        1 samples, Peak.  1.76 ms (1.0x), Avg.  1.76 ms, Total. 1.763 ms (0.0%)
[Performance] UnityBuildPostprocessor.OnProcessScene                                                                                               :        1 samples, Peak.  1.10 ms (1.0x), Avg.  1.10 ms, Total. 1.096 ms (0.0%)
[Performance] EditorApplication.playModeStateChanged: UnityEngine.InputSystem.Editor.InputExitPlayModeAnalytic.OnPlayModeStateChange               :        1 samples, Peak.   109 us (1.0x), Avg.   109 us, Total. 109.1 us (0.0%)
[Performance] UnityConnect.Tick                                                                                                                    :        1 samples, Peak.  7.28 ms (1.0x), Avg.  7.28 ms, Total. 7.280 ms (0.0%)
[Performance] UnityVersionControl.Tick                                                                                                             :        1 samples, Peak.   900 ns (1.0x), Avg.   900 ns, Total. 900.0 ns (0.0%)
[Performance] CurlRequest.Tick                                                                                                                     :       26 samples, Peak.  64.3 us (19.0x), Avg.  3.38 us, Total. 88.00 us (0.0%)
[Performance] HubClient.Tick                                                                                                                       :       26 samples, Peak.   900 ns (3.0x), Avg.   296 ns, Total. 7.700 us (0.0%)
[Performance] AssetDatabase.Tick                                                                                                                   :       26 samples, Peak.  82.5 us (23.7x), Avg.  3.48 us, Total. 90.50 us (0.0%)
[Performance] SceneBackgroundTask.Tick                                                                                                             :       18 samples, Peak.   500 ns (2.1x), Avg.   233 ns, Total. 4.200 us (0.0%)
[Performance] Scheduler.Tick                                                                                                                       :      222 samples, Peak.  1.92 ms (129.9x), Avg.  14.8 us, Total. 3.283 ms (0.0%)
[Performance] RepaintAllProfilerWindows                                                                                                            :        6 samples, Peak.   312 us (5.8x), Avg.  53.4 us, Total. 320.5 us (0.0%)
[Performance] PlayerUpdates.Tick                                                                                                                   :       50 samples, Peak.  45.0 us (2.9x), Avg.  15.6 us, Total. 778.2 us (0.0%)
[Performance] Application.TickGlobalCallbacks                                                                                                      :     1516 samples, Peak.   117 ms (1046.0x), Avg.   112 us, Total. 170.0 ms (0.2%)
[Performance] EditorAnalytics.Tick                                                                                                                 :       12 samples, Peak.  87.2 us (6.6x), Avg.  13.2 us, Total. 158.5 us (0.0%)
[Performance] Video.Update                                                                                                                         :     1516 samples, Peak.  1.30 us (3.4x), Avg.   385 ns, Total. 583.0 us (0.0%)
[Performance] Application.TickProgress                                                                                                             :     1516 samples, Peak.  2.99 ms (1181.8x), Avg.  2.53 us, Total. 3.836 ms (0.0%)
[Performance] Application.TickSceneTracker                                                                                                         :     1515 samples, Peak.  31.8 ms (37.0x), Avg.   859 us, Total. 1.302 s (1.7%)
[Performance] EditorApplication.update                                                                                                             :     1515 samples, Peak.  31.6 ms (37.7x), Avg.   838 us, Total. 1.270 s (1.7%)
[Performance] EditorApplication.update: Nytherion.Editor.TargetMakerSetup.Update                                                                   :     1516 samples, Peak.   315 us (134.6x), Avg.  2.34 us, Total. 3.547 ms (0.0%)
[Performance] EditorApplication.update: Nytherion.Editor.WeaponSkillUIAssetOrganizer.Update                                                        :     1516 samples, Peak.   113 us (186.0x), Avg.   605 ns, Total. 917.7 us (0.0%)
[Performance] EditorApplication.update: Nytherion.Editor.TrainingDummySetup.Update                                                                 :     1516 samples, Peak.   518 us (225.4x), Avg.  2.30 us, Total. 3.485 ms (0.0%)
[Performance] EditorApplication.update: Nytherion.Editor.LayLaserWeaponVerification.Update                                                         :     1516 samples, Peak.   187 us (233.7x), Avg.   801 ns, Total. 1.215 ms (0.0%)
[Performance] EditorApplication.update: Nytherion.Editor.DebugPanelStatsVerification.Update                                                        :     1516 samples, Peak.  1.28 ms (16.7x), Avg.  76.2 us, Total. 115.6 ms (0.2%)
[Performance] EditorApplication.update: Nytherion.Editor.RelicPresentationVerification.Update                                                      :     1516 samples, Peak.  18.2 ms (167.9x), Avg.   108 us, Total. 164.2 ms (0.2%)
[Performance] EditorApplication.update: Nytherion.Editor.RootiUpgradeRelicSetup.ProcessRequest                                                     :     1516 samples, Peak.  80.1 us (55.1x), Avg.  1.45 us, Total. 2.205 ms (0.0%)
[Performance] EditorApplication.update: Nytherion.Editor.ChargeRelicVerification.Update                                                            :     1516 samples, Peak.  1.35 ms (28.8x), Avg.  46.8 us, Total. 71.01 ms (0.1%)
[Performance] EditorApplication.update: Nytherion.Editor.RootiUpgradeVerification.Update                                                           :     1516 samples, Peak.   166 us (97.3x), Avg.  1.71 us, Total. 2.594 ms (0.0%)
[Performance] EditorApplication.update: Nytherion.Editor.GuardianStaffWeaponSetup.Update                                                           :     1516 samples, Peak.   146 us (235.0x), Avg.   623 ns, Total. 944.9 us (0.0%)
[Performance] EditorApplication.update: Nytherion.Editor.WindStoneRelicVerification.Update                                                         :     1516 samples, Peak.   701 us (16.2x), Avg.  43.3 us, Total. 65.65 ms (0.1%)
[Performance] EditorApplication.update: Nytherion.Editor.InventoryIconVerification.Update                                                          :     1516 samples, Peak.  3.24 ms (73.1x), Avg.  44.3 us, Total. 67.20 ms (0.1%)
[Performance] EditorApplication.update: Nytherion.Editor.ObjectPoolingVerification.Update                                                          :     1516 samples, Peak.   213 us (85.1x), Avg.  2.50 us, Total. 3.790 ms (0.0%)
[Performance] EditorApplication.update: Nytherion.Editor.HomingMagicSetup.Update                                                                   :     1516 samples, Peak.   104 us (209.8x), Avg.   498 ns, Total. 754.5 us (0.0%)
[Performance] EditorApplication.update: Nytherion.Editor.SpiritsGuidanceAnimationSetup.Update                                                      :     1516 samples, Peak.   109 us (220.6x), Avg.   494 ns, Total. 749.1 us (0.0%)
[Performance] EditorApplication.update: LaserOffsetBatch.Update                                                                                    :     1515 samples, Peak.   271 us (125.0x), Avg.  2.17 us, Total. 3.282 ms (0.0%)
[Performance] EditorApplication.update: Nytherion.Editor.SkillTooltipVerification.Update                                                           :     1515 samples, Peak.  1.39 ms (17.4x), Avg.  80.2 us, Total. 121.5 ms (0.2%)
[Performance] EditorApplication.update: Nytherion.Editor.RelicPresentationSetup.Update                                                             :     1515 samples, Peak.   266 us (163.2x), Avg.  1.63 us, Total. 2.472 ms (0.0%)
[Performance] EditorApplication.update: Nytherion.Editor.InventoryEquipmentSwapVerification.Update                                                 :     1515 samples, Peak.  50.9 us (119.9x), Avg.   424 ns, Total. 643.1 us (0.0%)
[Performance] EditorApplication.update: Nytherion.Editor.WindStoneRelicSetup.Update                                                                :     1515 samples, Peak.  78.4 us (179.8x), Avg.   436 ns, Total. 660.5 us (0.0%)
[Performance] EditorApplication.update: Nytherion.Editor.EffectSizeVerification.Update                                                             :     1515 samples, Peak.   355 us (8.5x), Avg.  41.7 us, Total. 63.18 ms (0.1%)
[Performance] EditorApplication.update: Nytherion.Editor.HomingMagicVerification.Update                                                            :     1515 samples, Peak.  2.39 ms (29.5x), Avg.  81.0 us, Total. 122.7 ms (0.2%)
[Performance] EditorApplication.update: Nytherion.Editor.SkillTooltipSetup.Update                                                                  :     1515 samples, Peak.   274 us (171.5x), Avg.  1.60 us, Total. 2.422 ms (0.0%)
[Performance] EditorApplication.update: Nytherion.Editor.EnemyHitAreaSetup.Update                                                                  :     1515 samples, Peak.   188 us (310.0x), Avg.   607 ns, Total. 919.4 us (0.0%)
[Performance] EditorApplication.update: Nytherion.Editor.TargetMakerVerification.Update                                                            :     1515 samples, Peak.   670 us (16.5x), Avg.  40.7 us, Total. 61.66 ms (0.1%)
[Performance] EditorApplication.update: Nytherion.Editor.GuardianStaffWeaponVerification.Update                                                    :     1515 samples, Peak.  2.06 ms (47.9x), Avg.  43.0 us, Total. 65.21 ms (0.1%)
[Performance] EditorApplication.update: Nytherion.Editor.ChainIgnitionSkillVerification.Update                                                     :     1515 samples, Peak.  3.93 ms (45.2x), Avg.  87.1 us, Total. 131.9 ms (0.2%)
[Performance] EditorApplication.update: Nytherion.Editor.PyroTankSkillVerification.Update                                                          :     1515 samples, Peak.   326 us (7.9x), Avg.  41.5 us, Total. 62.82 ms (0.1%)
[Performance] EditorApplication.update: Nytherion.Editor.InventorySlotFrameSetup.Update                                                            :     1515 samples, Peak.   593 us (14.0x), Avg.  42.3 us, Total. 64.12 ms (0.1%)
[Performance] EditorApplication.update: UnityEngine.Rendering.ProbeSubdivisionContext+RealtimeProbeSubdivisionDebug.UpdateRealtimeSubdivisionDebug :     1515 samples, Peak.  3.29 ms (1094.5x), Avg.  3.01 us, Total. 4.557 ms (0.0%)
[Performance] EditorApplication.update: Unity.PlasticSCM.Editor.Hub.ProcessHubCommand.RunOnceWhenAccessTokenIsInitialized                          :     1515 samples, Peak.   274 us (160.8x), Avg.  1.71 us, Total. 2.585 ms (0.0%)
[Performance] EditorApplication.update: callback in Microsoft.Unity.VisualStudio.Editor.VisualStudioIntegration                                    :        1 samples, Peak.  10.1 ms (1.0x), Avg.  10.1 ms, Total. 10.14 ms (0.0%)
[Performance] EditorApplication.update: Microsoft.Unity.VisualStudio.Editor.VisualStudioIntegration.OnUpdate                                       :     1515 samples, Peak.   348 us (162.1x), Avg.  2.15 us, Total. 3.255 ms (0.0%)
[Performance] EditorApplication.update: UnityEditor.AddressableAssets.Settings.AddressableAssetSettings.TryAddAssetPostprocessorOnNextUpdate       :        1 samples, Peak.   124 us (1.0x), Avg.   124 us, Total. 124.1 us (0.0%)
[Performance] EditorApplication.update: callback in UnityEditor.Rendering.Universal.MaterialReimporter                                             :     1515 samples, Peak.  1.42 ms (415.9x), Avg.  3.42 us, Total. 5.186 ms (0.0%)
[Performance] EditorApplication.update: UnityEditor.U2D.Aseprite.BackgroundImport.OnUpdate                                                         :     1515 samples, Peak.   359 us (82.7x), Avg.  4.34 us, Total. 6.574 ms (0.0%)
[Performance] EditorApplication.update: UnityEditor.PackageManager.UI.Internal.ApplicationProxy.OnUpdate                                           :     1515 samples, Peak.   644 us (285.2x), Avg.  2.26 us, Total. 3.422 ms (0.0%)
[Performance] EditorApplication.update: UnityEditor.SceneManagement.StageNavigationManager.Update                                                  :     1515 samples, Peak.   474 us (702.1x), Avg.   675 ns, Total. 1.022 ms (0.0%)
[Performance] EditorApplication.update: UnityEngine.U2D.Animation.BufferManager.Update                                                             :     1515 samples, Peak.   131 us (103.0x), Avg.  1.27 us, Total. 1.927 ms (0.0%)
[Performance] ConsoleLog.Tick                                                                                                                      :       14 samples, Peak.   274 us (11.5x), Avg.  23.9 us, Total. 334.5 us (0.0%)
[Performance] HierarchyWindow.Tick                                                                                                                 :       18 samples, Peak.  7.61 ms (17.6x), Avg.   432 us, Total. 7.785 ms (0.0%)
[Performance] EditorApplication.hierarchyChanged: Unity.UIElements.Editor.UIDocumentHierarchyWatcher.OnHierarchyChanged                            :        2 samples, Peak.   147 us (2.0x), Avg.  74.0 us, Total. 148.0 us (0.0%)
[Performance] EditorApplication.hierarchyChanged: UnityEditor.Tilemaps.SceneViewGridManager.UpdateCache                                            :        2 samples, Peak.  6.64 ms (2.0x), Avg.  3.32 ms, Total. 6.643 ms (0.0%)
[Performance] EditorApplication.hierarchyChanged: UnityEditor.Tilemaps.SceneViewOpenTilePaletteHelper.SelectionChanged                             :        2 samples, Peak.  37.1 us (1.9x), Avg.  19.0 us, Total. 38.10 us (0.0%)
[Performance] EditorApplication.hierarchyChanged: UnityEditor.Tilemaps.GridPaintingState.HierarchyChanged                                          :        2 samples, Peak.   173 us (2.0x), Avg.  87.0 us, Total. 174.1 us (0.0%)
[Performance] Inspector.Tick                                                                                                                       :       18 samples, Peak.   152 ms (17.9x), Avg.  8.53 ms, Total. 153.5 ms (0.2%)
[Performance] EditorApplication.delayCall: UnityEditor.ShortcutManagement.ShortcutIntegration.EnsureShortcutsAreInitialized                        :        1 samples, Peak.  42.4 ms (1.0x), Avg.  42.4 ms, Total. 42.37 ms (0.1%)
[Performance] EditorApplication.delayCall: callback in UnityEngine.InputSystem.EnhancedTouch.TouchSimulation                                       :        1 samples, Peak.  84.3 us (1.0x), Avg.  84.3 us, Total. 84.30 us (0.0%)
[Performance] EditorApplication.delayCall: UnityEngine.InputSystem.InputSystem.SetUpRemotingInternal                                               :        1 samples, Peak.  8.25 ms (1.0x), Avg.  8.25 ms, Total. 8.248 ms (0.0%)
[Performance] EditorApplication.delayCall: UnityEngine.InputSystem.InputSystem.ShowRestartWarning                                                  :        1 samples, Peak.  10.1 ms (1.0x), Avg.  10.1 ms, Total. 10.10 ms (0.0%)
[Performance] EditorApplication.delayCall: Nytherion.Editor.ChainIgnitionSkillSetup.SetupIfMissing                                                 :       18 samples, Peak.   376 us (16.4x), Avg.  22.9 us, Total. 412.7 us (0.0%)
[Performance] EditorApplication.delayCall: callback in Nytherion.Editor.RelicGachaSync                                                             :        1 samples, Peak.  48.7 ms (1.0x), Avg.  48.7 ms, Total. 48.70 ms (0.1%)
[Performance] EditorApplication.delayCall: Nytherion.Editor.BlastCompanionRelicSetup.TryAutomaticSetup                                             :        1 samples, Peak.   211 us (1.0x), Avg.   211 us, Total. 210.8 us (0.0%)
[Performance] EditorApplication.delayCall: Nytherion.Editor.OpapaRelicSetup.TryAutomaticSetup                                                      :        1 samples, Peak.   150 us (1.0x), Avg.   150 us, Total. 149.7 us (0.0%)
[Performance] EditorApplication.delayCall: Nytherion.Editor.PyroTankSkillSetup.SetupIfMissing                                                      :       18 samples, Peak.   119 us (11.9x), Avg.  10.0 us, Total. 180.2 us (0.0%)
[Performance] EditorApplication.delayCall: Nytherion.Editor.RootiRelicSetup.TryAutomaticSetup                                                      :       18 samples, Peak.   177 us (14.6x), Avg.  12.1 us, Total. 218.2 us (0.0%)
[Performance] EditorApplication.delayCall: callback in Nytherion.Editor.GenerateSkillRelics                                                        :        1 samples, Peak.  40.4 ms (1.0x), Avg.  40.4 ms, Total. 40.45 ms (0.1%)
[Performance] EditorApplication.delayCall: Nytherion.Editor.BoomMakerRelicSetup.TryAutomaticSetup                                                  :        1 samples, Peak.   212 us (1.0x), Avg.   212 us, Total. 211.7 us (0.0%)
[Performance] EditorApplication.delayCall: callback in UnityEditor.AI.NavMeshEditorHelpers                                                         :        1 samples, Peak.  52.9 us (1.0x), Avg.  52.9 us, Total. 52.90 us (0.0%)
[Performance] EditorApplication.delayCall: callback in UnityEditor.EditorTools.ToolShortcutContext                                                 :        1 samples, Peak.   481 us (1.0x), Avg.   481 us, Total. 481.0 us (0.0%)
[Performance] EditorApplication.delayCall: callback in UnityEditor.SceneVisibilityManager                                                          :        1 samples, Peak.   114 us (1.0x), Avg.   114 us, Total. 113.6 us (0.0%)
[Performance] EditorApplication.delayCall: callback in UnityEditor.EditorWindow                                                                    :        1 samples, Peak.  55.2 us (1.0x), Avg.  55.2 us, Total. 55.20 us (0.0%)
[Performance] EditorApplication.delayCall: UnityEditor.EditorTools.EditorToolContext.Activate                                                      :        1 samples, Peak.  1.10 us (1.0x), Avg.  1.10 us, Total. 1.100 us (0.0%)
[Performance] Tooltip.Tick                                                                                                                         :       49 samples, Peak.   101 us (37.2x), Avg.  2.72 us, Total. 133.1 us (0.0%)
[Performance] Application.RequestRepaintForPanels                                                                                                  :     1515 samples, Peak.  2.21 ms (454.3x), Avg.  4.87 us, Total. 7.375 ms (0.0%)
[Performance] Application.UpdateScene                                                                                                              :     1515 samples, Peak.   201 ms (243.3x), Avg.   826 us, Total. 1.251 s (1.6%)
[Performance] PackageImporter.Tick                                                                                                                 :       13 samples, Peak.   700 ns (1.7x), Avg.   423 ns, Total. 5.500 us (0.0%)
[Performance] InspectorBackground.Tick                                                                                                             :       17 samples, Peak.  20.3 us (8.0x), Avg.  2.55 us, Total. 43.30 us (0.0%)
[Performance] BurstDebug.Tick                                                                                                                      :        6 samples, Peak.  1.30 us (1.9x), Avg.   700 ns, Total. 4.200 us (0.0%)
[Performance] Application.ChangeLayoutIfNeeded                                                                                                     :     1515 samples, Peak.   500 ns (5.3x), Avg.  93.6 ns, Total. 141.8 us (0.0%)
[Performance] AsyncReadManager.ForceCloseFiles                                                                                                     :        3 samples, Peak.   186 us (2.3x), Avg.  79.6 us, Total. 238.8 us (0.0%)
[Performance] Application.Shutdown.SaveDefaultWindowPreferences                                                                                    :        1 samples, Peak.   116 us (1.0x), Avg.   116 us, Total. 115.8 us (0.0%)
[Performance] Application.Shutdown.SaveSceneManagerSetup                                                                                           :        1 samples, Peak.   323 us (1.0x), Avg.   323 us, Total. 322.8 us (0.0%)
[Performance] Application.Shutdown.CleanupAllContainerWindows                                                                                      :        1 samples, Peak.  1.20 us (1.0x), Avg.  1.20 us, Total. 1.200 us (0.0%)
[Performance] EditorApplication.quitting: Unity.Burst.Editor.BurstLoader.OnEditorApplicationQuitting                                               :        1 samples, Peak.  64.4 us (1.0x), Avg.  64.4 us, Total. 64.40 us (0.0%)
[Performance] EditorApplication.quitting: UnityEditor.Tilemaps.SceneViewGridManager.EditorQuitting                                                 :        1 samples, Peak.   133 us (1.0x), Avg.   133 us, Total. 133.3 us (0.0%)
[Performance] EditorApplication.quitting: callback in UnityEditor.TextCore.Text.EditorEventCallbacks                                               :        1 samples, Peak.  17.4 ms (1.0x), Avg.  17.4 ms, Total. 17.43 ms (0.0%)
[Performance] Application.Shutdown.PauseProfilerSession                                                                                            :        1 samples, Peak.  32.8 us (1.0x), Avg.  32.8 us, Total. 32.80 us (0.0%)
[Performance] Application.Shutdown.PauseAssetImportWorkers                                                                                         :        1 samples, Peak.   435 us (1.0x), Avg.   435 us, Total. 435.2 us (0.0%)
[Performance] Application.Shutdown.SaveAssets                                                                                                      :        1 samples, Peak.  16.5 ms (1.0x), Avg.  16.5 ms, Total. 16.50 ms (0.0%)
[Performance] PaletteAssetModificationProcessor.OnWillSaveAssets                                                                                   :        1 samples, Peak.  1.31 ms (1.0x), Avg.  1.31 ms, Total. 1.306 ms (0.0%)
[Performance] StateMacroSavedEvent.OnWillSaveAssets                                                                                                :        1 samples, Peak.   307 us (1.0x), Avg.   307 us, Total. 307.4 us (0.0%)
[Performance] FlowMacroSavedEvent.OnWillSaveAssets                                                                                                 :        1 samples, Peak.   178 us (1.0x), Avg.   178 us, Total. 178.2 us (0.0%)
[Performance] AssetModificationProcessor.OnWillSaveAssets                                                                                          :        1 samples, Peak.   525 us (1.0x), Avg.   525 us, Total. 525.5 us (0.0%)
[Performance] UnityCloudProjectLinkMonitor.OnWillSaveAssets                                                                                        :        1 samples, Peak.   556 us (1.0x), Avg.   556 us, Total. 555.8 us (0.0%)
[Performance] BuilderAssetModificationProcessor.OnWillSaveAssets                                                                                   :        1 samples, Peak.   754 us (1.0x), Avg.   754 us, Total. 753.8 us (0.0%)
[Performance] TerrainModificationProcessor.OnWillSaveAssets                                                                                        :        1 samples, Peak.   947 us (1.0x), Avg.   947 us, Total. 946.7 us (0.0%)
[Performance] Application.Shutdown.CleanupRenderPipeline                                                                                           :        1 samples, Peak.  22.8 us (1.0x), Avg.  22.8 us, Total. 22.80 us (0.0%)
[Performance] Application.Shutdown.StopPreloadManager                                                                                              :        1 samples, Peak.  9.88 ms (1.0x), Avg.  9.88 ms, Total. 9.884 ms (0.0%)
[Performance] Application.Shutdown.DestroyWorld                                                                                                    :        1 samples, Peak.  67.3 ms (1.0x), Avg.  67.3 ms, Total. 67.31 ms (0.1%)
[Performance] Application.Shutdown.CleanupAfterLoad                                                                                                :        1 samples, Peak.   282 ms (1.0x), Avg.   282 ms, Total. 281.5 ms (0.4%)
[Performance] Application.Shutdown.Progress                                                                                                        :        1 samples, Peak.  9.90 us (1.0x), Avg.  9.90 us, Total. 9.900 us (0.0%)
[Performance] Application.Shutdown.GICleanupManagers                                                                                               :        1 samples, Peak.   539 us (1.0x), Avg.   539 us, Total. 538.7 us (0.0%)
[Performance] Application.Shutdown.MenuCleanupClass                                                                                                :        1 samples, Peak.   425 us (1.0x), Avg.   425 us, Total. 425.1 us (0.0%)
[Performance] Application.Shutdown.ADBSaveStateBeforeShutdown                                                                                      :        1 samples, Peak.  6.60 us (1.0x), Avg.  6.60 us, Total. 6.600 us (0.0%)
[Performance] Application.Shutdown.RemoteShutdown                                                                                                  :        1 samples, Peak.   600 ns (1.0x), Avg.   600 ns, Total. 600.0 ns (0.0%)
[Performance] Application.Shutdown.CleanupVCProvider                                                                                               :        1 samples, Peak.  10.1 us (1.0x), Avg.  10.1 us, Total. 10.10 us (0.0%)
[Performance] Application.Shutdown.InputShutdown                                                                                                   :        1 samples, Peak.   300 ns (1.0x), Avg.   300 ns, Total. 300.0 ns (0.0%)
[Performance] Application.Shutdown.GizmoManagerDestroy                                                                                             :        1 samples, Peak.   639 us (1.0x), Avg.   639 us, Total. 639.3 us (0.0%)
[Performance] Application.Shutdown.ProfilerSession                                                                                                 :        1 samples, Peak.   147 us (1.0x), Avg.   147 us, Total. 147.5 us (0.0%)
[Performance] Application.Shutdown.ReleaseGfxWindowOnAllGUIViews                                                                                   :        1 samples, Peak.   600 ns (1.0x), Avg.   600 ns, Total. 600.0 ns (0.0%)
[Performance] Application.Shutdown.CleanupEngine                                                                                                   :        1 samples, Peak.   207 ms (1.0x), Avg.   207 ms, Total. 206.7 ms (0.3%)
[Performance] Application.Shutdown.CleanupAssetDatabase                                                                                            :        1 samples, Peak.  16.8 ms (1.0x), Avg.  16.8 ms, Total. 16.82 ms (0.0%)
[Performance] Application.Shutdown.ScriptCompilationCleanUp                                                                                        :        1 samples, Peak.  19.0 ms (1.0x), Avg.  19.0 ms, Total. 19.00 ms (0.0%)
[Performance] Application.Shutdown.DestroyJobSystem                                                                                                :        1 samples, Peak.   174 us (1.0x), Avg.   174 us, Total. 173.6 us (0.0%)
[Performance] Application.Shutdown.CleanupPersistentManager                                                                                        :        1 samples, Peak.  3.68 ms (1.0x), Avg.  3.68 ms, Total. 3.683 ms (0.0%)
[Performance] Application.Shutdown.CleanupAsyncReadManager                                                                                         :        1 samples, Peak.   261 us (1.0x), Avg.   261 us, Total. 261.5 us (0.0%)
[Performance] Application.Shutdown.CleanupProgressBar                                                                                              :        1 samples, Peak.   300 ns (1.0x), Avg.   300 ns, Total. 300.0 ns (0.0%)
[Performance] Application.Shutdown.CleanupMono                                                                                                     :        1 samples, Peak.   262 ms (1.0x), Avg.   262 ms, Total. 262.1 ms (0.3%)
[Performance] Application.Shutdown.CleanupStdConverters                                                                                            :        1 samples, Peak.  9.00 us (1.0x), Avg.  9.00 us, Total. 9.000 us (0.0%)
[Performance] Application.Shutdown.UnloadAllPlatformSupportModuleNativeDlls                                                                        :        1 samples, Peak.   500 ns (1.0x), Avg.   500 ns, Total. 500.0 ns (0.0%)
[Performance] Application.Shutdown.UnloadAllPlatformSupportNativeLibraries                                                                         :        1 samples, Peak. 0.0 (-nan(ind)x), Avg. 0.0, Total. 0.0 (0.0%)
[Performance] Application.Shutdown.CleanupAutoDocumentation                                                                                        :        1 samples, Peak.   420 us (1.0x), Avg.   420 us, Total. 419.6 us (0.0%)
[Performance] Application.Shutdown.ShaderNameManagerDestroy                                                                                        :        1 samples, Peak.  55.1 us (1.0x), Avg.  55.1 us, Total. 55.10 us (0.0%)
[Performance] Application.Shutdown.CleanupCacheServer                                                                                              :        1 samples, Peak. 0.0 (-nan(ind)x), Avg. 0.0, Total. 0.0 (0.0%)
[Performance] Application.Shutdown.Virtualization_Shutdown                                                                                         :        1 samples, Peak.   500 ns (1.0x), Avg.   500 ns, Total. 500.0 ns (0.0%)
[Performance] Application.Shutdown.DevConnections                                                                                                  :        1 samples, Peak.  56.6 us (1.0x), Avg.  56.6 us, Total. 56.60 us (0.0%)
Checking for leaked weakptr:
  Found no leaked weakptrs.
[Package Manager] Server::Kill -- Server was shutdown
Memory Statistics:
[ALLOC_TEMP_TLS] TLS Allocator
  StackAllocators : 
    [ALLOC_TEMP_CurlRequest]
      Initial Block Size 64.0 KB
      Current Block Size 64.0 KB
      Peak Allocated Bytes 0 B
      Overflow Count 0
    [ALLOC_TEMP_MAIN]
      Peak usage frame count: [4.0 KB-8.0 KB]: 1512 frames, [8.0 KB-16.0 KB]: 1 frames, [4.0 MB-8.0 MB]: 1 frames, [8.0 MB-16.0 MB]: 1 frames
      Initial Block Size 16.0 MB
      Current Block Size 29.3 MB
      Peak Allocated Bytes 14.6 MB
      Overflow Count 0
    [ALLOC_TEMP_Background Job.Worker 8]
      Initial Block Size 32.0 KB
      Current Block Size 32.0 KB
      Peak Allocated Bytes 54 B
      Overflow Count 0
    [ALLOC_TEMP_Job.Worker 4]
      Initial Block Size 256.0 KB
      Current Block Size 268.0 KB
      Peak Allocated Bytes 178.2 KB
      Overflow Count 1
    [ALLOC_TEMP_AUDIO_FMOD mixer thread]
      Initial Block Size 64.0 KB
      Current Block Size 64.0 KB
      Peak Allocated Bytes 54 B
      Overflow Count 0
    [ALLOC_TEMP_BakingJobs.Worker 5]
      Initial Block Size 256.0 KB
      Current Block Size 256.0 KB
      Peak Allocated Bytes 54 B
      Overflow Count 0
    [ALLOC_TEMP_Background Job.Worker 11]
      Initial Block Size 32.0 KB
      Current Block Size 32.0 KB
      Peak Allocated Bytes 54 B
      Overflow Count 0
    [ALLOC_TEMP_Background Job.Worker 3]
      Initial Block Size 32.0 KB
      Current Block Size 32.0 KB
      Peak Allocated Bytes 54 B
      Overflow Count 0
    [ALLOC_TEMP_BatchDeleteObjects]
      Initial Block Size 64.0 KB
      Current Block Size 64.0 KB
      Peak Allocated Bytes 54 B
      Overflow Count 0
    [ALLOC_TEMP_CoreBusinessMetricsCache]
      Initial Block Size 64.0 KB
      Current Block Size 64.0 KB
      Peak Allocated Bytes 8.0 KB
      Overflow Count 0
    [ALLOC_TEMP_REST Message Handler]
      Initial Block Size 64.0 KB
      Current Block Size 64.0 KB
      Peak Allocated Bytes 54 B
      Overflow Count 0
    [ALLOC_TEMP_AssetDatabase.IOService]
      Initial Block Size 64.0 KB
      Current Block Size 64.0 KB
      Peak Allocated Bytes 54 B
      Overflow Count 0
    [ALLOC_TEMP_Background Job.Worker 2]
      Initial Block Size 32.0 KB
      Current Block Size 32.0 KB
      Peak Allocated Bytes 1.4 KB
      Overflow Count 0
    [ALLOC_TEMP_Job.Worker 10]
      Initial Block Size 256.0 KB
      Current Block Size 256.0 KB
      Peak Allocated Bytes 118.6 KB
      Overflow Count 1
    [ALLOC_TEMP_Loading.PreloadManager] x 2
      Initial Block Size 32.0 MB
      Current Block Size 54.4 MB
      Peak Allocated Bytes 39.5 MB
      Overflow Count 0
    [ALLOC_TEMP_Profiler.Dispatcher]
      Initial Block Size 64.0 KB
      Current Block Size 64.0 KB
      Peak Allocated Bytes 0 B
      Overflow Count 0
    [ALLOC_TEMP_Job.Worker 3]
      Initial Block Size 256.0 KB
      Current Block Size 256.0 KB
      Peak Allocated Bytes 158.9 KB
      Overflow Count 1
    [ALLOC_TEMP_Background Job.Worker 5]
      Initial Block Size 32.0 KB
      Current Block Size 32.0 KB
      Peak Allocated Bytes 54 B
      Overflow Count 0
    [ALLOC_TEMP_CurlRequest]
      Initial Block Size 64.0 KB
      Current Block Size 64.0 KB
      Peak Allocated Bytes 0 B
      Overflow Count 0
    [ALLOC_TEMP_Background Job.Worker 13]
      Initial Block Size 32.0 KB
      Current Block Size 32.0 KB
      Peak Allocated Bytes 54 B
      Overflow Count 0
    [ALLOC_TEMP_Job.Worker 2]
      Initial Block Size 256.0 KB
      Current Block Size 256.0 KB
      Peak Allocated Bytes 127.1 KB
      Overflow Count 1
    [ALLOC_TEMP_Job.Worker 0]
      Initial Block Size 256.0 KB
      Current Block Size 256.0 KB
      Peak Allocated Bytes 161.8 KB
      Overflow Count 1
    [ALLOC_TEMP_Background Job.Worker 9]
      Initial Block Size 32.0 KB
      Current Block Size 32.0 KB
      Peak Allocated Bytes 54 B
      Overflow Count 0
    [ALLOC_TEMP_Job.Worker 5]
      Initial Block Size 256.0 KB
      Current Block Size 256.0 KB
      Peak Allocated Bytes 117.0 KB
      Overflow Count 1
    [ALLOC_TEMP_ReadCacheIndex] x 2
      Initial Block Size 64.0 KB
      Current Block Size 64.0 KB
      Peak Allocated Bytes 0.7 KB
      Overflow Count 0
    [ALLOC_TEMP_EnlightenWorker] x 12
      Initial Block Size 64.0 KB
      Current Block Size 64.0 KB
      Peak Allocated Bytes 54 B
      Overflow Count 0
    [ALLOC_TEMP_DirMonitor]
      Initial Block Size 64.0 KB
      Current Block Size 64.0 KB
      Peak Allocated Bytes 0.8 KB
      Overflow Count 0
    [ALLOC_TEMP_Job.Worker 9]
      Initial Block Size 256.0 KB
      Current Block Size 256.0 KB
      Peak Allocated Bytes 141.9 KB
      Overflow Count 0
    [ALLOC_TEMP_Job.Worker 6]
      Initial Block Size 256.0 KB
      Current Block Size 256.0 KB
      Peak Allocated Bytes 143.6 KB
      Overflow Count 1
    [ALLOC_TEMP_BakingJobs.Worker 1]
      Initial Block Size 256.0 KB
      Current Block Size 256.0 KB
      Peak Allocated Bytes 0.6 KB
      Overflow Count 0
    [ALLOC_TEMP_Loading.AsyncRead]
      Initial Block Size 64.0 KB
      Current Block Size 64.0 KB
      Peak Allocated Bytes 128 B
      Overflow Count 0
    [ALLOC_TEMP_Background Job.Worker 10]
      Initial Block Size 32.0 KB
      Current Block Size 32.0 KB
      Peak Allocated Bytes 54 B
      Overflow Count 0
    [ALLOC_TEMP_Background Job.Worker 6]
      Initial Block Size 32.0 KB
      Current Block Size 32.0 KB
      Peak Allocated Bytes 54 B
      Overflow Count 0
    [ALLOC_TEMP_AUDIO_FMOD (WASAPI) feeder thread]
      Initial Block Size 64.0 KB
      Current Block Size 64.0 KB
      Peak Allocated Bytes 168 B
      Overflow Count 0
    [ALLOC_TEMP_Background Job.Worker 1]
      Initial Block Size 32.0 KB
      Current Block Size 200.0 KB
      Peak Allocated Bytes 123.8 KB
      Overflow Count 0
    [ALLOC_TEMP_AUDIO_FMOD stream thread]
      Initial Block Size 64.0 KB
      Current Block Size 64.0 KB
      Peak Allocated Bytes 54 B
      Overflow Count 0
    [ALLOC_TEMP_BakingJobs.Worker 2]
      Initial Block Size 256.0 KB
      Current Block Size 256.0 KB
      Peak Allocated Bytes 54 B
      Overflow Count 0
    [ALLOC_TEMP_Background Job.Worker 7]
      Initial Block Size 32.0 KB
      Current Block Size 32.0 KB
      Peak Allocated Bytes 54 B
      Overflow Count 0
    [ALLOC_TEMP_Job.Worker 8]
      Initial Block Size 256.0 KB
      Current Block Size 256.0 KB
      Peak Allocated Bytes 139.1 KB
      Overflow Count 1
    [ALLOC_TEMP_Job.Worker 1]
      Initial Block Size 256.0 KB
      Current Block Size 1.0 MB
      Peak Allocated Bytes 1.0 MB
      Overflow Count 1
    [ALLOC_TEMP_BakingJobs.Worker 0]
      Initial Block Size 256.0 KB
      Current Block Size 256.0 KB
      Peak Allocated Bytes 54 B
      Overflow Count 0
    [ALLOC_TEMP_BakingJobs.Worker 3]
      Initial Block Size 256.0 KB
      Current Block Size 256.0 KB
      Peak Allocated Bytes 54 B
      Overflow Count 0
    [ALLOC_TEMP_EditorTaskManager]
      Initial Block Size 64.0 KB
      Current Block Size 68.0 KB
      Peak Allocated Bytes 64.0 KB
      Overflow Count 0
    [ALLOC_TEMP_Background Job.Worker 15]
      Initial Block Size 32.0 KB
      Current Block Size 32.0 KB
      Peak Allocated Bytes 54 B
      Overflow Count 0
    [ALLOC_TEMP_BakingJobs.Worker 4]
      Initial Block Size 256.0 KB
      Current Block Size 256.0 KB
      Peak Allocated Bytes 54 B
      Overflow Count 0
    [ALLOC_TEMP_Background Job.Worker 12]
      Initial Block Size 32.0 KB
      Current Block Size 32.0 KB
      Peak Allocated Bytes 54 B
      Overflow Count 0
    [ALLOC_TEMP_HTTP REST Server]
      Initial Block Size 64.0 KB
      Current Block Size 64.0 KB
      Peak Allocated Bytes 152 B
      Overflow Count 0
    [ALLOC_TEMP_AssetGarbageCollectorHelper] x 11
      Initial Block Size 64.0 KB
      Current Block Size 64.0 KB
      Peak Allocated Bytes 0 B
      Overflow Count 0
    [ALLOC_TEMP_Background Job.Worker 0]
      Initial Block Size 32.0 KB
      Current Block Size 32.0 KB
      Peak Allocated Bytes 54 B
      Overflow Count 0
    [ALLOC_TEMP_Background Job.Worker 4]
      Initial Block Size 32.0 KB
      Current Block Size 32.0 KB
      Peak Allocated Bytes 54 B
      Overflow Count 0
    [ALLOC_TEMP_Background Job.Worker 14]
      Initial Block Size 32.0 KB
      Current Block Size 32.0 KB
      Peak Allocated Bytes 54 B
      Overflow Count 0
    [ALLOC_TEMP_Job.Worker 7]
      Initial Block Size 256.0 KB
      Current Block Size 312.0 KB
      Peak Allocated Bytes 209.1 KB
      Overflow Count 1
    [ALLOC_TEMP_CloudJob.Worker 0]
      Initial Block Size 32.0 KB
      Current Block Size 36.0 KB
      Peak Allocated Bytes 17.2 KB
      Overflow Count 0
[ALLOC_MEMORYPROFILER]
  Peak usage frame count: [1.0 MB-2.0 MB]: 1515 frames
  Requested Block Size 1.0 MB
  Peak Block count 2
  Peak Allocated memory 1.3 MB
  Peak Large allocation bytes 0 B
[ALLOC_DEFAULT] Dual Thread Allocator
  Peak main deferred allocation count 4320
    [ALLOC_BUCKET]
      Large Block size 32.0 MB
      Used Block count 2
      Peak Allocated bytes 20.0 MB
    [ALLOC_DEFAULT_MAIN]
      Peak usage frame count: [128.0 MB-256.0 MB]: 1515 frames
      Requested Block Size 16.0 MB
      Peak Block count 13
      Peak Allocated memory 232.3 MB
      Peak Large allocation bytes 43.6 MB
    [ALLOC_DEFAULT_THREAD]
      Peak usage frame count: [4.0 MB-8.0 MB]: 1514 frames, [64.0 MB-128.0 MB]: 1 frames
      Requested Block Size 16.0 MB
      Peak Block count 1
      Peak Allocated memory 64.2 MB
      Peak Large allocation bytes 51.2 MB
[ALLOC_TEMP_JOB_1_FRAME]
  Initial Block Size 2.0 MB
  Used Block Count 0
  Overflow Count (too large) 0
  Overflow Count (full) 0
[ALLOC_TEMP_JOB_2_FRAMES]
  Initial Block Size 2.0 MB
  Used Block Count 0
  Overflow Count (too large) 0
  Overflow Count (full) 0
[ALLOC_TEMP_JOB_4_FRAMES (JobTemp)]
  Initial Block Size 2.0 MB
  Used Block Count 1
  Overflow Count (too large) 0
  Overflow Count (full) 0
[ALLOC_TEMP_JOB_ASYNC (Background)]
  Initial Block Size 1.0 MB
  Used Block Count 1
  Overflow Count (too large) 5
  Overflow Count (full) 0
[ALLOC_GFX] Dual Thread Allocator
  Peak main deferred allocation count 54
    [ALLOC_BUCKET]
      Large Block size 32.0 MB
      Used Block count 2
      Peak Allocated bytes 20.0 MB
    [ALLOC_GFX_MAIN]
      Peak usage frame count: [32.0 MB-64.0 MB]: 1515 frames
      Requested Block Size 16.0 MB
      Peak Block count 3
      Peak Allocated memory 41.5 MB
      Peak Large allocation bytes 0 B
    [ALLOC_GFX_THREAD]
      Peak usage frame count: [32.0 MB-64.0 MB]: 1515 frames
      Requested Block Size 16.0 MB
      Peak Block count 1
      Peak Allocated memory 32.1 MB
      Peak Large allocation bytes 32.0 MB
[ALLOC_CACHEOBJECTS] Dual Thread Allocator
  Peak main deferred allocation count 3345
    [ALLOC_BUCKET]
      Large Block size 32.0 MB
      Used Block count 2
      Peak Allocated bytes 20.0 MB
    [ALLOC_CACHEOBJECTS_MAIN]
      Peak usage frame count: [32.0 MB-64.0 MB]: 1514 frames, [64.0 MB-128.0 MB]: 1 frames
      Requested Block Size 4.0 MB
      Peak Block count 34
      Peak Allocated memory 92.5 MB
      Peak Large allocation bytes 27.6 MB
    [ALLOC_CACHEOBJECTS_THREAD]
      Peak usage frame count: [16.0 MB-32.0 MB]: 1514 frames, [32.0 MB-64.0 MB]: 1 frames
      Requested Block Size 4.0 MB
      Peak Block count 9
      Peak Allocated memory 50.5 MB
      Peak Large allocation bytes 15.1 MB
[ALLOC_TYPETREE] Dual Thread Allocator
  Peak main deferred allocation count 4168
    [ALLOC_BUCKET]
      Large Block size 32.0 MB
      Used Block count 2
      Peak Allocated bytes 20.0 MB
    [ALLOC_TYPETREE_MAIN]
      Peak usage frame count: [2.0 MB-4.0 MB]: 1514 frames, [32.0 MB-64.0 MB]: 1 frames
      Requested Block Size 2.0 MB
      Peak Block count 20
      Peak Allocated memory 36.2 MB
      Peak Large allocation bytes 0 B
    [ALLOC_TYPETREE_THREAD]
      Peak usage frame count: [0.5 MB-1.0 MB]: 1514 frames, [8.0 MB-16.0 MB]: 1 frames
      Requested Block Size 2.0 MB
      Peak Block count 7
      Peak Allocated memory 12.5 MB
      Peak Large allocation bytes 0 B
[ALLOC_PROFILER]
  Peak usage frame count: [0.5 MB-1.0 MB]: 1515 frames
  Requested Block Size 16.0 MB
  Peak Block count 1
  Peak Allocated memory 0.5 MB
  Peak Large allocation bytes 0 B
    [ALLOC_PROFILER_BUCKET]
      Large Block size 32.0 MB
      Used Block count 1
      Peak Allocated bytes 4.5 KB
[ALLOC_PROFILER_EDITOR]
  Peak usage frame count: [0-1.0 KB]: 1515 frames
  Requested Block Size 1.0 MB
  Peak Block count 0
  Peak Allocated memory 0 B
  Peak Large allocation bytes 0 B
    [ALLOC_PROFILER_BUCKET]
      Large Block size 32.0 MB
      Used Block count 1
      Peak Allocated bytes 4.5 KB
##utp:{"type":"MemoryLeaks","version":2,"phase":"Immediate","time":1791201750815,"processId":49944,"allocatedMemory":35668618,"memoryLabels":[{"Default":20335},{"Permanent":15615},{"NewDelete":82080},{"Thread":4229188},{"Manager":31121},{"VertexData":12},{"Geometry":560},{"Texture":480},{"Shader":68850},{"Material":24},{"GfxDevice":57048},{"Animation":296},{"Audio":3928},{"FontEngine":272},{"Physics":513},{"Serialization":948},{"Input":14744},{"JobScheduler":35864},{"Mono":40},{"ScriptingNativeRuntime":191848},{"BaseObject":1627276},{"Resource":1360},{"Renderer":2304},{"Transform":16},{"File":3805},{"WebCam":96},{"Culling":40},{"Terrain":1137},{"Wind":24},{"STL":48},{"String":27646},{"DynamicArray":130438},{"HashMap":4660182},{"Utility":2662722},{"Curl":1424},{"PoolAlloc":1728},{"AI":104},{"TypeTree":5077},{"ScriptManager":640},{"RuntimeInitializeOnLoadManager":80},{"SpriteAtlas":128},{"GI":4072},{"Director":7960},{"CloudService":3880},{"WebRequest":688},{"VR":46081},{"SceneManager":568},{"Video":72},{"LazyScriptCache":40},{"NativeArray":408},{"Camera":25},{"Secure":1},{"SerializationCache":1584},{"APIUpdating":11872},{"Subsystems":392},{"VirtualTexturing":57896},{"StaticSafetyDebugInfo":327680},{"EditorGui":56},{"EditorUtility":141130},{"VersionControl":4},{"Undo":704},{"AssetDatabase":21134876},{"RestService":1414},{"EditorGi":376},{"License":3584},{"UnityConnect":25344},{"Collab":593},{"Upm":2032},{"DrivenProperties":96},{"LocalIPC":276},{"ProfilerEditor":10943},{"CoreBusinessMetrics":3850},{"AssetReference":40},{"IPCStream":40}]}
