[Licensing::Module] Trying to connect to existing licensing client channel...
[Licensing::IpcConnector] Successfully connected to: "LicenseClient-kyung" at "2026-10-05T12:23:33.6031109Z"
[Licensing::Client] Code 10 while verifying Licensing Client signature (process Id: 57992, path: "C:/Program Files/Unity Hub/UnityLicensingClient_V1/Unity.Licensing.Client.exe")
[Licensing::Module] LicensingClient has failed validation; ignoring
[Licensing::Client] Handshaking with LicensingClient:
  Version:                 1.17.4+4293ba1
  Session Id:              714fd36db8ab4a228975d88af8004b04
  Correlation Id:          3d91975baac454f5671ab4926121f70f
  External correlation Id: 2528393560016234701
  Machine Id:              sgq3U92oUHjAYY2K+5R//JWuJmw=
[Licensing::Module] Successfully connected to LicensingClient on channel: "LicenseClient-kyung" (connect: 0.00s, validation: 0.01s, handshake: 0.04s)
[Licensing::IpcConnector] Successfully connected to: "LicenseClient-kyung-notifications" at "2026-10-05T12:23:33.6545135Z"
[Licensing::Module] Error: Access token is unavailable; failed to update
[Licensing::Client] Successfully updated license
Built from '2022.3/respin/2022.3.62f2-4af31df585-v2' branch; Version is '2022.3.62f2 (7670c08855a9) revision 7762112'; Using compiler version '192829333'; Build Type 'Release'
OS: 'Windows 10  (10.0.19045) 64bit Core' Language: 'ko' Physical Memory: 24514 MB
[Licensing::Client] Successfully resolved entitlement details
[Licensing::Module] Serial number assigned to: "F4-6RG9-4KD6-T4HW-2SXE-XXXX"
[Licensing::Module] Serial number assigned to: "14568601583659-UnityPersXXXX"
BatchMode: 1, IsHumanControllingUs: 0, StartBugReporterOnCrash: 0, Is64bit: 1, IsPro: 0
[Licensing::Client] Successfully resolved entitlement details
[Licensing::Module] Serial number assigned to: "F4-6RG9-4KD6-T4HW-2SXE-XXXX"
[Licensing::Module] Serial number assigned to: "14568601583659-UnityPersXXXX"

COMMAND LINE ARGUMENTS:
C:\Program Files\Unity\Hub\Editor\2022.3.62f2\Editor\Unity.exe
-batchmode
-projectPath
C:/RoguelikePrototype/tmp/laser-offset-check
-executeMethod
LaserOffsetBatch.Start
-logFile
C:/RoguelikePrototype/output/laser-offset/unity-aim-batch.log
Successfully changed project path to: C:/RoguelikePrototype/tmp/laser-offset-check
C:/RoguelikePrototype/tmp/laser-offset-check
[UnityMemory] Configuration Parameters - Can be set up in boot.config
    "memorysetup-bucket-allocator-granularity=16"
    "memorysetup-bucket-allocator-bucket-count=8"
    "memorysetup-bucket-allocator-block-size=33554432"
    "memorysetup-bucket-allocator-block-count=8"
    "memorysetup-main-allocator-block-size=16777216"
    "memorysetup-thread-allocator-block-size=16777216"
    "memorysetup-gfx-main-allocator-block-size=16777216"
    "memorysetup-gfx-thread-allocator-block-size=16777216"
    "memorysetup-cache-allocator-block-size=4194304"
    "memorysetup-typetree-allocator-block-size=2097152"
    "memorysetup-profiler-bucket-allocator-granularity=16"
    "memorysetup-profiler-bucket-allocator-bucket-count=8"
    "memorysetup-profiler-bucket-allocator-block-size=33554432"
    "memorysetup-profiler-bucket-allocator-block-count=8"
    "memorysetup-profiler-allocator-block-size=16777216"
    "memorysetup-profiler-editor-allocator-block-size=1048576"
    "memorysetup-temp-allocator-size-main=16777216"
    "memorysetup-job-temp-allocator-block-size=2097152"
    "memorysetup-job-temp-allocator-block-size-background=1048576"
    "memorysetup-job-temp-allocator-reduction-small-platforms=262144"
    "memorysetup-allocator-temp-initial-block-size-main=262144"
    "memorysetup-allocator-temp-initial-block-size-worker=262144"
    "memorysetup-temp-allocator-size-background-worker=32768"
    "memorysetup-temp-allocator-size-job-worker=262144"
    "memorysetup-temp-allocator-size-preload-manager=33554432"
    "memorysetup-temp-allocator-size-nav-mesh-worker=65536"
    "memorysetup-temp-allocator-size-audio-worker=65536"
    "memorysetup-temp-allocator-size-cloud-worker=32768"
    "memorysetup-temp-allocator-size-gi-baking-worker=262144"
    "memorysetup-temp-allocator-size-gfx=262144"
Player connection [23052]  Target information:

Player connection [23052]  * "[IP] 192.168.0.14 [Port] 55505 [Flags] 2 [Guid] 2030551101 [EditorId] 2030551101 [Version] 1048832 [Id] WindowsEditor(7,DESKTOP-HR3SF2C) [Debug] 1 [PackageName] WindowsEditor [ProjectName] Editor" 

Player connection [23052] Host joined multi-casting on [225.0.0.222:54997]...
Player connection [23052] Host joined alternative multi-casting on [225.0.0.222:34997]...
Input System module state changed to: Initialized.
[PhysX] Initialized MultithreadedTaskDispatcher with 12 workers.
[Package Manager] UpmClient::Connect -- Connected to IPC stream "Upm-58432" after 0.5 seconds.
[Package Manager] Restoring resolved packages state from cache
[Licensing::Client] Successfully resolved entitlement details
[Package Manager] Registered 68 packages:
  Packages from [https://package.openupm.com]:
    jp.hadashikick.vcontainer@1.17.0 (location: C:\RoguelikePrototype\tmp\laser-offset-check\Library\PackageCache\jp.hadashikick.vcontainer@1.17.0)
  Packages from [https://packages.unity.com]:
    com.unity.2d.animation@9.2.2 (location: C:\RoguelikePrototype\tmp\laser-offset-check\Library\PackageCache\com.unity.2d.animation@9.2.2)
    com.unity.2d.aseprite@1.1.11 (location: C:\RoguelikePrototype\tmp\laser-offset-check\Library\PackageCache\com.unity.2d.aseprite@1.1.11)
    com.unity.ai.navigation@1.1.7 (location: C:\RoguelikePrototype\tmp\laser-offset-check\Library\PackageCache\com.unity.ai.navigation@1.1.7)
    com.unity.collab-proxy@2.8.2 (location: C:\RoguelikePrototype\tmp\laser-offset-check\Library\PackageCache\com.unity.collab-proxy@2.8.2)
    com.unity.ide.rider@3.0.36 (location: C:\RoguelikePrototype\tmp\laser-offset-check\Library\PackageCache\com.unity.ide.rider@3.0.36)
    com.unity.ide.visualstudio@2.0.22 (location: C:\RoguelikePrototype\tmp\laser-offset-check\Library\PackageCache\com.unity.ide.visualstudio@2.0.22)
    com.unity.inputsystem@1.14.0 (location: C:\RoguelikePrototype\tmp\laser-offset-check\Library\PackageCache\com.unity.inputsystem@1.14.0)
    com.unity.localization@1.4.3 (location: C:\RoguelikePrototype\tmp\laser-offset-check\Library\PackageCache\com.unity.localization@1.4.3)
    com.unity.nuget.newtonsoft-json@3.2.1 (location: C:\RoguelikePrototype\tmp\laser-offset-check\Library\PackageCache\com.unity.nuget.newtonsoft-json@3.2.1)
    com.unity.test-framework@1.1.33 (location: C:\RoguelikePrototype\tmp\laser-offset-check\Library\PackageCache\com.unity.test-framework@1.1.33)
    com.unity.textmeshpro@3.0.7 (location: C:\RoguelikePrototype\tmp\laser-offset-check\Library\PackageCache\com.unity.textmeshpro@3.0.7)
    com.unity.timeline@1.7.7 (location: C:\RoguelikePrototype\tmp\laser-offset-check\Library\PackageCache\com.unity.timeline@1.7.7)
    com.unity.visualscripting@1.9.4 (location: C:\RoguelikePrototype\tmp\laser-offset-check\Library\PackageCache\com.unity.visualscripting@1.9.4)
    com.unity.ext.nunit@1.0.6 (location: C:\RoguelikePrototype\tmp\laser-offset-check\Library\PackageCache\com.unity.ext.nunit@1.0.6)
    com.unity.mathematics@1.2.6 (location: C:\RoguelikePrototype\tmp\laser-offset-check\Library\PackageCache\com.unity.mathematics@1.2.6)
    com.unity.burst@1.8.21 (location: C:\RoguelikePrototype\tmp\laser-offset-check\Library\PackageCache\com.unity.burst@1.8.21)
    com.unity.addressables@1.22.3 (location: C:\RoguelikePrototype\tmp\laser-offset-check\Library\PackageCache\com.unity.addressables@1.22.3)
    com.unity.2d.pixel-perfect@5.1.0 (location: C:\RoguelikePrototype\tmp\laser-offset-check\Library\PackageCache\com.unity.2d.pixel-perfect@5.1.0)
    com.unity.2d.psdimporter@8.1.0 (location: C:\RoguelikePrototype\tmp\laser-offset-check\Library\PackageCache\com.unity.2d.psdimporter@8.1.0)
    com.unity.2d.spriteshape@9.1.0 (location: C:\RoguelikePrototype\tmp\laser-offset-check\Library\PackageCache\com.unity.2d.spriteshape@9.1.0)
    com.unity.2d.tilemap.extras@3.1.3 (location: C:\RoguelikePrototype\tmp\laser-offset-check\Library\PackageCache\com.unity.2d.tilemap.extras@3.1.3)
    com.unity.2d.common@8.1.1 (location: C:\RoguelikePrototype\tmp\laser-offset-check\Library\PackageCache\com.unity.2d.common@8.1.1)
    com.unity.collections@1.2.4 (location: C:\RoguelikePrototype\tmp\laser-offset-check\Library\PackageCache\com.unity.collections@1.2.4)
    com.unity.searcher@4.9.2 (location: C:\RoguelikePrototype\tmp\laser-offset-check\Library\PackageCache\com.unity.searcher@4.9.2)
    com.unity.scriptablebuildpipeline@1.21.25 (location: C:\RoguelikePrototype\tmp\laser-offset-check\Library\PackageCache\com.unity.scriptablebuildpipeline@1.21.25)
  Built-in packages:
    com.unity.feature.2d@2.0.1 (location: C:\RoguelikePrototype\tmp\laser-offset-check\Library\PackageCache\com.unity.feature.2d@2.0.1)
    com.unity.render-pipelines.universal@14.0.12 (location: C:\RoguelikePrototype\tmp\laser-offset-check\Library\PackageCache\com.unity.render-pipelines.universal@14.0.12)
    com.unity.ugui@1.0.0 (location: C:\RoguelikePrototype\tmp\laser-offset-check\Library\PackageCache\com.unity.ugui@1.0.0)
    com.unity.modules.ai@1.0.0 (location: C:\RoguelikePrototype\tmp\laser-offset-check\Library\PackageCache\com.unity.modules.ai@1.0.0)
    com.unity.modules.androidjni@1.0.0 (location: C:\RoguelikePrototype\tmp\laser-offset-check\Library\PackageCache\com.unity.modules.androidjni@1.0.0)
    com.unity.modules.animation@1.0.0 (location: C:\RoguelikePrototype\tmp\laser-offset-check\Library\PackageCache\com.unity.modules.animation@1.0.0)
    com.unity.modules.assetbundle@1.0.0 (location: C:\RoguelikePrototype\tmp\laser-offset-check\Library\PackageCache\com.unity.modules.assetbundle@1.0.0)
    com.unity.modules.audio@1.0.0 (location: C:\RoguelikePrototype\tmp\laser-offset-check\Library\PackageCache\com.unity.modules.audio@1.0.0)
    com.unity.modules.cloth@1.0.0 (location: C:\RoguelikePrototype\tmp\laser-offset-check\Library\PackageCache\com.unity.modules.cloth@1.0.0)
    com.unity.modules.director@1.0.0 (location: C:\RoguelikePrototype\tmp\laser-offset-check\Library\PackageCache\com.unity.modules.director@1.0.0)
    com.unity.modules.imageconversion@1.0.0 (location: C:\RoguelikePrototype\tmp\laser-offset-check\Library\PackageCache\com.unity.modules.imageconversion@1.0.0)
    com.unity.modules.imgui@1.0.0 (location: C:\RoguelikePrototype\tmp\laser-offset-check\Library\PackageCache\com.unity.modules.imgui@1.0.0)
    com.unity.modules.jsonserialize@1.0.0 (location: C:\RoguelikePrototype\tmp\laser-offset-check\Library\PackageCache\com.unity.modules.jsonserialize@1.0.0)
    com.unity.modules.particlesystem@1.0.0 (location: C:\RoguelikePrototype\tmp\laser-offset-check\Library\PackageCache\com.unity.modules.particlesystem@1.0.0)
    com.unity.modules.physics@1.0.0 (location: C:\RoguelikePrototype\tmp\laser-offset-check\Library\PackageCache\com.unity.modules.physics@1.0.0)
    com.unity.modules.physics2d@1.0.0 (location: C:\RoguelikePrototype\tmp\laser-offset-check\Library\PackageCache\com.unity.modules.physics2d@1.0.0)
    com.unity.modules.screencapture@1.0.0 (location: C:\RoguelikePrototype\tmp\laser-offset-check\Library\PackageCache\com.unity.modules.screencapture@1.0.0)
    com.unity.modules.terrain@1.0.0 (location: C:\RoguelikePrototype\tmp\laser-offset-check\Library\PackageCache\com.unity.modules.terrain@1.0.0)
    com.unity.modules.terrainphysics@1.0.0 (location: C:\RoguelikePrototype\tmp\laser-offset-check\Library\PackageCache\com.unity.modules.terrainphysics@1.0.0)
    com.unity.modules.tilemap@1.0.0 (location: C:\RoguelikePrototype\tmp\laser-offset-check\Library\PackageCache\com.unity.modules.tilemap@1.0.0)
    com.unity.modules.ui@1.0.0 (location: C:\RoguelikePrototype\tmp\laser-offset-check\Library\PackageCache\com.unity.modules.ui@1.0.0)
    com.unity.modules.uielements@1.0.0 (location: C:\RoguelikePrototype\tmp\laser-offset-check\Library\PackageCache\com.unity.modules.uielements@1.0.0)
    com.unity.modules.umbra@1.0.0 (location: C:\RoguelikePrototype\tmp\laser-offset-check\Library\PackageCache\com.unity.modules.umbra@1.0.0)
    com.unity.modules.unityanalytics@1.0.0 (location: C:\RoguelikePrototype\tmp\laser-offset-check\Library\PackageCache\com.unity.modules.unityanalytics@1.0.0)
    com.unity.modules.unitywebrequest@1.0.0 (location: C:\RoguelikePrototype\tmp\laser-offset-check\Library\PackageCache\com.unity.modules.unitywebrequest@1.0.0)
    com.unity.modules.unitywebrequestassetbundle@1.0.0 (location: C:\RoguelikePrototype\tmp\laser-offset-check\Library\PackageCache\com.unity.modules.unitywebrequestassetbundle@1.0.0)
    com.unity.modules.unitywebrequestaudio@1.0.0 (location: C:\RoguelikePrototype\tmp\laser-offset-check\Library\PackageCache\com.unity.modules.unitywebrequestaudio@1.0.0)
    com.unity.modules.unitywebrequesttexture@1.0.0 (location: C:\RoguelikePrototype\tmp\laser-offset-check\Library\PackageCache\com.unity.modules.unitywebrequesttexture@1.0.0)
    com.unity.modules.unitywebrequestwww@1.0.0 (location: C:\RoguelikePrototype\tmp\laser-offset-check\Library\PackageCache\com.unity.modules.unitywebrequestwww@1.0.0)
    com.unity.modules.vehicles@1.0.0 (location: C:\RoguelikePrototype\tmp\laser-offset-check\Library\PackageCache\com.unity.modules.vehicles@1.0.0)
    com.unity.modules.video@1.0.0 (location: C:\RoguelikePrototype\tmp\laser-offset-check\Library\PackageCache\com.unity.modules.video@1.0.0)
    com.unity.modules.vr@1.0.0 (location: C:\RoguelikePrototype\tmp\laser-offset-check\Library\PackageCache\com.unity.modules.vr@1.0.0)
    com.unity.modules.wind@1.0.0 (location: C:\RoguelikePrototype\tmp\laser-offset-check\Library\PackageCache\com.unity.modules.wind@1.0.0)
    com.unity.modules.xr@1.0.0 (location: C:\RoguelikePrototype\tmp\laser-offset-check\Library\PackageCache\com.unity.modules.xr@1.0.0)
    com.unity.modules.subsystems@1.0.0 (location: C:\RoguelikePrototype\tmp\laser-offset-check\Library\PackageCache\com.unity.modules.subsystems@1.0.0)
    com.unity.render-pipelines.core@14.0.12 (location: C:\RoguelikePrototype\tmp\laser-offset-check\Library\PackageCache\com.unity.render-pipelines.core@14.0.12)
    com.unity.shadergraph@14.0.12 (location: C:\RoguelikePrototype\tmp\laser-offset-check\Library\PackageCache\com.unity.shadergraph@14.0.12)
    com.unity.render-pipelines.universal-config@14.0.10 (location: C:\RoguelikePrototype\tmp\laser-offset-check\Library\PackageCache\com.unity.render-pipelines.universal-config@14.0.10)
    com.unity.2d.sprite@1.0.0 (location: C:\RoguelikePrototype\tmp\laser-offset-check\Library\PackageCache\com.unity.2d.sprite@1.0.0)
    com.unity.2d.tilemap@1.0.0 (location: C:\RoguelikePrototype\tmp\laser-offset-check\Library\PackageCache\com.unity.2d.tilemap@1.0.0)
  Local packages:
    com.h8man.2d.navmeshplus@file:C:\RoguelikePrototype\Library\PackageCache\com.h8man.2d.navmeshplus@53de7d5c64 (location: C:\RoguelikePrototype\Library\PackageCache\com.h8man.2d.navmeshplus@53de7d5c64)
    com.unity.ide.windsurf@file:C:\RoguelikePrototype\Library\PackageCache\com.unity.ide.windsurf@6161accf3e (location: C:\RoguelikePrototype\Library\PackageCache\com.unity.ide.windsurf@6161accf3e)
[Subsystems] No new subsystems found in resolved package list.
Package Manager log level set to [2]
[Package Manager] Done registering packages in 0.08 seconds
[Package Manager] Done resolving packages in 0.91 seconds
[Package Manager] Lock file was modified
[Package Manager] Registered 68 packages:
  Local packages:
    com.h8man.2d.navmeshplus@file:C:\RoguelikePrototype\Library\PackageCache\com.h8man.2d.navmeshplus@53de7d5c64 (location: C:\RoguelikePrototype\Library\PackageCache\com.h8man.2d.navmeshplus@53de7d5c64)
    com.unity.2d.animation@file:C:\RoguelikePrototype\Library\PackageCache\com.unity.2d.animation@9.2.2 (location: C:\RoguelikePrototype\Library\PackageCache\com.unity.2d.animation@9.2.2)
    com.unity.2d.aseprite@file:C:\RoguelikePrototype\Library\PackageCache\com.unity.2d.aseprite@1.1.11 (location: C:\RoguelikePrototype\Library\PackageCache\com.unity.2d.aseprite@1.1.11)
    com.unity.2d.common@file:C:\RoguelikePrototype\Library\PackageCache\com.unity.2d.common@8.1.1 (location: C:\RoguelikePrototype\Library\PackageCache\com.unity.2d.common@8.1.1)
    com.unity.2d.pixel-perfect@file:C:\RoguelikePrototype\Library\PackageCache\com.unity.2d.pixel-perfect@5.1.0 (location: C:\RoguelikePrototype\Library\PackageCache\com.unity.2d.pixel-perfect@5.1.0)
    com.unity.2d.psdimporter@file:C:\RoguelikePrototype\Library\PackageCache\com.unity.2d.psdimporter@8.1.0 (location: C:\RoguelikePrototype\Library\PackageCache\com.unity.2d.psdimporter@8.1.0)
    com.unity.2d.sprite@file:C:\RoguelikePrototype\Library\PackageCache\com.unity.2d.sprite@1.0.0 (location: C:\RoguelikePrototype\Library\PackageCache\com.unity.2d.sprite@1.0.0)
    com.unity.2d.spriteshape@file:C:\RoguelikePrototype\Library\PackageCache\com.unity.2d.spriteshape@9.1.0 (location: C:\RoguelikePrototype\Library\PackageCache\com.unity.2d.spriteshape@9.1.0)
    com.unity.2d.tilemap.extras@file:C:\RoguelikePrototype\Library\PackageCache\com.unity.2d.tilemap.extras@3.1.3 (location: C:\RoguelikePrototype\Library\PackageCache\com.unity.2d.tilemap.extras@3.1.3)
    com.unity.2d.tilemap@file:C:\RoguelikePrototype\Library\PackageCache\com.unity.2d.tilemap@1.0.0 (location: C:\RoguelikePrototype\Library\PackageCache\com.unity.2d.tilemap@1.0.0)
    com.unity.addressables@file:C:\RoguelikePrototype\Library\PackageCache\com.unity.addressables@1.22.3 (location: C:\RoguelikePrototype\Library\PackageCache\com.unity.addressables@1.22.3)
    com.unity.ai.navigation@file:C:\RoguelikePrototype\Library\PackageCache\com.unity.ai.navigation@1.1.7 (location: C:\RoguelikePrototype\Library\PackageCache\com.unity.ai.navigation@1.1.7)
    com.unity.burst@file:C:\RoguelikePrototype\Library\PackageCache\com.unity.burst@1.8.21 (location: C:\RoguelikePrototype\Library\PackageCache\com.unity.burst@1.8.21)
    com.unity.collab-proxy@file:C:\RoguelikePrototype\Library\PackageCache\com.unity.collab-proxy@2.8.2 (location: C:\RoguelikePrototype\Library\PackageCache\com.unity.collab-proxy@2.8.2)
    com.unity.collections@file:C:\RoguelikePrototype\Library\PackageCache\com.unity.collections@1.2.4 (location: C:\RoguelikePrototype\Library\PackageCache\com.unity.collections@1.2.4)
    com.unity.ext.nunit@file:C:\RoguelikePrototype\Library\PackageCache\com.unity.ext.nunit@1.0.6 (location: C:\RoguelikePrototype\Library\PackageCache\com.unity.ext.nunit@1.0.6)
    com.unity.feature.2d@file:C:\RoguelikePrototype\Library\PackageCache\com.unity.feature.2d@2.0.1 (location: C:\RoguelikePrototype\Library\PackageCache\com.unity.feature.2d@2.0.1)
    com.unity.ide.rider@file:C:\RoguelikePrototype\Library\PackageCache\com.unity.ide.rider@3.0.36 (location: C:\RoguelikePrototype\Library\PackageCache\com.unity.ide.rider@3.0.36)
    com.unity.ide.visualstudio@file:C:\RoguelikePrototype\Library\PackageCache\com.unity.ide.visualstudio@2.0.22 (location: C:\RoguelikePrototype\Library\PackageCache\com.unity.ide.visualstudio@2.0.22)
    com.unity.ide.windsurf@file:C:\RoguelikePrototype\Library\PackageCache\com.unity.ide.windsurf@6161accf3e (location: C:\RoguelikePrototype\Library\PackageCache\com.unity.ide.windsurf@6161accf3e)
    com.unity.inputsystem@file:C:\RoguelikePrototype\Library\PackageCache\com.unity.inputsystem@1.14.0 (location: C:\RoguelikePrototype\Library\PackageCache\com.unity.inputsystem@1.14.0)
    com.unity.localization@file:C:\RoguelikePrototype\Library\PackageCache\com.unity.localization@1.4.3 (location: C:\RoguelikePrototype\Library\PackageCache\com.unity.localization@1.4.3)
    com.unity.mathematics@file:C:\RoguelikePrototype\Library\PackageCache\com.unity.mathematics@1.2.6 (location: C:\RoguelikePrototype\Library\PackageCache\com.unity.mathematics@1.2.6)
    com.unity.modules.ai@file:C:\RoguelikePrototype\Library\PackageCache\com.unity.modules.ai@1.0.0 (location: C:\RoguelikePrototype\Library\PackageCache\com.unity.modules.ai@1.0.0)
    com.unity.modules.androidjni@file:C:\RoguelikePrototype\Library\PackageCache\com.unity.modules.androidjni@1.0.0 (location: C:\RoguelikePrototype\Library\PackageCache\com.unity.modules.androidjni@1.0.0)
    com.unity.modules.animation@file:C:\RoguelikePrototype\Library\PackageCache\com.unity.modules.animation@1.0.0 (location: C:\RoguelikePrototype\Library\PackageCache\com.unity.modules.animation@1.0.0)
    com.unity.modules.assetbundle@file:C:\RoguelikePrototype\Library\PackageCache\com.unity.modules.assetbundle@1.0.0 (location: C:\RoguelikePrototype\Library\PackageCache\com.unity.modules.assetbundle@1.0.0)
    com.unity.modules.audio@file:C:\RoguelikePrototype\Library\PackageCache\com.unity.modules.audio@1.0.0 (location: C:\RoguelikePrototype\Library\PackageCache\com.unity.modules.audio@1.0.0)
    com.unity.modules.cloth@file:C:\RoguelikePrototype\Library\PackageCache\com.unity.modules.cloth@1.0.0 (location: C:\RoguelikePrototype\Library\PackageCache\com.unity.modules.cloth@1.0.0)
    com.unity.modules.director@file:C:\RoguelikePrototype\Library\PackageCache\com.unity.modules.director@1.0.0 (location: C:\RoguelikePrototype\Library\PackageCache\com.unity.modules.director@1.0.0)
    com.unity.modules.imageconversion@file:C:\RoguelikePrototype\Library\PackageCache\com.unity.modules.imageconversion@1.0.0 (location: C:\RoguelikePrototype\Library\PackageCache\com.unity.modules.imageconversion@1.0.0)
    com.unity.modules.imgui@file:C:\RoguelikePrototype\Library\PackageCache\com.unity.modules.imgui@1.0.0 (location: C:\RoguelikePrototype\Library\PackageCache\com.unity.modules.imgui@1.0.0)
    com.unity.modules.jsonserialize@file:C:\RoguelikePrototype\Library\PackageCache\com.unity.modules.jsonserialize@1.0.0 (location: C:\RoguelikePrototype\Library\PackageCache\com.unity.modules.jsonserialize@1.0.0)
    com.unity.modules.particlesystem@file:C:\RoguelikePrototype\Library\PackageCache\com.unity.modules.particlesystem@1.0.0 (location: C:\RoguelikePrototype\Library\PackageCache\com.unity.modules.particlesystem@1.0.0)
    com.unity.modules.physics@file:C:\RoguelikePrototype\Library\PackageCache\com.unity.modules.physics@1.0.0 (location: C:\RoguelikePrototype\Library\PackageCache\com.unity.modules.physics@1.0.0)
    com.unity.modules.physics2d@file:C:\RoguelikePrototype\Library\PackageCache\com.unity.modules.physics2d@1.0.0 (location: C:\RoguelikePrototype\Library\PackageCache\com.unity.modules.physics2d@1.0.0)
    com.unity.modules.screencapture@file:C:\RoguelikePrototype\Library\PackageCache\com.unity.modules.screencapture@1.0.0 (location: C:\RoguelikePrototype\Library\PackageCache\com.unity.modules.screencapture@1.0.0)
    com.unity.modules.subsystems@file:C:\RoguelikePrototype\Library\PackageCache\com.unity.modules.subsystems@1.0.0 (location: C:\RoguelikePrototype\Library\PackageCache\com.unity.modules.subsystems@1.0.0)
    com.unity.modules.terrain@file:C:\RoguelikePrototype\Library\PackageCache\com.unity.modules.terrain@1.0.0 (location: C:\RoguelikePrototype\Library\PackageCache\com.unity.modules.terrain@1.0.0)
    com.unity.modules.terrainphysics@file:C:\RoguelikePrototype\Library\PackageCache\com.unity.modules.terrainphysics@1.0.0 (location: C:\RoguelikePrototype\Library\PackageCache\com.unity.modules.terrainphysics@1.0.0)
    com.unity.modules.tilemap@file:C:\RoguelikePrototype\Library\PackageCache\com.unity.modules.tilemap@1.0.0 (location: C:\RoguelikePrototype\Library\PackageCache\com.unity.modules.tilemap@1.0.0)
    com.unity.modules.ui@file:C:\RoguelikePrototype\Library\PackageCache\com.unity.modules.ui@1.0.0 (location: C:\RoguelikePrototype\Library\PackageCache\com.unity.modules.ui@1.0.0)
    com.unity.modules.uielements@file:C:\RoguelikePrototype\Library\PackageCache\com.unity.modules.uielements@1.0.0 (location: C:\RoguelikePrototype\Library\PackageCache\com.unity.modules.uielements@1.0.0)
    com.unity.modules.umbra@file:C:\RoguelikePrototype\Library\PackageCache\com.unity.modules.umbra@1.0.0 (location: C:\RoguelikePrototype\Library\PackageCache\com.unity.modules.umbra@1.0.0)
    com.unity.modules.unityanalytics@file:C:\RoguelikePrototype\Library\PackageCache\com.unity.modules.unityanalytics@1.0.0 (location: C:\RoguelikePrototype\Library\PackageCache\com.unity.modules.unityanalytics@1.0.0)
    com.unity.modules.unitywebrequest@file:C:\RoguelikePrototype\Library\PackageCache\com.unity.modules.unitywebrequest@1.0.0 (location: C:\RoguelikePrototype\Library\PackageCache\com.unity.modules.unitywebrequest@1.0.0)
    com.unity.modules.unitywebrequestassetbundle@file:C:\RoguelikePrototype\Library\PackageCache\com.unity.modules.unitywebrequestassetbundle@1.0.0 (location: C:\RoguelikePrototype\Library\PackageCache\com.unity.modules.unitywebrequestassetbundle@1.0.0)
    com.unity.modules.unitywebrequestaudio@file:C:\RoguelikePrototype\Library\PackageCache\com.unity.modules.unitywebrequestaudio@1.0.0 (location: C:\RoguelikePrototype\Library\PackageCache\com.unity.modules.unitywebrequestaudio@1.0.0)
    com.unity.modules.unitywebrequesttexture@file:C:\RoguelikePrototype\Library\PackageCache\com.unity.modules.unitywebrequesttexture@1.0.0 (location: C:\RoguelikePrototype\Library\PackageCache\com.unity.modules.unitywebrequesttexture@1.0.0)
    com.unity.modules.unitywebrequestwww@file:C:\RoguelikePrototype\Library\PackageCache\com.unity.modules.unitywebrequestwww@1.0.0 (location: C:\RoguelikePrototype\Library\PackageCache\com.unity.modules.unitywebrequestwww@1.0.0)
    com.unity.modules.vehicles@file:C:\RoguelikePrototype\Library\PackageCache\com.unity.modules.vehicles@1.0.0 (location: C:\RoguelikePrototype\Library\PackageCache\com.unity.modules.vehicles@1.0.0)
    com.unity.modules.video@file:C:\RoguelikePrototype\Library\PackageCache\com.unity.modules.video@1.0.0 (location: C:\RoguelikePrototype\Library\PackageCache\com.unity.modules.video@1.0.0)
    com.unity.modules.vr@file:C:\RoguelikePrototype\Library\PackageCache\com.unity.modules.vr@1.0.0 (location: C:\RoguelikePrototype\Library\PackageCache\com.unity.modules.vr@1.0.0)
    com.unity.modules.wind@file:C:\RoguelikePrototype\Library\PackageCache\com.unity.modules.wind@1.0.0 (location: C:\RoguelikePrototype\Library\PackageCache\com.unity.modules.wind@1.0.0)
    com.unity.modules.xr@file:C:\RoguelikePrototype\Library\PackageCache\com.unity.modules.xr@1.0.0 (location: C:\RoguelikePrototype\Library\PackageCache\com.unity.modules.xr@1.0.0)
    com.unity.nuget.newtonsoft-json@file:C:\RoguelikePrototype\Library\PackageCache\com.unity.nuget.newtonsoft-json@3.2.1 (location: C:\RoguelikePrototype\Library\PackageCache\com.unity.nuget.newtonsoft-json@3.2.1)
    com.unity.render-pipelines.core@file:C:\RoguelikePrototype\Library\PackageCache\com.unity.render-pipelines.core@14.0.12 (location: C:\RoguelikePrototype\Library\PackageCache\com.unity.render-pipelines.core@14.0.12)
    com.unity.render-pipelines.universal-config@file:C:\RoguelikePrototype\Library\PackageCache\com.unity.render-pipelines.universal-config@14.0.10 (location: C:\RoguelikePrototype\Library\PackageCache\com.unity.render-pipelines.universal-config@14.0.10)
    com.unity.render-pipelines.universal@file:C:\RoguelikePrototype\Library\PackageCache\com.unity.render-pipelines.universal@14.0.12 (location: C:\RoguelikePrototype\Library\PackageCache\com.unity.render-pipelines.universal@14.0.12)
    com.unity.scriptablebuildpipeline@file:C:\RoguelikePrototype\Library\PackageCache\com.unity.scriptablebuildpipeline@1.21.25 (location: C:\RoguelikePrototype\Library\PackageCache\com.unity.scriptablebuildpipeline@1.21.25)
    com.unity.searcher@file:C:\RoguelikePrototype\Library\PackageCache\com.unity.searcher@4.9.2 (location: C:\RoguelikePrototype\Library\PackageCache\com.unity.searcher@4.9.2)
    com.unity.shadergraph@file:C:\RoguelikePrototype\Library\PackageCache\com.unity.shadergraph@14.0.12 (location: C:\RoguelikePrototype\Library\PackageCache\com.unity.shadergraph@14.0.12)
    com.unity.test-framework@file:C:\RoguelikePrototype\Library\PackageCache\com.unity.test-framework@1.1.33 (location: C:\RoguelikePrototype\Library\PackageCache\com.unity.test-framework@1.1.33)
    com.unity.textmeshpro@file:C:\RoguelikePrototype\Library\PackageCache\com.unity.textmeshpro@3.0.7 (location: C:\RoguelikePrototype\Library\PackageCache\com.unity.textmeshpro@3.0.7)
    com.unity.timeline@file:C:\RoguelikePrototype\Library\PackageCache\com.unity.timeline@1.7.7 (location: C:\RoguelikePrototype\Library\PackageCache\com.unity.timeline@1.7.7)
    com.unity.ugui@file:C:\RoguelikePrototype\Library\PackageCache\com.unity.ugui@1.0.0 (location: C:\RoguelikePrototype\Library\PackageCache\com.unity.ugui@1.0.0)
    com.unity.visualscripting@file:C:\RoguelikePrototype\Library\PackageCache\com.unity.visualscripting@1.9.4 (location: C:\RoguelikePrototype\Library\PackageCache\com.unity.visualscripting@1.9.4)
    jp.hadashikick.vcontainer@file:C:\RoguelikePrototype\Library\PackageCache\jp.hadashikick.vcontainer@1.17.0 (location: C:\RoguelikePrototype\Library\PackageCache\jp.hadashikick.vcontainer@1.17.0)
[Subsystems] No new subsystems found in resolved package list.
[Package Manager] Done registering packages in 0.00 seconds
Refreshing native plugins compatible for Editor in 371.77 ms, found 4 plugins.
Preloading 0 native plugins for Editor in 0.00 ms.
Initialize engine version: 2022.3.62f2 (7670c08855a9)
[Subsystems] Discovering subsystems at path C:/Program Files/Unity/Hub/Editor/2022.3.62f2/Editor/Data/Resources/UnitySubsystems
[Subsystems] Discovering subsystems at path C:/RoguelikePrototype/tmp/laser-offset-check/Assets
GfxDevice: creating device client; threaded=0; jobified=0
Direct3D:
    Version:  Direct3D 11.0 [level 11.1]
    Renderer: NVIDIA GeForce GTX 1660 Ti (ID=0x2182)
    Vendor:   NVIDIA
    VRAM:     5966 MB
    Driver:   32.0.16.1088
[Licensing::Client] Successfully resolved entitlement details
[Licensing::Module] Serial number assigned to: "F4-6RG9-4KD6-T4HW-2SXE-XXXX"
[Licensing::Module] Serial number assigned to: "14568601583659-UnityPersXXXX"
Initialize mono
Mono path[0] = 'C:/Program Files/Unity/Hub/Editor/2022.3.62f2/Editor/Data/Managed'
Mono path[1] = 'C:/Program Files/Unity/Hub/Editor/2022.3.62f2/Editor/Data/MonoBleedingEdge/lib/mono/unityjit-win32'
Mono config path = 'C:/Program Files/Unity/Hub/Editor/2022.3.62f2/Editor/Data/MonoBleedingEdge/etc'
Using monoOptions --debugger-agent=transport=dt_socket,embedding=1,server=y,suspend=n,address=127.0.0.1:56432
Using cacheserver namespaces - metadata:defaultmetadata, artifacts:defaultartifacts
Using cacheserver namespaces - metadata:defaultmetadata, artifacts:defaultartifacts
ImportWorker Server TCP listen port: 0
Begin MonoManager ReloadAssembly
Registering precompiled unity dll's ...
Register platform support module: C:/Program Files/Unity/Hub/Editor/2022.3.62f2/Editor/Data/PlaybackEngines/WindowsStandaloneSupport/UnityEditor.WindowsStandalone.Extensions.dll
Registered in 0.018834 seconds.
- Loaded All Assemblies, in  0.583 seconds
Native extension for WindowsStandalone target not found
Mono: successfully reloaded assembly
- Finished resetting the current domain, in  0.426 seconds
Domain Reload Profiling: 1005ms
	BeginReloadAssembly (183ms)
		ExecutionOrderSort (0ms)
		DisableScriptedObjects (0ms)
		BackupInstance (0ms)
		ReleaseScriptingObjects (0ms)
		CreateAndSetChildDomain (1ms)
	RebuildCommonClasses (53ms)
	RebuildNativeTypeToScriptingClass (18ms)
	initialDomainReloadingComplete (101ms)
	LoadAllAssembliesAndSetupDomain (224ms)
		LoadAssemblies (178ms)
		RebuildTransferFunctionScriptingTraits (0ms)
		AnalyzeDomain (221ms)
			TypeCache.Refresh (220ms)
				TypeCache.ScanAssembly (204ms)
			ScanForSourceGeneratedMonoScriptInfo (0ms)
			ResolveRequiredComponents (1ms)
	FinalizeReload (426ms)
		ReleaseScriptCaches (0ms)
		RebuildScriptCaches (0ms)
		SetupLoadedEditorAssemblies (360ms)
			LogAssemblyErrors (0ms)
			InitializePlatformSupportModulesInManaged (13ms)
			SetLoadedEditorAssemblies (7ms)
			RefreshPlugins (0ms)
			BeforeProcessingInitializeOnLoad (3ms)
			ProcessInitializeOnLoadAttributes (254ms)
			ProcessInitializeOnLoadMethodAttributes (83ms)
			AfterProcessingInitializeOnLoad (0ms)
			EditorAssembliesLoaded (0ms)
		ExecutionOrderSort2 (0ms)
		AwakeInstancesAfterBackupRestoration (0ms)
[Licensing::Client] Successfully resolved entitlement details
[Licensing::Module] Serial number assigned to: "F4-6RG9-4KD6-T4HW-2SXE-XXXX"
[Licensing::Module] Serial number assigned to: "14568601583659-UnityPersXXXX"
Application.AssetDatabase Initial Refresh Start
Starting: C:\Program Files\Unity\Hub\Editor\2022.3.62f2\Editor\Data\bee_backend.exe --ipc --defer-dag-verification --dagfile="Library/Bee/1900b0aE.dag" --continue-on-failure --profile="Library/Bee/backend1.traceevents" ScriptAssemblies
WorkingDir: C:/RoguelikePrototype/tmp/laser-offset-check
DisplayProgressbar: Compiling Scripts
ExitCode: 4 Duration: 1s113ms
Rebuilding DAG because FileSignature timestamp changed: Library/Bee/1900b0aE-inputdata.json
*** Tundra requires additional run (0.54 seconds), 14 items updated, 538 evaluated
Starting: C:\Program Files\Unity\Hub\Editor\2022.3.62f2\Editor\Data\Tools\netcorerun\netcorerun.exe "C:\Program Files\Unity\Hub\Editor\2022.3.62f2\Editor\Data\Tools\BuildPipeline\ScriptCompilationBuildProgram.exe" "Library/Bee/1900b0aE.dag.json" "Library/Bee/1900b0aE-inputdata.json" "Library\Bee\buildprogram0.traceevents"
WorkingDir: C:/RoguelikePrototype/tmp/laser-offset-check
ExitCode: 0 Duration: 0s960ms
Starting: C:\Program Files\Unity\Hub\Editor\2022.3.62f2\Editor\Data\bee_backend.exe --ipc --defer-dag-verification --dagfile="Library/Bee/1900b0aE.dag" --continue-on-failure --dagfilejson="Library\Bee\1900b0aE.dag.json" --profile="Library/Bee/backend2.traceevents" ScriptAssemblies
WorkingDir: C:/RoguelikePrototype/tmp/laser-offset-check
STDOUT:
[ApiUpdater] Total time: 7666ms, Parse response file: 152ms, Collect updater configs: 791ms, Update: 6682ms, Save: 41ms Files: 1 modified / 1 visited / 59 total (Library/Bee/artifacts/1900b0aE.dag/Unity.TextMeshPro.dll).
STDERR:
[Script Updater] Failed to resolve type 'UnityEditor.TerrainTools.TerrainPaintTool<T>'
[Script Updater] Failed to resolve type 'UnityEngine.UIElements.BaseCompositeField<TValueType,TField,TFieldValue>'
[Script Updater] Failed to resolve type 'UnityEngine.UIElements.BasePopupField<TValueType,TValueChoice>'
[Script Updater] Failed to resolve type 'UnityEngine.UIElements.PopupField<T>'
[Script Updater] Failed to resolve type 'UnityEngine.UIElements.IValueField<T>'
[Script Updater] Failed to resolve type 'UnityEngine.UIElements.TextValueField<TValueType>'
[Script Updater] Failed to resolve type 'UnityEngine.UIElements.TextValueFieldTraits<TValueType,TValueUxmlAttributeType>'
[Script Updater] Failed to resolve type 'UnityEngine.UIElements.FieldMouseDragger<T>'
[ApiUpdater] Total time: 5692ms, Parse response file: 124ms, Collect updater configs: 501ms, Update: 5048ms, Save: 19ms Files: 2 modified / 2 visited / 48 total (Library/Bee/artifacts/1900b0aE.dag/Unity.TextMeshPro.Editor.dll).
STDOUT:
[ApiUpdater] Total time: 5459ms, Parse response file: 243ms, Collect updater configs: 570ms, Update: 4637ms, Save: 9ms Files: 1 modified / 1 visited / 170 total (Library/Bee/artifacts/1900b0aE.dag/Unity.Localization.Editor.dll).
STDERR:
[Script Updater] Failed to resolve type 'UnityEngine.UIElements.BaseCompositeField<TValueType,TField,TFieldValue>'
[Script Updater] Failed to resolve type 'UnityEngine.UIElements.BasePopupField<TValueType,TValueChoice>'
[Script Updater] Failed to resolve type 'UnityEngine.UIElements.PopupField<T>'
[Script Updater] Failed to resolve type 'UnityEngine.UIElements.IValueField<T>'
[Script Updater] Failed to resolve type 'UnityEngine.UIElements.TextValueField<TValueType>'
[Script Updater] Failed to resolve type 'UnityEngine.UIElements.TextValueFieldTraits<TValueType,TValueUxmlAttributeType>'
[Script Updater] Failed to resolve type 'UnityEngine.UIElements.FieldMouseDragger<T>'
[Script Updater] Failed to resolve type 'UnityEditor.TerrainTools.TerrainPaintTool<T>'
ExitCode: 0 Duration: 55s
Finished compiling graph: 1049 nodes, 15546 flattened edges (12386 ToBuild, 176 ToUse), maximum node priority 1084
[           0s] Delete 17 artifact files that are no longer in use. (like Library\Bee\artifacts\mvdfrm\Unity.Collections.LowLevel.ILSupport.dll_2E40CE80E145E521.mvfrm)
[  96/1046  0s] WriteText Library/Bee/artifacts/1900b0aE.dag/UnityEngine.UI.dll.mvfrm.rsp
[  97/1046  0s] WriteText Library/Bee/artifacts/1900b0aE.dag/UnityEngine.UI.rsp
[ 100/1046  0s] WriteText Library/Bee/artifacts/1900b0aE.dag/UnityEditor.TestRunner.rsp
[ 103/1046  0s] WriteText Library/Bee/artifacts/1900b0aE.dag/UnityEditor.UI.dll.mvfrm.rsp
[ 104/1046  0s] WriteText Library/Bee/artifacts/1900b0aE.dag/UnityEditor.UI.rsp
[ 105/1046  0s] WriteText Library/Bee/artifacts/1900b0aE.dag/Unity.Burst.dll.mvfrm.rsp
[ 112/1046  0s] WriteText Library/Bee/artifacts/1900b0aE.dag/Unity.Burst.rsp
[ 113/1046  0s] WriteText Library/Bee/artifacts/1900b0aE.dag/UnityEngine.TestRunner.rsp
[ 114/1046  0s] MovedFromExtractor Library/Bee/artifacts/mvdfrm/Unity.Burst.Cecil.Pdb.dll_7772DEB86CC6F682.mvfrm
[ 115/1046  0s] MovedFromExtractor Library/Bee/artifacts/mvdfrm/Unity.VisualScripting.TextureAssets.dll_D43D1008DF5BBDF3.mvfrm
[ 117/1046  0s] WriteText Library/Bee/artifacts/1900b0aE.dag/Unity.Burst.CodeGen.dll.mvfrm.rsp
[ 118/1046  0s] WriteText Library/Bee/artifacts/1900b0aE.dag/Unity.Burst.CodeGen.rsp
[ 119/1046  0s] WriteText Library/Bee/artifacts/1900b0aE.dag/Unity.InputSystem.dll.mvfrm.rsp
[ 120/1046  0s] MovedFromExtractor Library/Bee/artifacts/mvdfrm/Unity.VisualScripting.IonicZip.dll_4F180BDCC9CF00D1.mvfrm
[ 121/1046  0s] WriteText Library/Bee/artifacts/1900b0aE.dag/Unity.Mathematics.dll.mvfrm.rsp
[ 122/1046  0s] WriteText Library/Bee/artifacts/1900b0aE.dag/Unity.InputSystem.rsp
[ 127/1046  0s] WriteText Library/Bee/artifacts/1900b0aE.dag/Unity.Mathematics.rsp
[ 128/1046  0s] WriteText Library/Bee/artifacts/1900b0aE.dag/Unity.RenderPipelines.Core.Runtime.dll.mvfrm.rsp
[ 131/1046  0s] WriteText Library/Bee/artifacts/1900b0aE.dag/Unity.VisualScripting.Core.dll.mvfrm.rsp
[ 132/1046  0s] WriteText Library/Bee/artifacts/1900b0aE.dag/Unity.VisualScripting.Core.rsp
[ 137/1046  0s] WriteText Library/Bee/artifacts/1900b0aE.dag/Unity.RenderPipelines.Core.Runtime.rsp
[ 144/1046  0s] WriteText Library/Bee/artifacts/1900b0aE.dag/Unity.2D.Sprite.Editor.dll.mvfrm.rsp
[ 145/1046  0s] WriteText Library/Bee/artifacts/1900b0aE.dag/Unity.2D.Sprite.Editor.rsp
[ 146/1046  0s] WriteText Library/Bee/artifacts/1900b0aE.dag/Unity.2D.Common.Runtime.dll.mvfrm.rsp
[ 155/1046  0s] WriteText Library/Bee/artifacts/1900b0aE.dag/Unity.2D.Common.Runtime.rsp
[ 156/1046  0s] WriteText Library/Bee/artifacts/1900b0aE.dag/Unity.ResourceManager.dll.mvfrm.rsp
[ 161/1046  0s] WriteText Library/Bee/artifacts/1900b0aE.dag/Unity.Collections.dll.mvfrm.rsp
[ 162/1046  0s] WriteText Library/Bee/artifacts/1900b0aE.dag/Unity.ResourceManager.rsp
[ 163/1046  0s] WriteText Library/Bee/artifacts/1900b0aE.dag/Unity.InternalAPIEngineBridge.001.dll.mvfrm.rsp
[ 164/1046  0s] WriteText Library/Bee/artifacts/1900b0aE.dag/Unity.Collections.rsp
[ 165/1046  0s] WriteText Library/Bee/artifacts/1900b0aE.dag/Unity.VisualScripting.Flow.dll.mvfrm.rsp
[ 168/1046  0s] WriteText Library/Bee/artifacts/1900b0aE.dag/Unity.RenderPipelines.Universal.Config.Runtime.dll.mvfrm.rsp
[ 169/1046  0s] WriteText Library/Bee/artifacts/1900b0aE.dag/Unity.InternalAPIEngineBridge.001.rsp
[ 170/1046  0s] WriteText Library/Bee/artifacts/1900b0aE.dag/Unity.VisualScripting.Flow.rsp
[ 171/1046  0s] WriteText Library/Bee/artifacts/1900b0aE.dag/Unity.RenderPipelines.Universal.2D.Internal.dll.mvfrm.rsp
[ 172/1046  0s] WriteResponseFile Library/Bee/artifacts/rsp/4747638433968585886.rsp
[ 173/1046  0s] WriteText Library/Bee/artifacts/1900b0aE.dag/Unity.VisualScripting.Core.Editor.dll.mvfrm.rsp
[ 174/1046  0s] WriteText Library/Bee/artifacts/1900b0aE.dag/Unity.RenderPipeline.Universal.ShaderLibrary.dll.mvfrm.rsp
[ 175/1046  0s] WriteText Library/Bee/artifacts/1900b0aE.dag/Unity.RenderPipelines.Universal.2D.Internal.rsp
[ 176/1046  0s] WriteText Library/Bee/artifacts/1900b0aE.dag/Unity.RenderPipelines.Universal.Config.Runtime.rsp
[ 178/1046  0s] WriteText Library/Bee/artifacts/1900b0aE.dag/Unity.RenderPipeline.Universal.ShaderLibrary.rsp
[ 180/1046  0s] MovedFromExtractor Library/Bee/artifacts/mvdfrm/Unity.Burst.Unsafe.dll_A517FB761D8E7EB1.mvfrm
[ 181/1046  0s] WriteText Library/Bee/artifacts/1900b0aE.dag/Unity.ScriptableBuildPipeline.dll.mvfrm.rsp
[ 182/1046  0s] WriteText Library/Bee/artifacts/1900b0aE.dag/Unity.VisualScripting.Core.Editor.rsp
[ 185/1046  0s] WriteText Library/Bee/artifacts/1900b0aE.dag/Unity.RenderPipelines.Core.Editor.dll.mvfrm.rsp
[ 189/1046  0s] WriteText Library/Bee/artifacts/1900b0aE.dag/Unity.ScriptableBuildPipeline.rsp
[ 193/1046  0s] WriteText Library/Bee/artifacts/1900b0aE.dag/Unity.Searcher.Editor.dll.mvfrm.rsp
[ 194/1046  0s] WriteText Library/Bee/artifacts/1900b0aE.dag/Unity.RenderPipelines.Core.Editor.rsp
[ 195/1046  0s] WriteText Library/Bee/artifacts/1900b0aE.dag/Unity.Searcher.Editor.rsp
[ 202/1046  0s] WriteText Library/Bee/artifacts/1900b0aE.dag/Unity.ShaderGraph.Utilities.rsp
[ 207/1046  0s] WriteText Library/Bee/artifacts/1900b0aE.dag/Unity.InternalAPIEditorBridge.001.rsp
[ 214/1046  0s] WriteText Library/Bee/artifacts/1900b0aE.dag/Unity.InternalAPIEditorBridge.001.dll.mvfrm.rsp
[ 215/1046  0s] WriteText Library/Bee/artifacts/1900b0aE.dag/Unity.ShaderGraph.Utilities.dll.mvfrm.rsp
[ 216/1046  0s] WriteText Library/Bee/artifacts/1900b0aE.dag/Unity.2D.Common.Editor.dll.mvfrm.rsp
[ 221/1046  0s] WriteText Library/Bee/artifacts/1900b0aE.dag/Unity.RenderPipelines.Universal.Runtime.dll.mvfrm.rsp
[ 222/1046  0s] WriteText Library/Bee/artifacts/1900b0aE.dag/Unity.RenderPipelines.Universal.Runtime.rsp
[ 223/1046  0s] WriteText Library/Bee/artifacts/1900b0aE.dag/Unity.Addressables.rsp
[ 224/1046  0s] WriteText Library/Bee/artifacts/1900b0aE.dag/Unity.2D.Common.Editor.rsp
[ 225/1046  0s] WriteText Library/Bee/artifacts/1900b0aE.dag/Unity.2D.Animation.Runtime.dll.mvfrm.rsp
[ 226/1046  0s] WriteText Library/Bee/artifacts/1900b0aE.dag/Unity.Addressables.dll.mvfrm.rsp
[ 227/1046  0s] WriteText Library/Bee/artifacts/1900b0aE.dag/Unity.ScriptableBuildPipeline.Editor.dll.mvfrm.rsp
[ 228/1046  0s] WriteText Library/Bee/artifacts/1900b0aE.dag/Unity.TextMeshPro.dll.mvfrm.rsp
[ 229/1046  0s] WriteText Library/Bee/artifacts/1900b0aE.dag/Unity.VisualScripting.State.dll.mvfrm.rsp
[ 230/1046  0s] WriteText Library/Bee/artifacts/1900b0aE.dag/Unity.VisualScripting.Flow.Editor.dll.mvfrm.rsp
[ 231/1046  0s] WriteText Library/Bee/artifacts/1900b0aE.dag/Unity.Mathematics.Editor.dll.mvfrm.rsp
[ 232/1046  0s] WriteText Library/Bee/artifacts/1900b0aE.dag/Unity.Burst.Editor.dll.mvfrm.rsp
[ 233/1046  0s] WriteText Library/Bee/artifacts/1900b0aE.dag/Unity.ScriptableBuildPipeline.Editor.rsp
[ 234/1046  0s] WriteText Library/Bee/artifacts/1900b0aE.dag/Unity.2D.Animation.Runtime.rsp
[ 235/1046  0s] WriteText Library/Bee/artifacts/1900b0aE.dag/Unity.TextMeshPro.rsp
[ 236/1046  0s] WriteText Library/Bee/artifacts/1900b0aE.dag/Unity.VisualScripting.State.rsp
[ 237/1046  0s] WriteText Library/Bee/artifacts/1900b0aE.dag/Unity.ShaderGraph.Editor.rsp
[ 238/1046  0s] WriteText Library/Bee/artifacts/1900b0aE.dag/Unity.VisualScripting.Flow.Editor.rsp
[ 239/1046  0s] WriteText Library/Bee/artifacts/1900b0aE.dag/Unity.AI.Navigation.Editor.ConversionSystem.dll.mvfrm.rsp
[ 240/1046  0s] WriteText Library/Bee/artifacts/1900b0aE.dag/Unity.Mathematics.Editor.rsp
[ 241/1046  0s] WriteText Library/Bee/artifacts/1900b0aE.dag/Unity.Burst.Editor.rsp
[ 244/1046  0s] WriteText Library/Bee/artifacts/1900b0aE.dag/Unity.AI.Navigation.dll.mvfrm.rsp
[ 245/1046  0s] WriteText Library/Bee/artifacts/1900b0aE.dag/Unity.AI.Navigation.rsp
[ 246/1046  0s] WriteText Library/Bee/artifacts/1900b0aE.dag/Unity.InternalAPIEngineBridge.013.dll.mvfrm.rsp
[ 248/1046  0s] WriteText Library/Bee/artifacts/1900b0aE.dag/Unity.AI.Navigation.Editor.ConversionSystem.rsp
[ 272/1046  0s] WriteText Library/Bee/artifacts/1900b0aE.dag/Unity.InternalAPIEngineBridge.013.rsp
[ 277/1046  0s] WriteText Library/Bee/artifacts/1900b0aE.dag/Unity.RenderPipelines.Universal.Editor.dll.mvfrm.rsp
[ 278/1046  0s] WriteText Library/Bee/artifacts/1900b0aE.dag/Unity.Addressables.Editor.dll.mvfrm.rsp
[ 279/1046  0s] WriteText Library/Bee/artifacts/1900b0aE.dag/Unity.2D.Animation.Editor.dll.mvfrm.rsp
[ 280/1046  0s] WriteText Library/Bee/artifacts/1900b0aE.dag/Unity.Addressables.Editor.rsp
[ 281/1046  0s] WriteText Library/Bee/artifacts/1900b0aE.dag/Unity.RenderPipelines.Universal.Editor.rsp
[ 282/1046  0s] WriteText Library/Bee/artifacts/1900b0aE.dag/Unity.2D.Animation.Editor.rsp
[ 283/1046  0s] WriteText Library/Bee/artifacts/1900b0aE.dag/Unity.2D.IK.Runtime.dll.mvfrm.rsp
[ 284/1046  0s] WriteText Library/Bee/artifacts/1900b0aE.dag/Unity.2D.Tilemap.Editor.dll.mvfrm.rsp
[ 285/1046  0s] WriteText Library/Bee/artifacts/1900b0aE.dag/Unity.VisualScripting.State.Editor.dll.mvfrm.rsp
[ 286/1046  0s] WriteText Library/Bee/artifacts/1900b0aE.dag/Unity.2D.PixelPerfect.dll.mvfrm.rsp
[ 288/1046  0s] WriteText Library/Bee/artifacts/1900b0aE.dag/Unity.Localization.dll.mvfrm.rsp
[ 290/1046  0s] WriteText Library/Bee/artifacts/1900b0aE.dag/Unity.Timeline.dll.mvfrm.rsp
[ 291/1046  0s] WriteText Library/Bee/artifacts/1900b0aE.dag/Unity.2D.Aseprite.Common.dll.mvfrm.rsp
[ 292/1046  0s] WriteText Library/Bee/artifacts/1900b0aE.dag/Unity.ShaderGraph.Editor.dll.mvfrm.rsp
[ 293/1046  0s] WriteText Library/Bee/artifacts/1900b0aE.dag/Unity.2D.Tilemap.Extras.dll.mvfrm.rsp
[ 294/1046  0s] WriteText Library/Bee/artifacts/1900b0aE.dag/Unity.2D.SpriteShape.Runtime.dll.mvfrm.rsp
[ 295/1046  0s] WriteText Library/Bee/artifacts/1900b0aE.dag/Unity.AI.Navigation.Editor.dll.mvfrm.rsp
[ 296/1046  0s] WriteText Library/Bee/artifacts/1900b0aE.dag/Unity.2D.Common.Path.Editor.dll.mvfrm.rsp
[ 297/1046  0s] WriteText Library/Bee/artifacts/1900b0aE.dag/Unity.Localization.rsp
[ 298/1046  0s] WriteText Library/Bee/artifacts/1900b0aE.dag/Unity.AI.Navigation.Editor.rsp
[ 299/1046  0s] WriteText Library/Bee/artifacts/1900b0aE.dag/Unity.Timeline.rsp
[ 300/1046  0s] WriteText Library/Bee/artifacts/1900b0aE.dag/Unity.2D.PixelPerfect.rsp
[ 301/1046  0s] WriteText Library/Bee/artifacts/1900b0aE.dag/Unity.2D.Tilemap.Extras.rsp
[ 302/1046  0s] WriteText Library/Bee/artifacts/1900b0aE.dag/Unity.2D.Tilemap.Editor.rsp
[ 303/1046  0s] WriteText Library/Bee/artifacts/1900b0aE.dag/Unity.VisualScripting.State.Editor.rsp
[ 304/1046  0s] WriteText Library/Bee/artifacts/1900b0aE.dag/Unity.2D.SpriteShape.Runtime.rsp
[ 305/1046  0s] WriteText Library/Bee/artifacts/1900b0aE.dag/Unity.2D.Aseprite.Common.rsp
[ 308/1046  0s] WriteText Library/Bee/artifacts/1900b0aE.dag/Unity.2D.Common.Path.Editor.rsp
[ 309/1046  0s] WriteText Library/Bee/artifacts/1900b0aE.dag/Unity.2D.IK.Runtime.rsp
[ 312/1046  0s] WriteText Library/Bee/artifacts/1900b0aE.dag/Unity.InternalAPIEditorBridge.013.dll.mvfrm.rsp
[ 320/1046  0s] WriteText Library/Bee/artifacts/1900b0aE.dag/PsdPlugin.dll.mvfrm.rsp
[ 322/1046  0s] WriteText Library/Bee/artifacts/1900b0aE.dag/Unity.InternalAPIEditorBridge.013.rsp
[ 348/1046  0s] MovedFromExtractor Library/Bee/artifacts/mvdfrm/Unity.VisualScripting.YamlDotNet.dll_3D1EE6B51E8E5FFB.mvfrm
[ 360/1046  0s] WriteText Library/Bee/artifacts/1900b0aE.dag/PsdPlugin.rsp
[ 362/1046  0s] WriteText Library/Bee/artifacts/1900b0aE.dag/Unity.PlasticSCM.Editor.dll.mvfrm.rsp
[ 363/1046  0s] WriteText Library/Bee/artifacts/1900b0aE.dag/NavMeshPlus.dll.mvfrm.rsp
[ 364/1046  0s] WriteText Library/Bee/artifacts/1900b0aE.dag/Unity.PlasticSCM.Editor.rsp
[ 365/1046  0s] WriteText Library/Bee/artifacts/1900b0aE.dag/Unity.2D.PixelPerfect.Editor.dll.mvfrm.rsp
[ 366/1046  0s] WriteText Library/Bee/artifacts/1900b0aE.dag/Unity.2D.Aseprite.Editor.dll.mvfrm.rsp
[ 367/1046  0s] WriteText Library/Bee/artifacts/1900b0aE.dag/Unity.2D.IK.Editor.dll.mvfrm.rsp
[ 368/1046  0s] WriteText Library/Bee/artifacts/1900b0aE.dag/Unity.RenderPipelines.ShaderGraph.ShaderGraphLibrary.dll.mvfrm.rsp
[ 369/1046  0s] WriteText Library/Bee/artifacts/1900b0aE.dag/Unity.2D.Psdimporter.Editor.dll.mvfrm.rsp
[ 370/1046  0s] WriteText Library/Bee/artifacts/1900b0aE.dag/Unity.RenderPipelines.Universal.Shaders.dll.mvfrm.rsp
[ 371/1046  0s] WriteText Library/Bee/artifacts/1900b0aE.dag/Unity.Localization.Editor.dll.mvfrm.rsp
[ 372/1046  0s] WriteText Library/Bee/artifacts/1900b0aE.dag/Unity.Timeline.Editor.dll.mvfrm.rsp
[ 373/1046  0s] WriteText Library/Bee/artifacts/1900b0aE.dag/Unity.InputSystem.ForUI.dll.mvfrm.rsp
[ 374/1046  0s] WriteText Library/Bee/artifacts/1900b0aE.dag/Unity.AI.Navigation.Updater.dll.mvfrm.rsp
[ 375/1046  0s] WriteText Library/Bee/artifacts/1900b0aE.dag/Unity.2D.Tilemap.Extras.Editor.dll.mvfrm.rsp
[ 376/1046  0s] WriteText Library/Bee/artifacts/1900b0aE.dag/Unity.2D.SpriteShape.Editor.dll.mvfrm.rsp
[ 377/1046  0s] WriteText Library/Bee/artifacts/1900b0aE.dag/Unity.RenderPipelines.Core.ShaderLibrary.dll.mvfrm.rsp
[ 379/1046  0s] WriteText Library/Bee/artifacts/1900b0aE.dag/Unity.VisualScripting.SettingsProvider.Editor.dll.mvfrm.rsp
[ 380/1046  0s] WriteText Library/Bee/artifacts/1900b0aE.dag/Unity.TextMeshPro.Editor.dll.mvfrm.rsp
[ 381/1046  0s] WriteText Library/Bee/artifacts/1900b0aE.dag/Unity.VisualScripting.Shared.Editor.dll.mvfrm.rsp
[ 382/1046  0s] WriteText Library/Bee/artifacts/1900b0aE.dag/NavMeshPlus.rsp
[ 383/1046  0s] WriteText Library/Bee/artifacts/1900b0aE.dag/VContainer.rsp
[ 384/1046  0s] WriteText Library/Bee/artifacts/1900b0aE.dag/Unity.Rider.Editor.rsp
[ 385/1046  0s] WriteText Library/Bee/artifacts/1900b0aE.dag/Unity.VisualStudio.Editor.rsp
[ 386/1046  0s] WriteText Library/Bee/artifacts/1900b0aE.dag/Unity.2D.IK.Editor.rsp
[ 387/1046  0s] WriteText Library/Bee/artifacts/1900b0aE.dag/Unity.2D.PixelPerfect.Editor.rsp
[ 388/1046  0s] WriteText Library/Bee/artifacts/1900b0aE.dag/Unity.2D.Psdimporter.Editor.rsp
[ 389/1046  0s] WriteText Library/Bee/artifacts/1900b0aE.dag/Unity.2D.Tilemap.Extras.Editor.rsp
[ 390/1046  0s] WriteText Library/Bee/artifacts/1900b0aE.dag/Unity.AI.Navigation.Updater.rsp
[ 391/1046  0s] WriteText Library/Bee/artifacts/1900b0aE.dag/Unity.Localization.Editor.rsp
[ 392/1046  0s] WriteText Library/Bee/artifacts/1900b0aE.dag/Unity.InputSystem.ForUI.rsp
[ 393/1046  0s] WriteText Library/Bee/artifacts/1900b0aE.dag/Unity.RenderPipelines.ShaderGraph.ShaderGraphLibrary.rsp
[ 394/1046  0s] WriteText Library/Bee/artifacts/1900b0aE.dag/Unity.RenderPipelines.Core.ShaderLibrary.rsp
[ 395/1046  0s] WriteText Library/Bee/artifacts/1900b0aE.dag/Unity.RenderPipelines.Universal.Shaders.rsp
[ 396/1046  0s] WriteText Library/Bee/artifacts/1900b0aE.dag/Unity.TextMeshPro.Editor.rsp
[ 397/1046  0s] WriteText Library/Bee/artifacts/1900b0aE.dag/Unity.Timeline.Editor.rsp
[ 398/1046  0s] WriteText Library/Bee/artifacts/1900b0aE.dag/Unity.VisualScripting.SettingsProvider.Editor.rsp
[ 399/1046  0s] WriteText Library/Bee/artifacts/1900b0aE.dag/Unity.Windsurf.Editor.rsp
[ 400/1046  0s] WriteText Library/Bee/artifacts/1900b0aE.dag/Unity.VisualScripting.Shared.Editor.rsp
[ 402/1046  0s] WriteText Library/Bee/artifacts/1900b0aE.dag/Unity.2D.Aseprite.Editor.rsp
[ 409/1046  0s] WriteText Library/Bee/artifacts/1900b0aE.dag/PPv2URPConverters.dll.mvfrm.rsp
[ 410/1046  0s] WriteText Library/Bee/artifacts/1900b0aE.dag/NavMeshPlusEditor.dll.mvfrm.rsp
[ 411/1046  0s] MovedFromExtractor Library/Bee/artifacts/mvdfrm/Unity.Collections.LowLevel.ILSupport.dll_A9D1CE943CFA8017.mvfrm
[ 412/1046  0s] WriteText Library/Bee/artifacts/1900b0aE.dag/VContainer.Editor.rsp
[ 415/1046  0s] WriteText Library/Bee/artifacts/1900b0aE.dag/NavMeshPlusEditor.rsp
[ 416/1046  0s] WriteText Library/Bee/artifacts/1900b0aE.dag/Assembly-CSharp.dll.mvfrm.rsp
[ 419/1046  0s] WriteText Library/Bee/artifacts/1900b0aE.dag/PPv2URPConverters.rsp
[ 422/1046  0s] WriteText Library/Bee/artifacts/1900b0aE.dag/Assembly-CSharp.rsp
[ 423/1046  0s] WriteText Library/Bee/artifacts/1900b0aE.dag/Unity.Collections.DocCodeSamples.dll.mvfrm.rsp
[ 425/1046  0s] WriteText Library/Bee/artifacts/1900b0aE.dag/Unity.CollabProxy.Editor.dll.mvfrm.rsp
[ 430/1046  0s] WriteText Library/Bee/artifacts/1900b0aE.dag/Unity.Collections.BurstCompatibilityGen.dll.mvfrm.rsp
[ 436/1046  0s] WriteText Library/Bee/artifacts/1900b0aE.dag/Assembly-CSharp-Editor.dll.mvfrm.rsp
[ 440/1046  0s] WriteText Library/Bee/artifacts/1900b0aE.dag/Unity.Collections.BurstCompatibilityGen.rsp
[ 441/1046  0s] WriteText Library/Bee/artifacts/1900b0aE.dag/Unity.InputSystem.DocCodeSamples.rsp
[ 442/1046  0s] WriteText Library/Bee/artifacts/1900b0aE.dag/Unity.InputSystem.TestFramework.rsp
[ 443/1046  0s] WriteText Library/Bee/artifacts/1900b0aE.dag/Unity.Addressables.Editor.Tests.DocExampleCode.rsp
[ 444/1046  0s] WriteText Library/Bee/artifacts/1900b0aE.dag/Unity.Collections.DocCodeSamples.rsp
[ 445/1046  0s] WriteResponseFile Library/Bee/artifacts/rsp/11169319360261780333.rsp
[ 446/1046  0s] WriteText Library/Bee/artifacts/1900b0aE.dag/Assembly-CSharp-Editor.rsp
[ 447/1046  0s] WriteResponseFile Library/Bee/artifacts/rsp/5916180605834378387.rsp
[ 448/1046  0s] WriteResponseFile Library/Bee/artifacts/rsp/18218310762646611085.rsp
[ 449/1046  0s] WriteResponseFile Library/Bee/artifacts/rsp/3961525668064847622.rsp
[ 450/1046  0s] WriteResponseFile Library/Bee/artifacts/rsp/5803490648119114145.rsp
[ 451/1046  0s] WriteResponseFile Library/Bee/artifacts/rsp/7038082120299526273.rsp
[ 452/1046  0s] WriteResponseFile Library/Bee/artifacts/rsp/10242357726576751070.rsp
[ 453/1046  0s] WriteResponseFile Library/Bee/artifacts/rsp/5546506141355401238.rsp
[ 454/1046  0s] WriteResponseFile Library/Bee/artifacts/rsp/9870516708743257357.rsp
[ 455/1046  0s] WriteResponseFile Library/Bee/artifacts/rsp/8899139255040401798.rsp
[ 456/1046  0s] WriteResponseFile Library/Bee/artifacts/rsp/3258459190130463912.rsp
[ 457/1046  0s] WriteResponseFile Library/Bee/artifacts/rsp/2157608619508796868.rsp
[ 458/1046  0s] WriteResponseFile Library/Bee/artifacts/rsp/10654825778349625970.rsp
[ 459/1046  0s] WriteResponseFile Library/Bee/artifacts/rsp/11294775302662683298.rsp
[ 460/1046  0s] WriteText Library/Bee/artifacts/1900b0aE.dag/Unity.2D.SpriteShape.Editor.rsp
[ 461/1046  0s] WriteResponseFile Library/Bee/artifacts/rsp/3064155424177982801.rsp
[ 462/1046  0s] WriteResponseFile Library/Bee/artifacts/rsp/4014436084419441659.rsp
[ 463/1046  0s] WriteResponseFile Library/Bee/artifacts/rsp/10571807241835812913.rsp
[ 464/1046  0s] WriteResponseFile Library/Bee/artifacts/rsp/4691676790321305727.rsp
[ 465/1046  0s] WriteResponseFile Library/Bee/artifacts/rsp/11932646040550446581.rsp
[ 466/1046  0s] WriteResponseFile Library/Bee/artifacts/rsp/13124968201089780350.rsp
[ 467/1046  0s] WriteResponseFile Library/Bee/artifacts/rsp/15085861467720516389.rsp
[ 468/1046  0s] WriteResponseFile Library/Bee/artifacts/rsp/1410676725171572189.rsp
[ 469/1046  0s] WriteResponseFile Library/Bee/artifacts/rsp/5249134988916615986.rsp
[ 470/1046  0s] WriteResponseFile Library/Bee/artifacts/rsp/3410860103080533286.rsp
[ 472/1046  0s] WriteResponseFile Library/Bee/artifacts/rsp/17525389461119239690.rsp
[ 473/1046  0s] WriteResponseFile Library/Bee/artifacts/rsp/11399202204774354758.rsp
[ 474/1046  0s] WriteResponseFile Library/Bee/artifacts/rsp/12743953686143551850.rsp
[ 475/1046  0s] WriteResponseFile Library/Bee/artifacts/rsp/10010842633742469623.rsp
[ 476/1046  0s] WriteResponseFile Library/Bee/artifacts/rsp/10654656162358534522.rsp
[ 477/1046  0s] WriteResponseFile Library/Bee/artifacts/rsp/14832617886295879631.rsp
[ 478/1046  0s] WriteResponseFile Library/Bee/artifacts/rsp/10678863128556690338.rsp
[ 479/1046  0s] WriteResponseFile Library/Bee/artifacts/rsp/1418726328684876121.rsp
[ 480/1046  0s] WriteResponseFile Library/Bee/artifacts/rsp/13686715218353603589.rsp
[ 481/1046  0s] WriteResponseFile Library/Bee/artifacts/rsp/17346584914308636752.rsp
[ 482/1046  0s] WriteResponseFile Library/Bee/artifacts/rsp/11344994280883157806.rsp
[ 483/1046  0s] WriteResponseFile Library/Bee/artifacts/rsp/3648465134513896125.rsp
[ 484/1046  0s] WriteResponseFile Library/Bee/artifacts/rsp/12697856024727907050.rsp
[ 485/1046  0s] WriteResponseFile Library/Bee/artifacts/rsp/17766336155681823506.rsp
[ 486/1046  0s] WriteResponseFile Library/Bee/artifacts/rsp/10292501669419677951.rsp
[ 487/1046  0s] WriteResponseFile Library/Bee/artifacts/rsp/13439087796855272166.rsp
[ 488/1046  0s] WriteResponseFile Library/Bee/artifacts/rsp/7902948547077102519.rsp
[ 489/1046  0s] WriteResponseFile Library/Bee/artifacts/rsp/17738801749825545598.rsp
[ 490/1046  0s] MovedFromExtractor Library/Bee/artifacts/mvdfrm/Unity.VisualScripting.Antlr3.Runtime.dll_EE8C0D964F57701A.mvfrm
[ 491/1046  0s] WriteResponseFile Library/Bee/artifacts/rsp/8863518860715653438.rsp
[ 492/1046  0s] MovedFromExtractor Library/Bee/artifacts/mvdfrm/Unity.Plastic.Antlr3.Runtime.dll_CAF2879A0E529303.mvfrm
[ 493/1046  0s] WriteResponseFile Library/Bee/artifacts/rsp/3938377011463375229.rsp
[ 494/1046  0s] WriteResponseFile Library/Bee/artifacts/rsp/12248871281822510316.rsp
[ 495/1046  0s] WriteResponseFile Library/Bee/artifacts/rsp/14402696373757716438.rsp
[ 496/1046  0s] WriteResponseFile Library/Bee/artifacts/rsp/6667537176526942323.rsp
[ 497/1046  0s] WriteResponseFile Library/Bee/artifacts/rsp/14814235663552238418.rsp
[ 498/1046  0s] WriteResponseFile Library/Bee/artifacts/rsp/6841316898876630997.rsp
[ 499/1046  0s] WriteResponseFile Library/Bee/artifacts/rsp/4772145154433932943.rsp
[ 500/1046  0s] WriteResponseFile Library/Bee/artifacts/rsp/16942202937359522267.rsp
[ 501/1046  0s] WriteResponseFile Library/Bee/artifacts/rsp/2499735490941455596.rsp
[ 502/1046  0s] WriteResponseFile Library/Bee/artifacts/rsp/16830984227833555321.rsp
[ 503/1046  0s] WriteResponseFile Library/Bee/artifacts/rsp/5521740788080646575.rsp
[ 504/1046  0s] WriteResponseFile Library/Bee/artifacts/rsp/13161074935061860464.rsp
[ 505/1046  0s] WriteResponseFile Library/Bee/artifacts/rsp/13445476680238899994.rsp
[ 506/1046  0s] WriteResponseFile Library/Bee/artifacts/rsp/3043913547040211301.rsp
[ 507/1046  0s] WriteResponseFile Library/Bee/artifacts/rsp/6210570011482043853.rsp
[ 508/1046  0s] WriteResponseFile Library/Bee/artifacts/rsp/15183149355271759364.rsp
[ 509/1046  0s] WriteResponseFile Library/Bee/artifacts/rsp/1723042715960067801.rsp
[ 510/1046  0s] WriteText Library/Bee/artifacts/1900b0aE.dag/Unity.CollabProxy.Editor.rsp
[ 511/1046  0s] WriteResponseFile Library/Bee/artifacts/rsp/7759033573704817190.rsp
[ 512/1046  0s] WriteResponseFile Library/Bee/artifacts/rsp/9675442845102135732.rsp
[ 513/1046  0s] WriteResponseFile Library/Bee/artifacts/rsp/7168266853217099875.rsp
[ 514/1046  0s] WriteResponseFile Library/Bee/artifacts/rsp/6947401630772442630.rsp
[ 515/1046  0s] WriteResponseFile Library/Bee/artifacts/rsp/15394042617203071315.rsp
[ 516/1046  0s] WriteResponseFile Library/Bee/artifacts/rsp/9111662996337956171.rsp
[ 517/1046  0s] WriteResponseFile Library/Bee/artifacts/rsp/17023088025787609436.rsp
[ 518/1046  0s] WriteResponseFile Library/Bee/artifacts/rsp/2240406767038398906.rsp
[ 519/1046  0s] WriteResponseFile Library/Bee/artifacts/rsp/7634377931854478575.rsp
[ 520/1046  0s] WriteResponseFile Library/Bee/artifacts/rsp/11295897478892413411.rsp
[ 521/1046  0s] WriteResponseFile Library/Bee/artifacts/rsp/3818794330681902346.rsp
[ 522/1046  0s] WriteResponseFile Library/Bee/artifacts/rsp/5806762800881712256.rsp
[ 523/1046  0s] WriteResponseFile Library/Bee/artifacts/rsp/2400031028012695012.rsp
[ 524/1046  0s] WriteResponseFile Library/Bee/artifacts/rsp/8336928665352126947.rsp
[ 525/1046  0s] WriteResponseFile Library/Bee/artifacts/rsp/3388064732626934676.rsp
[ 526/1046  0s] WriteResponseFile Library/Bee/artifacts/rsp/16285879237017002407.rsp
[ 527/1046  0s] WriteResponseFile Library/Bee/artifacts/rsp/2781082588993088484.rsp
[ 528/1046  0s] WriteResponseFile Library/Bee/artifacts/rsp/12812556936427222528.rsp
[ 529/1046  0s] WriteResponseFile Library/Bee/artifacts/rsp/15312589170787849123.rsp
[ 530/1046  0s] WriteResponseFile Library/Bee/artifacts/rsp/2748579161423703319.rsp
[ 531/1046  0s] WriteResponseFile Library/Bee/artifacts/rsp/9703144790800738880.rsp
[ 532/1046  0s] MovedFromExtractor Library/Bee/artifacts/mvdfrm/Unity.Plastic.Newtonsoft.Json.dll_9E613837ED2F7C82.mvfrm
[ 533/1046  0s] WriteResponseFile Library/Bee/artifacts/rsp/11120222558271035938.rsp
[ 534/1046  0s] MovedFromExtractor Library/Bee/artifacts/mvdfrm/Unity.Burst.Cecil.Mdb.dll_60206648EE11F4FF.mvfrm
[ 535/1046  0s] MovedFromExtractor Library/Bee/artifacts/mvdfrm/Unity.Burst.Cecil.dll_71CBC90510A57142.mvfrm
[ 536/1046  0s] MovedFromExtractorCombine Library/Bee/artifacts/1900b0aE.dag/UnityEngine.UI.dll.mvfrm
[ 537/1046  0s] MovedFromExtractor Library/Bee/artifacts/mvdfrm/Unity.Burst.Cecil.Rocks.dll_27DE205084783AE2.mvfrm
[ 538/1046  0s] MovedFromExtractor Library/Bee/artifacts/mvdfrm/Unity.Localization.ThirdParty.Editor.dll_3DE1849169A657DD.mvfrm
[ 539/1046  0s] Csc Library/Bee/artifacts/1900b0aE.dag/UnityEngine.TestRunner.dll (+2 others)
[           0s] Csc Library/Bee/artifacts/1900b0aE.dag/UnityEngine.TestRunner.dll (+2 others) [CacheWrite 00000000000000000000000000000003]
[ 540/1046  0s] CopyFiles Library/ScriptAssemblies/UnityEngine.TestRunner.pdb
[ 541/1046  0s] CopyFiles Library/ScriptAssemblies/UnityEngine.TestRunner.dll
[ 542/1046  0s] Csc Library/Bee/artifacts/1900b0aE.dag/UnityEngine.UI.dll (+2 others)
[           0s] Csc Library/Bee/artifacts/1900b0aE.dag/UnityEngine.UI.dll (+2 others) [CacheWrite 00000000000000000000000000000003]
[ 543/1046  0s] MovedFromExtractor Library/Bee/artifacts/mvdfrm/UnityEngine.TestRunner.ref.dll_E55D0F7C63F01D9E.mvfrm
[ 544/1046  0s] MovedFromExtractorCombine Library/Bee/artifacts/1900b0aE.dag/UnityEditor.TestRunner.dll.mvfrm
[ 545/1046  0s] MovedFromExtractor Library/Bee/artifacts/mvdfrm/UnityEngine.UI.ref.dll_08FEAA520A2EFD60.mvfrm
[ 546/1046  0s] Csc Library/Bee/artifacts/1900b0aE.dag/UnityEditor.TestRunner.dll (+2 others)
C:\RoguelikePrototype\Library\PackageCache\com.unity.test-framework@1.1.33\UnityEditor.TestRunner\TestLaunchers\PlatformSetup\PlatformSpecificSetup.cs(118,18): warning CS0618: 'BuildTarget.Lumin' is obsolete: 'Lumin has been removed in 2022.2'

C:\RoguelikePrototype\Library\PackageCache\com.unity.test-framework@1.1.33\UnityEditor.TestRunner\TestLaunchers\PlatformSetup\UwpPlatformSetup.cs(26,17): warning CS0618: 'EditorUserBuildSettings.wsaSubtarget' is obsolete: 'EditorUserBuildSettings.wsaSubtarget is obsolete and has no effect. It will be removed in a subsequent Unity release.'

C:\RoguelikePrototype\Library\PackageCache\com.unity.test-framework@1.1.33\UnityEditor.TestRunner\TestLaunchers\PlatformSetup\UwpPlatformSetup.cs(26,56): warning CS0618: 'WSASubtarget' is obsolete: 'WSASubtarget is obsolete and has no effect. It will be removed in a subsequent Unity release.'

C:\RoguelikePrototype\Library\PackageCache\com.unity.test-framework@1.1.33\UnityEditor.TestRunner\TestLaunchers\PlayerLauncher.cs(138,59): warning CS0618: 'BuildTarget.Lumin' is obsolete: 'Lumin has been removed in 2022.2'
[           0s] Csc Library/Bee/artifacts/1900b0aE.dag/UnityEditor.TestRunner.dll (+2 others) [CacheWrite 00000000000000000000000000000003]
[ 547/1046  0s] CopyFiles Library/ScriptAssemblies/UnityEditor.TestRunner.pdb
[ 548/1046  0s] CopyFiles Library/ScriptAssemblies/UnityEditor.TestRunner.dll
[ 549/1046  0s] MovedFromExtractor Library/Bee/artifacts/mvdfrm/UnityEditor.TestRunner.ref.dll_193EC4CE382CBFB3.mvfrm
[ 550/1046  0s] MovedFromExtractorCombine Library/Bee/artifacts/1900b0aE.dag/UnityEditor.UI.dll.mvfrm
[ 551/1046  0s] Csc Library/Bee/artifacts/1900b0aE.dag/UnityEditor.UI.dll (+2 others)
[           0s] Csc Library/Bee/artifacts/1900b0aE.dag/UnityEditor.UI.dll (+2 others) [CacheWrite 00000000000000000000000000000003]
[ 552/1046  0s] MovedFromExtractor Library/Bee/artifacts/mvdfrm/UnityEditor.UI.ref.dll_4C98D3F7040CD4F5.mvfrm
[ 553/1046  0s] MovedFromExtractorCombine Library/Bee/artifacts/1900b0aE.dag/Unity.ResourceManager.dll.mvfrm
[ 554/1046  0s] MovedFromExtractorCombine Library/Bee/artifacts/1900b0aE.dag/Unity.2D.Sprite.Editor.dll.mvfrm
[ 555/1046  0s] MovedFromExtractorCombine Library/Bee/artifacts/1900b0aE.dag/Unity.Searcher.Editor.dll.mvfrm
[ 556/1046  0s] MovedFromExtractorCombine Library/Bee/artifacts/1900b0aE.dag/Unity.Burst.dll.mvfrm
[ 557/1046  0s] MovedFromExtractorCombine Library/Bee/artifacts/1900b0aE.dag/Unity.ScriptableBuildPipeline.dll.mvfrm
[ 558/1046  0s] MovedFromExtractorCombine Library/Bee/artifacts/1900b0aE.dag/Unity.RenderPipelines.Universal.2D.Internal.dll.mvfrm
[ 559/1046  0s] MovedFromExtractorCombine Library/Bee/artifacts/1900b0aE.dag/Unity.AI.Navigation.dll.mvfrm
[ 560/1046  0s] MovedFromExtractorCombine Library/Bee/artifacts/1900b0aE.dag/Unity.Mathematics.dll.mvfrm
[ 561/1046  0s] MovedFromExtractorCombine Library/Bee/artifacts/1900b0aE.dag/Unity.ShaderGraph.Utilities.dll.mvfrm
[ 562/1046  0s] MovedFromExtractorCombine Library/Bee/artifacts/1900b0aE.dag/Unity.TextMeshPro.dll.mvfrm
[ 563/1046  0s] MovedFromExtractorCombine Library/Bee/artifacts/1900b0aE.dag/Unity.InputSystem.dll.mvfrm
[ 564/1046  0s] MovedFromExtractorCombine Library/Bee/artifacts/1900b0aE.dag/Unity.InternalAPIEngineBridge.001.dll.mvfrm
[ 565/1046  0s] MovedFromExtractorCombine Library/Bee/artifacts/1900b0aE.dag/Unity.AI.Navigation.Editor.ConversionSystem.dll.mvfrm
[ 566/1046  0s] Csc Library/Bee/artifacts/1900b0aE.dag/Unity.RenderPipelines.Universal.2D.Internal.dll (+2 others)
[ 567/1046  0s] Csc Library/Bee/artifacts/1900b0aE.dag/Unity.ScriptableBuildPipeline.dll (+2 others)
[ 568/1046  0s] Csc Library/Bee/artifacts/1900b0aE.dag/Unity.ShaderGraph.Utilities.dll (+2 others)
[ 569/1046  0s] Csc Library/Bee/artifacts/1900b0aE.dag/Unity.InternalAPIEngineBridge.001.dll (+2 others)
[           0s] Csc Library/Bee/artifacts/1900b0aE.dag/Unity.ScriptableBuildPipeline.dll (+2 others) [CacheWrite 00000000000000000000000000000003]
[           0s] Csc Library/Bee/artifacts/1900b0aE.dag/Unity.RenderPipelines.Universal.2D.Internal.dll (+2 others) [CacheWrite 00000000000000000000000000000003]
[           0s] Csc Library/Bee/artifacts/1900b0aE.dag/Unity.ShaderGraph.Utilities.dll (+2 others) [CacheWrite 00000000000000000000000000000003]
[           0s] Csc Library/Bee/artifacts/1900b0aE.dag/Unity.InternalAPIEngineBridge.001.dll (+2 others) [CacheWrite 00000000000000000000000000000003]
[ 570/1046  0s] Csc Library/Bee/artifacts/1900b0aE.dag/Unity.Searcher.Editor.dll (+2 others)
C:\RoguelikePrototype\Library\PackageCache\com.unity.searcher@4.9.2\Editor\Searcher\SearcherControl.cs(73,17): warning CS0618: 'BaseVerticalCollectionView.onItemsChosen' is obsolete: 'onItemsChosen is deprecated, use itemsChosen instead'

C:\RoguelikePrototype\Library\PackageCache\com.unity.searcher@4.9.2\Editor\Searcher\SearcherControl.cs(74,17): warning CS0618: 'BaseVerticalCollectionView.onSelectionChange' is obsolete: 'onSelectionChange is deprecated, use selectionChanged instead'
[           0s] Csc Library/Bee/artifacts/1900b0aE.dag/Unity.Searcher.Editor.dll (+2 others) [CacheWrite 00000000000000000000000000000003]
[ 571/1046  0s] MovedFromExtractor Library/Bee/artifacts/mvdfrm/Unity.ScriptableBuildPipeline.ref.dll_27C8026E25690113.mvfrm
[ 572/1046  0s] MovedFromExtractor Library/Bee/artifacts/mvdfrm/Unity.RenderPipelines.Universal.2D.Internal.ref.dll_EF7AD60E316C51AB.mvfrm
[ 573/1046  0s] MovedFromExtractor Library/Bee/artifacts/mvdfrm/Unity.ShaderGraph.Utilities.ref.dll_0524057423981A9D.mvfrm
[ 574/1046  0s] MovedFromExtractor Library/Bee/artifacts/mvdfrm/Unity.InternalAPIEngineBridge.001.ref.dll_B4F0ACC15A996E43.mvfrm
[ 575/1046  0s] Csc Library/Bee/artifacts/1900b0aE.dag/Unity.AI.Navigation.Editor.ConversionSystem.dll (+2 others)
[           0s] Csc Library/Bee/artifacts/1900b0aE.dag/Unity.AI.Navigation.Editor.ConversionSystem.dll (+2 others) [CacheWrite 00000000000000000000000000000003]
[ 576/1046  0s] MovedFromExtractorCombine Library/Bee/artifacts/1900b0aE.dag/Unity.InternalAPIEngineBridge.013.dll.mvfrm
[ 577/1046  0s] MovedFromExtractorCombine Library/Bee/artifacts/1900b0aE.dag/Unity.ScriptableBuildPipeline.Editor.dll.mvfrm
[ 578/1046  0s] MovedFromExtractor Library/Bee/artifacts/mvdfrm/Unity.Searcher.Editor.ref.dll_12B7E1785E41BE0E.mvfrm
[ 579/1046  0s] MovedFromExtractorCombine Library/Bee/artifacts/1900b0aE.dag/Unity.2D.IK.Runtime.dll.mvfrm
[ 580/1046  0s] Csc Library/Bee/artifacts/1900b0aE.dag/Unity.2D.Sprite.Editor.dll (+2 others)
[ 581/1046  0s] MovedFromExtractor Library/Bee/artifacts/mvdfrm/Unity.AI.Navigation.Editor.ConversionSystem.ref.dll_D58562F0DF82BCBA.mvfrm
[ 582/1046  0s] MovedFromExtractorCombine Library/Bee/artifacts/1900b0aE.dag/Unity.2D.PixelPerfect.dll.mvfrm
[ 583/1046  0s] MovedFromExtractorCombine Library/Bee/artifacts/1900b0aE.dag/Unity.2D.Common.Path.Editor.dll.mvfrm
[           0s] Csc Library/Bee/artifacts/1900b0aE.dag/Unity.2D.Sprite.Editor.dll (+2 others) [CacheWrite 00000000000000000000000000000003]
[ 584/1046  0s] Csc Library/Bee/artifacts/1900b0aE.dag/Unity.AI.Navigation.dll (+2 others)
[ 585/1046  0s] Csc Library/Bee/artifacts/1900b0aE.dag/Unity.ResourceManager.dll (+2 others)
[ 586/1046  0s] MovedFromExtractorCombine Library/Bee/artifacts/1900b0aE.dag/Unity.2D.Tilemap.Extras.dll.mvfrm
[           0s] Csc Library/Bee/artifacts/1900b0aE.dag/Unity.AI.Navigation.dll (+2 others) [CacheWrite 00000000000000000000000000000003]
[ 587/1046  0s] Csc Library/Bee/artifacts/1900b0aE.dag/Unity.InternalAPIEngineBridge.013.dll (+2 others)
[ 588/1046  0s] MovedFromExtractorCombine Library/Bee/artifacts/1900b0aE.dag/Unity.Timeline.dll.mvfrm
[           0s] Csc Library/Bee/artifacts/1900b0aE.dag/Unity.ResourceManager.dll (+2 others) [CacheWrite 00000000000000000000000000000003]
[ 589/1046  0s] MovedFromExtractorCombine Library/Bee/artifacts/1900b0aE.dag/Unity.2D.Tilemap.Editor.dll.mvfrm
[           0s] Csc Library/Bee/artifacts/1900b0aE.dag/Unity.InternalAPIEngineBridge.013.dll (+2 others) [CacheWrite 00000000000000000000000000000003]
[ 590/1046  0s] MovedFromExtractor Library/Bee/artifacts/mvdfrm/Unity.2D.Sprite.Editor.ref.dll_DDBAA27A82CE9E28.mvfrm
[ 591/1046  0s] MovedFromExtractor Library/Bee/artifacts/mvdfrm/Unity.AI.Navigation.ref.dll_407F07063643C512.mvfrm
[ 592/1046  1s] Csc Library/Bee/artifacts/1900b0aE.dag/Unity.Burst.dll (+2 others)
[ 593/1046  0s] MovedFromExtractor Library/Bee/artifacts/mvdfrm/Unity.ResourceManager.ref.dll_56EDCE417F1B8EC7.mvfrm
[ 594/1046  0s] MovedFromExtractorCombine Library/Bee/artifacts/1900b0aE.dag/Unity.InternalAPIEditorBridge.001.dll.mvfrm
[ 595/1046  0s] MovedFromExtractor Library/Bee/artifacts/mvdfrm/Unity.InternalAPIEngineBridge.013.ref.dll_5ACF494D54C72A54.mvfrm
[ 596/1046  0s] MovedFromExtractorCombine Library/Bee/artifacts/1900b0aE.dag/Unity.Addressables.dll.mvfrm
[           0s] Csc Library/Bee/artifacts/1900b0aE.dag/Unity.Burst.dll (+2 others) [CacheWrite 00000000000000000000000000000003]
[ 597/1046  0s] MovedFromExtractorCombine Library/Bee/artifacts/1900b0aE.dag/Unity.AI.Navigation.Editor.dll.mvfrm
[ 598/1046  2s] Csc Library/Bee/artifacts/1900b0aE.dag/Unity.TextMeshPro.dll (+2 others)
C:\RoguelikePrototype\Library\PackageCache\com.unity.textmeshpro@3.0.7\Scripts\Runtime\TMP_FontAsset.cs(1508,17): warning CS0618: 'Texture2D.Resize(int, int)' is obsolete: 'Texture2D.Resize(int, int) has been deprecated because it actually reinitializes the texture. Use Texture2D.Reinitialize(int, int) instead (UnityUpgradable) -> Reinitialize([*] System.Int32, [*] System.Int32)'

C:\RoguelikePrototype\Library\PackageCache\com.unity.textmeshpro@3.0.7\Scripts\Runtime\TMP_FontAsset.cs(1730,17): warning CS0618: 'Texture2D.Resize(int, int)' is obsolete: 'Texture2D.Resize(int, int) has been deprecated because it actually reinitializes the texture. Use Texture2D.Reinitialize(int, int) instead (UnityUpgradable) -> Reinitialize([*] System.Int32, [*] System.Int32)'

C:\RoguelikePrototype\Library\PackageCache\com.unity.textmeshpro@3.0.7\Scripts\Runtime\TMP_FontAsset.cs(2074,17): warning CS0618: 'Texture2D.Resize(int, int)' is obsolete: 'Texture2D.Resize(int, int) has been deprecated because it actually reinitializes the texture. Use Texture2D.Reinitialize(int, int) instead (UnityUpgradable) -> Reinitialize([*] System.Int32, [*] System.Int32)'

C:\RoguelikePrototype\Library\PackageCache\com.unity.textmeshpro@3.0.7\Scripts\Runtime\TMP_FontAsset.cs(2444,17): warning CS0618: 'Texture2D.Resize(int, int)' is obsolete: 'Texture2D.Resize(int, int) has been deprecated because it actually reinitializes the texture. Use Texture2D.Reinitialize(int, int) instead (UnityUpgradable) -> Reinitialize([*] System.Int32, [*] System.Int32)'

C:\RoguelikePrototype\Library\PackageCache\com.unity.textmeshpro@3.0.7\Scripts\Runtime\TMP_FontAsset.cs(2846,17): warning CS0618: 'Texture2D.Resize(int, int, TextureFormat, bool)' is obsolete: 'Texture2D.Resize(int, int, TextureFormat, bool) has been deprecated because it actually reinitializes the texture. Use Texture2D.Reinitialize(int, int, TextureFormat, bool) instead (UnityUpgradable) -> Reinitialize([*] System.Int32, [*] System.Int32, UnityEngine.TextureFormat, [*] System.Boolean)'

C:\RoguelikePrototype\Library\PackageCache\com.unity.textmeshpro@3.0.7\Scripts\Runtime\TMP_FontAsset.cs(2850,17): warning CS0618: 'Texture2D.Resize(int, int, TextureFormat, bool)' is obsolete: 'Texture2D.Resize(int, int, TextureFormat, bool) has been deprecated because it actually reinitializes the texture. Use Texture2D.Reinitialize(int, int, TextureFormat, bool) instead (UnityUpgradable) -> Reinitialize([*] System.Int32, [*] System.Int32, UnityEngine.TextureFormat, [*] System.Boolean)'
[ 599/1046  1s] Csc Library/Bee/artifacts/1900b0aE.dag/Unity.2D.Tilemap.Extras.dll (+2 others)
[           0s] Csc Library/Bee/artifacts/1900b0aE.dag/Unity.TextMeshPro.dll (+2 others) [CacheWrite 00000000000000000000000000000003]
[           0s] Csc Library/Bee/artifacts/1900b0aE.dag/Unity.2D.Tilemap.Extras.dll (+2 others) [CacheWrite 00000000000000000000000000000003]
[ 600/1046  0s] MovedFromExtractor Library/Bee/artifacts/mvdfrm/Unity.Burst.ref.dll_F30DFA20C0DD1968.mvfrm
[ 601/1046  1s] Csc Library/Bee/artifacts/1900b0aE.dag/Unity.ScriptableBuildPipeline.Editor.dll (+2 others)
[ 602/1046  1s] Csc Library/Bee/artifacts/1900b0aE.dag/Unity.Timeline.dll (+2 others)
[           0s] Csc Library/Bee/artifacts/1900b0aE.dag/Unity.Timeline.dll (+2 others) [CacheWrite 00000000000000000000000000000003]
[ 603/1046  0s] MovedFromExtractorCombine Library/Bee/artifacts/1900b0aE.dag/Unity.Burst.CodeGen.dll.mvfrm
[           0s] Csc Library/Bee/artifacts/1900b0aE.dag/Unity.ScriptableBuildPipeline.Editor.dll (+2 others) [CacheWrite 00000000000000000000000000000003]
[ 604/1046  1s] Csc Library/Bee/artifacts/1900b0aE.dag/Unity.InternalAPIEditorBridge.001.dll (+2 others)
[ 605/1046  0s] MovedFromExtractor Library/Bee/artifacts/mvdfrm/Unity.TextMeshPro.ref.dll_84A4293DBDD182DB.mvfrm
[           0s] Csc Library/Bee/artifacts/1900b0aE.dag/Unity.InternalAPIEditorBridge.001.dll (+2 others) [CacheWrite 00000000000000000000000000000003]
[ 606/1046  3s] Csc Library/Bee/artifacts/1900b0aE.dag/Unity.Mathematics.dll (+2 others)
[ 607/1046  0s] Csc Library/Bee/artifacts/1900b0aE.dag/Unity.2D.PixelPerfect.dll (+2 others)
[ 608/1046  0s] MovedFromExtractorCombine Library/Bee/artifacts/1900b0aE.dag/Unity.Burst.Editor.dll.mvfrm
[ 609/1046  0s] MovedFromExtractor Library/Bee/artifacts/mvdfrm/Unity.ScriptableBuildPipeline.Editor.ref.dll_4B3FCA9E6B3358CE.mvfrm
[ 610/1046  1s] Csc Library/Bee/artifacts/1900b0aE.dag/Unity.AI.Navigation.Editor.dll (+2 others)
[           0s] Csc Library/Bee/artifacts/1900b0aE.dag/Unity.Mathematics.dll (+2 others) [CacheWrite 00000000000000000000000000000003]
[           0s] Csc Library/Bee/artifacts/1900b0aE.dag/Unity.2D.PixelPerfect.dll (+2 others) [CacheWrite 00000000000000000000000000000003]
[ 611/1046  0s] MovedFromExtractor Library/Bee/artifacts/mvdfrm/Unity.InternalAPIEditorBridge.001.ref.dll_C275F416F58A86FE.mvfrm
[           0s] Csc Library/Bee/artifacts/1900b0aE.dag/Unity.AI.Navigation.Editor.dll (+2 others) [CacheWrite 00000000000000000000000000000003]
[ 612/1046  0s] Csc Library/Bee/artifacts/1900b0aE.dag/Unity.2D.Common.Path.Editor.dll (+2 others)
[ 613/1046  0s] MovedFromExtractorCombine Library/Bee/artifacts/1900b0aE.dag/Unity.InternalAPIEditorBridge.013.dll.mvfrm
[ 614/1046  0s] MovedFromExtractorCombine Library/Bee/artifacts/1900b0aE.dag/PsdPlugin.dll.mvfrm
[           0s] Csc Library/Bee/artifacts/1900b0aE.dag/Unity.2D.Common.Path.Editor.dll (+2 others) [CacheWrite 00000000000000000000000000000003]
[ 615/1046  0s] MovedFromExtractor Library/Bee/artifacts/mvdfrm/Unity.Mathematics.ref.dll_E8EFDB1B8D5C174E.mvfrm
[ 616/1046  1s] Csc Library/Bee/artifacts/1900b0aE.dag/Unity.Addressables.dll (+2 others)
[ 617/1046  0s] Csc Library/Bee/artifacts/1900b0aE.dag/Unity.Burst.CodeGen.dll (+2 others)
[ 618/1046  0s] MovedFromExtractor Library/Bee/artifacts/mvdfrm/Unity.2D.PixelPerfect.ref.dll_88C9F7A57CCB704B.mvfrm
[ 619/1046  0s] MovedFromExtractor Library/Bee/artifacts/mvdfrm/Unity.AI.Navigation.Editor.ref.dll_7989A1C8D57EF9BF.mvfrm
[ 620/1046  0s] Csc Library/Bee/artifacts/1900b0aE.dag/Unity.2D.IK.Runtime.dll (+2 others)
[           0s] Csc Library/Bee/artifacts/1900b0aE.dag/Unity.Addressables.dll (+2 others) [CacheWrite 00000000000000000000000000000003]
[           0s] Csc Library/Bee/artifacts/1900b0aE.dag/Unity.Burst.CodeGen.dll (+2 others) [CacheWrite 00000000000000000000000000000003]
[           0s] Csc Library/Bee/artifacts/1900b0aE.dag/Unity.2D.IK.Runtime.dll (+2 others) [CacheWrite 00000000000000000000000000000003]
[ 621/1046  0s] MovedFromExtractorCombine Library/Bee/artifacts/1900b0aE.dag/Unity.Collections.dll.mvfrm
[ 622/1046  0s] MovedFromExtractorCombine Library/Bee/artifacts/1900b0aE.dag/Unity.2D.Common.Runtime.dll.mvfrm
[ 623/1046  0s] MovedFromExtractorCombine Library/Bee/artifacts/1900b0aE.dag/Unity.Mathematics.Editor.dll.mvfrm
[ 624/1046  0s] MovedFromExtractorCombine Library/Bee/artifacts/1900b0aE.dag/Unity.2D.Aseprite.Common.dll.mvfrm
[ 625/1046  0s] MovedFromExtractor Library/Bee/artifacts/mvdfrm/Unity.Addressables.ref.dll_E8DB4810C9946D63.mvfrm
[ 626/1046  0s] Csc Library/Bee/artifacts/1900b0aE.dag/Unity.InternalAPIEditorBridge.013.dll (+2 others)
[ 627/1046  0s] MovedFromExtractor Library/Bee/artifacts/mvdfrm/Unity.2D.IK.Runtime.ref.dll_16F22BA31A1D34C0.mvfrm
[           0s] Csc Library/Bee/artifacts/1900b0aE.dag/Unity.InternalAPIEditorBridge.013.dll (+2 others) [CacheWrite 00000000000000000000000000000003]
[ 628/1046  1s] Csc Library/Bee/artifacts/1900b0aE.dag/Unity.2D.Tilemap.Editor.dll (+2 others)
[ 629/1046  0s] MovedFromExtractorCombine Library/Bee/artifacts/1900b0aE.dag/Unity.Localization.dll.mvfrm
[ 630/1046  0s] MovedFromExtractorCombine Library/Bee/artifacts/1900b0aE.dag/Unity.Addressables.Editor.dll.mvfrm
[           0s] Csc Library/Bee/artifacts/1900b0aE.dag/Unity.2D.Tilemap.Editor.dll (+2 others) [CacheWrite 00000000000000000000000000000003]
[ 631/1046  0s] MovedFromExtractor Library/Bee/artifacts/mvdfrm/Unity.2D.Common.Path.Editor.ref.dll_011CCB039EE5F887.mvfrm
[ 632/1046  0s] Csc Library/Bee/artifacts/1900b0aE.dag/Unity.2D.Common.Runtime.dll (+2 others)
[ 633/1046  0s] Csc Library/Bee/artifacts/1900b0aE.dag/Unity.Mathematics.Editor.dll (+2 others)
[ 634/1046  1s] ILPP-Configuration Library/ilpp-configuration.nevergeneratedoutput
[ 635/1046  0s] Csc Library/Bee/artifacts/1900b0aE.dag/Unity.2D.Aseprite.Common.dll (+2 others)
[           0s] Csc Library/Bee/artifacts/1900b0aE.dag/Unity.Mathematics.Editor.dll (+2 others) [CacheWrite 00000000000000000000000000000003]
[           0s] Csc Library/Bee/artifacts/1900b0aE.dag/Unity.2D.Common.Runtime.dll (+2 others) [CacheWrite 00000000000000000000000000000003]
[           0s] Csc Library/Bee/artifacts/1900b0aE.dag/Unity.2D.Aseprite.Common.dll (+2 others) [CacheWrite 00000000000000000000000000000003]
[ 636/1046  0s] MovedFromExtractor Library/Bee/artifacts/mvdfrm/Unity.2D.Tilemap.Editor.ref.dll_436C0E2610862891.mvfrm
[ 637/1046  0s] Csc Library/Bee/artifacts/1900b0aE.dag/PsdPlugin.dll (+2 others)
[ 638/1046  0s] MovedFromExtractor Library/Bee/artifacts/mvdfrm/Unity.Timeline.ref.dll_621CDDF9C514DF8F.mvfrm
[           0s] Csc Library/Bee/artifacts/1900b0aE.dag/PsdPlugin.dll (+2 others) [CacheWrite 00000000000000000000000000000003]
[ 639/1046  0s] MovedFromExtractor Library/Bee/artifacts/mvdfrm/Unity.Mathematics.Editor.ref.dll_9A20CFD48BC11F43.mvfrm
[ 640/1046  0s] MovedFromExtractor Library/Bee/artifacts/mvdfrm/Unity.2D.Tilemap.Extras.ref.dll_371E356D6F5B6577.mvfrm
[ 641/1046  0s] MovedFromExtractorCombine Library/Bee/artifacts/1900b0aE.dag/Unity.PlasticSCM.Editor.dll.mvfrm
[ 642/1046  0s] MovedFromExtractor Library/Bee/artifacts/mvdfrm/Unity.2D.Common.Runtime.ref.dll_77798F371487C3E9.mvfrm
[ 643/1046  0s] MovedFromExtractor Library/Bee/artifacts/mvdfrm/Unity.2D.Aseprite.Common.ref.dll_8F79B00F05E033D6.mvfrm
[ 644/1046  0s] MovedFromExtractorCombine Library/Bee/artifacts/1900b0aE.dag/Unity.Rider.Editor.dll.mvfrm
[ 645/1046  0s] MovedFromExtractor Library/Bee/artifacts/mvdfrm/Unity.InternalAPIEditorBridge.013.ref.dll_685490A2EFB8430F.mvfrm
[ 646/1046  0s] MovedFromExtractorCombine Library/Bee/artifacts/1900b0aE.dag/Unity.VisualStudio.Editor.dll.mvfrm
[ 647/1046  0s] MovedFromExtractorCombine Library/Bee/artifacts/1900b0aE.dag/NavMeshPlus.dll.mvfrm
[ 648/1046  0s] MovedFromExtractorCombine Library/Bee/artifacts/1900b0aE.dag/Unity.2D.Common.Editor.dll.mvfrm
[ 649/1046  0s] MovedFromExtractorCombine Library/Bee/artifacts/1900b0aE.dag/Unity.2D.SpriteShape.Runtime.dll.mvfrm
[ 650/1046  0s] MovedFromExtractorCombine Library/Bee/artifacts/1900b0aE.dag/Unity.2D.Tilemap.Extras.Editor.dll.mvfrm
[ 651/1046  0s] MovedFromExtractorCombine Library/Bee/artifacts/1900b0aE.dag/Unity.AI.Navigation.Updater.dll.mvfrm
[ 652/1046  0s] MovedFromExtractorCombine Library/Bee/artifacts/1900b0aE.dag/Unity.TextMeshPro.Editor.dll.mvfrm
[ 653/1046  0s] MovedFromExtractorCombine Library/Bee/artifacts/1900b0aE.dag/Unity.RenderPipelines.Universal.Shaders.dll.mvfrm
[ 654/1046  0s] MovedFromExtractorCombine Library/Bee/artifacts/1900b0aE.dag/Unity.RenderPipelines.ShaderGraph.ShaderGraphLibrary.dll.mvfrm
[ 655/1046  0s] MovedFromExtractorCombine Library/Bee/artifacts/1900b0aE.dag/Unity.Timeline.Editor.dll.mvfrm
[ 656/1046  0s] MovedFromExtractorCombine Library/Bee/artifacts/1900b0aE.dag/Unity.RenderPipelines.Core.ShaderLibrary.dll.mvfrm
[ 657/1046  0s] MovedFromExtractorCombine Library/Bee/artifacts/1900b0aE.dag/Unity.Windsurf.Editor.dll.mvfrm
[ 658/1046  1s] Csc Library/Bee/artifacts/1900b0aE.dag/Unity.2D.Common.Editor.dll (+2 others)
[           0s] Csc Library/Bee/artifacts/1900b0aE.dag/Unity.2D.Common.Editor.dll (+2 others) [CacheWrite 00000000000000000000000000000003]
[ 659/1046  2s] Csc Library/Bee/artifacts/1900b0aE.dag/Unity.Collections.dll (+2 others)
[ 660/1046  0s] Csc Library/Bee/artifacts/1900b0aE.dag/NavMeshPlus.dll (+2 others)
[           0s] Csc Library/Bee/artifacts/1900b0aE.dag/Unity.Collections.dll (+2 others) [CacheWrite 00000000000000000000000000000003]
[ 661/1046  0s] Csc Library/Bee/artifacts/1900b0aE.dag/Unity.2D.SpriteShape.Runtime.dll (+2 others)
[           0s] Csc Library/Bee/artifacts/1900b0aE.dag/NavMeshPlus.dll (+2 others) [CacheWrite 00000000000000000000000000000003]
[ 662/1046  0s] MovedFromExtractor Library/Bee/artifacts/mvdfrm/Unity.2D.Common.Editor.ref.dll_BD59A5CBF9D52B22.mvfrm
[ 663/1046  1s] Csc Library/Bee/artifacts/1900b0aE.dag/Unity.Windsurf.Editor.dll (+2 others)
[           0s] Csc Library/Bee/artifacts/1900b0aE.dag/Unity.2D.SpriteShape.Runtime.dll (+2 others) [CacheWrite 00000000000000000000000000000003]
[ 664/1046  1s] Csc Library/Bee/artifacts/1900b0aE.dag/Unity.Rider.Editor.dll (+2 others)
[           0s] Csc Library/Bee/artifacts/1900b0aE.dag/Unity.Windsurf.Editor.dll (+2 others) [CacheWrite 00000000000000000000000000000003]
[           0s] Csc Library/Bee/artifacts/1900b0aE.dag/Unity.Rider.Editor.dll (+2 others) [CacheWrite 00000000000000000000000000000003]
[ 665/1046  0s] MovedFromExtractor Library/Bee/artifacts/mvdfrm/Unity.Collections.ref.dll_656D7410E7809ECD.mvfrm
[ 666/1046  0s] MovedFromExtractor Library/Bee/artifacts/mvdfrm/Unity.2D.SpriteShape.Runtime.ref.dll_BCD600250821B9C8.mvfrm
[ 667/1046  0s] MovedFromExtractorCombine Library/Bee/artifacts/1900b0aE.dag/Unity.2D.Animation.Runtime.dll.mvfrm
[ 668/1046  0s] MovedFromExtractorCombine Library/Bee/artifacts/1900b0aE.dag/VContainer.dll.mvfrm
[ 669/1046  0s] Csc Library/Bee/artifacts/1900b0aE.dag/Unity.RenderPipelines.Universal.Shaders.dll (+2 others)
[           0s] Csc Library/Bee/artifacts/1900b0aE.dag/Unity.RenderPipelines.Universal.Shaders.dll (+2 others) [CacheWrite 00000000000000000000000000000003]
[ 670/1046  5s] Csc Library/Bee/artifacts/1900b0aE.dag/Unity.Burst.Editor.dll (+2 others)
[ 671/1046  0s] MovedFromExtractorCombine Library/Bee/artifacts/1900b0aE.dag/Unity.2D.SpriteShape.Editor.dll.mvfrm
[ 672/1046  0s] Csc Library/Bee/artifacts/1900b0aE.dag/Unity.RenderPipelines.ShaderGraph.ShaderGraphLibrary.dll (+2 others)
[           0s] Csc Library/Bee/artifacts/1900b0aE.dag/Unity.Burst.Editor.dll (+2 others) [CacheWrite 00000000000000000000000000000003]
[           0s] Csc Library/Bee/artifacts/1900b0aE.dag/Unity.RenderPipelines.ShaderGraph.ShaderGraphLibrary.dll (+2 others) [CacheWrite 00000000000000000000000000000003]
[ 673/1046  1s] Csc Library/Bee/artifacts/1900b0aE.dag/Unity.VisualStudio.Editor.dll (+2 others)
[ 674/1046  0s] MovedFromExtractor Library/Bee/artifacts/mvdfrm/Unity.Burst.Editor.ref.dll_E2F92DAB6C167CC9.mvfrm
[           0s] Csc Library/Bee/artifacts/1900b0aE.dag/Unity.VisualStudio.Editor.dll (+2 others) [CacheWrite 00000000000000000000000000000003]
[ 675/1046  1s] Csc Library/Bee/artifacts/1900b0aE.dag/Unity.2D.Animation.Runtime.dll (+2 others)
[           0s] Csc Library/Bee/artifacts/1900b0aE.dag/Unity.2D.Animation.Runtime.dll (+2 others) [CacheWrite 00000000000000000000000000000003]
[ 676/1046  1s] Csc Library/Bee/artifacts/1900b0aE.dag/Unity.TextMeshPro.Editor.dll (+2 others)
C:\RoguelikePrototype\Library\PackageCache\com.unity.textmeshpro@3.0.7\Scripts\Editor\TMP_BaseEditorPanel.cs(342,31): warning CS0618: 'Handles.FreeMoveHandle(Vector3, Quaternion, float, Vector3, Handles.CapFunction)' is obsolete: 'Rotation parameter is obsolete. (UnityUpgradable) -> !1'

C:\RoguelikePrototype\Library\PackageCache\com.unity.textmeshpro@3.0.7\Scripts\Editor\TMP_BaseEditorPanel.cs(357,30): warning CS0618: 'Handles.FreeMoveHandle(Vector3, Quaternion, float, Vector3, Handles.CapFunction)' is obsolete: 'Rotation parameter is obsolete. (UnityUpgradable) -> !1'

C:\RoguelikePrototype\Library\PackageCache\com.unity.textmeshpro@3.0.7\Scripts\Editor\TMP_BaseEditorPanel.cs(371,32): warning CS0618: 'Handles.FreeMoveHandle(Vector3, Quaternion, float, Vector3, Handles.CapFunction)' is obsolete: 'Rotation parameter is obsolete. (UnityUpgradable) -> !1'

C:\RoguelikePrototype\Library\PackageCache\com.unity.textmeshpro@3.0.7\Scripts\Editor\TMP_BaseEditorPanel.cs(385,33): warning CS0618: 'Handles.FreeMoveHandle(Vector3, Quaternion, float, Vector3, Handles.CapFunction)' is obsolete: 'Rotation parameter is obsolete. (UnityUpgradable) -> !1'

C:\RoguelikePrototype\Library\PackageCache\com.unity.textmeshpro@3.0.7\Scripts\Editor\TMPro_FontAssetCreatorWindow.cs(1470,21): warning CS0618: 'Texture2D.Resize(int, int)' is obsolete: 'Texture2D.Resize(int, int) has been deprecated because it actually reinitializes the texture. Use Texture2D.Reinitialize(int, int) instead (UnityUpgradable) -> Reinitialize([*] System.Int32, [*] System.Int32)'

C:\RoguelikePrototype\Library\PackageCache\com.unity.textmeshpro@3.0.7\Scripts\Editor\TMPro_FontAssetCreatorWindow.cs(1661,21): warning CS0618: 'Texture2D.Resize(int, int)' is obsolete: 'Texture2D.Resize(int, int) has been deprecated because it actually reinitializes the texture. Use Texture2D.Reinitialize(int, int) instead (UnityUpgradable) -> Reinitialize([*] System.Int32, [*] System.Int32)'
[ 677/1046  1s] Csc Library/Bee/artifacts/1900b0aE.dag/Unity.2D.SpriteShape.Editor.dll (+2 others)
[ 678/1046  0s] Csc Library/Bee/artifacts/1900b0aE.dag/Unity.AI.Navigation.Updater.dll (+2 others)
[           0s] Csc Library/Bee/artifacts/1900b0aE.dag/Unity.AI.Navigation.Updater.dll (+2 others) [CacheWrite 00000000000000000000000000000003]
[ 679/1046  1s] Csc Library/Bee/artifacts/1900b0aE.dag/Unity.RenderPipelines.Core.ShaderLibrary.dll (+2 others)
[           0s] Csc Library/Bee/artifacts/1900b0aE.dag/Unity.TextMeshPro.Editor.dll (+2 others) [CacheWrite 00000000000000000000000000000003]
[           0s] Csc Library/Bee/artifacts/1900b0aE.dag/Unity.2D.SpriteShape.Editor.dll (+2 others) [CacheWrite 00000000000000000000000000000003]
[           0s] Csc Library/Bee/artifacts/1900b0aE.dag/Unity.RenderPipelines.Core.ShaderLibrary.dll (+2 others) [CacheWrite 00000000000000000000000000000003]
[ 681/1046  0s] MovedFromExtractor Library/Bee/artifacts/mvdfrm/Unity.2D.Animation.Runtime.ref.dll_6747672A37E369F0.mvfrm
[ 682/1046  0s] MovedFromExtractorCombine Library/Bee/artifacts/1900b0aE.dag/NavMeshPlusEditor.dll.mvfrm
[ 683/1046  0s] MovedFromExtractorCombine Library/Bee/artifacts/1900b0aE.dag/VContainer.Editor.dll.mvfrm
[ 684/1046  0s] MovedFromExtractorCombine Library/Bee/artifacts/1900b0aE.dag/Unity.2D.Animation.Editor.dll.mvfrm
[ 685/1046  0s] MovedFromExtractor Library/Bee/artifacts/mvdfrm/Unity.2D.SpriteShape.Editor.ref.dll_1AEEC37E15960FB3.mvfrm
[ 686/1046  0s] MovedFromExtractor Library/Bee/artifacts/mvdfrm/Unity.RenderPipelines.Core.ShaderLibrary.ref.dll_7F2C410A434F5518.mvfrm
[ 687/1046  1s] Csc Library/Bee/artifacts/1900b0aE.dag/Unity.2D.Tilemap.Extras.Editor.dll (+2 others)
[ 688/1046  0s] MovedFromExtractor Library/Bee/artifacts/mvdfrm/Unity.TextMeshPro.Editor.ref.dll_159E061D77A10B86.mvfrm
[           0s] Csc Library/Bee/artifacts/1900b0aE.dag/Unity.2D.Tilemap.Extras.Editor.dll (+2 others) [CacheWrite 00000000000000000000000000000003]
[ 689/1046  0s] MovedFromExtractor Library/Bee/artifacts/mvdfrm/Unity.RenderPipelines.Universal.Shaders.ref.dll_9468B054363B0720.mvfrm
[ 690/1046  3s] Csc Library/Bee/artifacts/1900b0aE.dag/Unity.InputSystem.dll (+2 others)
[ 691/1046  1s] MovedFromExtractor Library/Bee/artifacts/mvdfrm/Unity.AI.Navigation.Updater.ref.dll_34B8D5B7DED6E76D.mvfrm
[ 692/1046  1s] Csc Library/Bee/artifacts/1900b0aE.dag/VContainer.dll (+2 others)
[ 693/1046  1s] MovedFromExtractor Library/Bee/artifacts/mvdfrm/Unity.VisualStudio.Editor.ref.dll_3A975DBA53ABA4AD.mvfrm
[ 694/1046  1s] Csc Library/Bee/artifacts/1900b0aE.dag/NavMeshPlusEditor.dll (+2 others)
[ 695/1046  1s] Csc Library/Bee/artifacts/1900b0aE.dag/Unity.Localization.dll (+2 others)
[           0s] Csc Library/Bee/artifacts/1900b0aE.dag/VContainer.dll (+2 others) [CacheWrite 00000000000000000000000000000003]
[           0s] Csc Library/Bee/artifacts/1900b0aE.dag/Unity.InputSystem.dll (+2 others) [CacheWrite 00000000000000000000000000000003]
[           0s] Csc Library/Bee/artifacts/1900b0aE.dag/Unity.Localization.dll (+2 others) [CacheWrite 00000000000000000000000000000003]
[           0s] Csc Library/Bee/artifacts/1900b0aE.dag/NavMeshPlusEditor.dll (+2 others) [CacheWrite 00000000000000000000000000000003]
[ 696/1046  1s] MovedFromExtractor Library/Bee/artifacts/mvdfrm/Unity.2D.Tilemap.Extras.Editor.ref.dll_8DA00406C36CC6AA.mvfrm
[ 697/1046  0s] MovedFromExtractorCombine Library/Bee/artifacts/1900b0aE.dag/Unity.Collections.DocCodeSamples.dll.mvfrm
[ 698/1046  1s] MovedFromExtractor Library/Bee/artifacts/mvdfrm/Unity.RenderPipelines.ShaderGraph.ShaderGraphLibrary.ref.dll_1A2083B43FB0BF18.mvfrm
[ 699/1046  0s] MovedFromExtractor Library/Bee/artifacts/mvdfrm/Unity.Rider.Editor.ref.dll_9B5591808ABA37AF.mvfrm
[ 700/1046  2s] Csc Library/Bee/artifacts/1900b0aE.dag/Unity.Addressables.Editor.dll (+2 others)
[ 701/1046  0s] MovedFromExtractorCombine Library/Bee/artifacts/1900b0aE.dag/Unity.Collections.BurstCompatibilityGen.dll.mvfrm
[           0s] Csc Library/Bee/artifacts/1900b0aE.dag/Unity.Addressables.Editor.dll (+2 others) [CacheWrite 00000000000000000000000000000003]
[ 702/1046  0s] MovedFromExtractor Library/Bee/artifacts/mvdfrm/Unity.InputSystem.ref.dll_FD2EC87C14EBE081.mvfrm
[ 703/1046  0s] MovedFromExtractor Library/Bee/artifacts/mvdfrm/Unity.Localization.ref.dll_EDA1BF42BFAAD197.mvfrm
[ 704/1046  0s] ILPostProcess Library/Bee/artifacts/1900b0aE.dag/post-processed/Unity.InputSystem.dll (+pdb)
Processing assembly Library/Bee/artifacts/1900b0aE.dag/Unity.InputSystem.dll, with 129 defines and 219 references

processors: zzzUnity.Burst.CodeGen.BurstILPostProcessor

running zzzUnity.Burst.CodeGen.BurstILPostProcessor
[ 705/1046  0s] MovedFromExtractorCombine Library/Bee/artifacts/1900b0aE.dag/Unity.VisualScripting.Core.dll.mvfrm
[ 706/1046  0s] MovedFromExtractorCombine Library/Bee/artifacts/1900b0aE.dag/Unity.RenderPipelines.Core.Runtime.dll.mvfrm
[ 707/1046  0s] Csc Library/Bee/artifacts/1900b0aE.dag/Unity.Collections.DocCodeSamples.dll (+2 others)
[ 708/1046  0s] ILPostProcess Library/Bee/artifacts/1900b0aE.dag/post-processed/Unity.Localization.dll (+pdb)
Processing assembly Library/Bee/artifacts/1900b0aE.dag/Unity.Localization.dll, with 124 defines and 223 references

processors: zzzUnity.Burst.CodeGen.BurstILPostProcessor

running zzzUnity.Burst.CodeGen.BurstILPostProcessor
[           0s] Csc Library/Bee/artifacts/1900b0aE.dag/Unity.Collections.DocCodeSamples.dll (+2 others) [CacheWrite 00000000000000000000000000000003]
[ 709/1046  0s] MovedFromExtractorCombine Library/Bee/artifacts/1900b0aE.dag/Unity.InputSystem.ForUI.dll.mvfrm
[ 710/1046  0s] MovedFromExtractor Library/Bee/artifacts/mvdfrm/Unity.Addressables.Editor.ref.dll_E1732519AAB7217E.mvfrm
[ 711/1046  0s] Csc Library/Bee/artifacts/1900b0aE.dag/VContainer.Editor.dll (+2 others)
[           0s] Csc Library/Bee/artifacts/1900b0aE.dag/VContainer.Editor.dll (+2 others) [CacheWrite 00000000000000000000000000000003]
[ 712/1046  1s] ILPostProcess Library/Bee/artifacts/1900b0aE.dag/post-processed/Unity.2D.PixelPerfect.dll (+pdb)
Processing assembly Library/Bee/artifacts/1900b0aE.dag/Unity.2D.PixelPerfect.dll, with 121 defines and 219 references

processors: zzzUnity.Burst.CodeGen.BurstILPostProcessor

running zzzUnity.Burst.CodeGen.BurstILPostProcessor
[ 713/1046  0s] MovedFromExtractorCombine Library/Bee/artifacts/1900b0aE.dag/Unity.InputSystem.TestFramework.dll.mvfrm
[ 714/1046  0s] Csc Library/Bee/artifacts/1900b0aE.dag/Unity.Collections.BurstCompatibilityGen.dll (+2 others)
[ 715/1046  0s] MovedFromExtractorCombine Library/Bee/artifacts/1900b0aE.dag/Unity.InputSystem.DocCodeSamples.dll.mvfrm
[ 716/1046  0s] MovedFromExtractorCombine Library/Bee/artifacts/1900b0aE.dag/Unity.Localization.Editor.dll.mvfrm
[           0s] Csc Library/Bee/artifacts/1900b0aE.dag/Unity.Collections.BurstCompatibilityGen.dll (+2 others) [CacheWrite 00000000000000000000000000000003]
[ 717/1046  0s] MovedFromExtractorCombine Library/Bee/artifacts/1900b0aE.dag/Unity.Addressables.Editor.Tests.DocExampleCode.dll.mvfrm
[ 718/1046  0s] Csc Library/Bee/artifacts/1900b0aE.dag/Unity.InputSystem.ForUI.dll (+2 others)
[ 719/1046  0s] ILPostProcess Library/Bee/artifacts/1900b0aE.dag/post-processed/Unity.Addressables.dll (+pdb)
Processing assembly Library/Bee/artifacts/1900b0aE.dag/Unity.Addressables.dll, with 120 defines and 220 references

processors: zzzUnity.Burst.CodeGen.BurstILPostProcessor

running zzzUnity.Burst.CodeGen.BurstILPostProcessor
[           0s] Csc Library/Bee/artifacts/1900b0aE.dag/Unity.InputSystem.ForUI.dll (+2 others) [CacheWrite 00000000000000000000000000000003]
[ 721/1046  0s] ILPostProcess Library/Bee/artifacts/1900b0aE.dag/post-processed/Unity.2D.Tilemap.Extras.dll (+pdb)
Processing assembly Library/Bee/artifacts/1900b0aE.dag/Unity.2D.Tilemap.Extras.dll, with 120 defines and 219 references

processors: zzzUnity.Burst.CodeGen.BurstILPostProcessor

running zzzUnity.Burst.CodeGen.BurstILPostProcessor
[ 722/1046  1s] Csc Library/Bee/artifacts/1900b0aE.dag/Unity.InputSystem.DocCodeSamples.dll (+2 others)
[ 723/1046  1s] Csc Library/Bee/artifacts/1900b0aE.dag/Unity.InputSystem.TestFramework.dll (+2 others)
[ 724/1046  0s] ILPostProcess Library/Bee/artifacts/1900b0aE.dag/post-processed/Unity.RenderPipelines.Core.ShaderLibrary.dll (+pdb)
Processing assembly Library/Bee/artifacts/1900b0aE.dag/Unity.RenderPipelines.Core.ShaderLibrary.dll, with 120 defines and 219 references

processors: zzzUnity.Burst.CodeGen.BurstILPostProcessor

running zzzUnity.Burst.CodeGen.BurstILPostProcessor
[           0s] Csc Library/Bee/artifacts/1900b0aE.dag/Unity.InputSystem.DocCodeSamples.dll (+2 others) [CacheWrite 00000000000000000000000000000003]
[           0s] Csc Library/Bee/artifacts/1900b0aE.dag/Unity.InputSystem.TestFramework.dll (+2 others) [CacheWrite 00000000000000000000000000000003]
[ 725/1046  0s] ILPostProcess Library/Bee/artifacts/1900b0aE.dag/post-processed/Unity.InputSystem.ForUI.dll (+pdb)
Processing assembly Library/Bee/artifacts/1900b0aE.dag/Unity.InputSystem.ForUI.dll, with 120 defines and 220 references

processors: zzzUnity.Burst.CodeGen.BurstILPostProcessor

running zzzUnity.Burst.CodeGen.BurstILPostProcessor
[ 726/1046  0s] ILPostProcess Library/Bee/artifacts/1900b0aE.dag/post-processed/Unity.ResourceManager.dll (+pdb)
Processing assembly Library/Bee/artifacts/1900b0aE.dag/Unity.ResourceManager.dll, with 121 defines and 219 references

processors: zzzUnity.Burst.CodeGen.BurstILPostProcessor

running zzzUnity.Burst.CodeGen.BurstILPostProcessor
[ 727/1046  0s] ILPostProcess Library/Bee/artifacts/1900b0aE.dag/post-processed/Unity.2D.Common.Runtime.dll (+pdb)
Processing assembly Library/Bee/artifacts/1900b0aE.dag/Unity.2D.Common.Runtime.dll, with 120 defines and 220 references

processors: zzzUnity.Burst.CodeGen.BurstILPostProcessor

running zzzUnity.Burst.CodeGen.BurstILPostProcessor
[ 728/1046  1s] ILPostProcess Library/Bee/artifacts/1900b0aE.dag/post-processed/Unity.Timeline.dll (+pdb)
Processing assembly Library/Bee/artifacts/1900b0aE.dag/Unity.Timeline.dll, with 121 defines and 219 references

processors: zzzUnity.Burst.CodeGen.BurstILPostProcessor

running zzzUnity.Burst.CodeGen.BurstILPostProcessor
[ 729/1046  1s] ILPostProcess Library/Bee/artifacts/1900b0aE.dag/post-processed/Unity.InputSystem.TestFramework.dll (+pdb)
Processing assembly Library/Bee/artifacts/1900b0aE.dag/Unity.InputSystem.TestFramework.dll, with 121 defines and 211 references

processors: zzzUnity.Burst.CodeGen.BurstILPostProcessor

running zzzUnity.Burst.CodeGen.BurstILPostProcessor
[ 730/1046  1s] ILPostProcess Library/Bee/artifacts/1900b0aE.dag/post-processed/Unity.TextMeshPro.dll (+pdb)
Processing assembly Library/Bee/artifacts/1900b0aE.dag/Unity.TextMeshPro.dll, with 121 defines and 219 references

processors: zzzUnity.Burst.CodeGen.BurstILPostProcessor

running zzzUnity.Burst.CodeGen.BurstILPostProcessor
[ 731/1046  2s] Csc Library/Bee/artifacts/1900b0aE.dag/Unity.2D.Animation.Editor.dll (+2 others)
[           0s] Csc Library/Bee/artifacts/1900b0aE.dag/Unity.2D.Animation.Editor.dll (+2 others) [CacheWrite 00000000000000000000000000000003]
[ 732/1046  0s] ILPostProcess Library/Bee/artifacts/1900b0aE.dag/post-processed/Unity.RenderPipelines.Universal.2D.Internal.dll (+pdb)
Processing assembly Library/Bee/artifacts/1900b0aE.dag/Unity.RenderPipelines.Universal.2D.Internal.dll, with 120 defines and 219 references

processors: zzzUnity.Burst.CodeGen.BurstILPostProcessor

running zzzUnity.Burst.CodeGen.BurstILPostProcessor
[ 733/1046  1s] Csc Library/Bee/artifacts/1900b0aE.dag/Unity.Addressables.Editor.Tests.DocExampleCode.dll (+2 others)
[ 734/1046  0s] ILPostProcess Library/Bee/artifacts/1900b0aE.dag/post-processed/NavMeshPlus.dll (+pdb)
Processing assembly Library/Bee/artifacts/1900b0aE.dag/NavMeshPlus.dll, with 121 defines and 219 references

processors: zzzUnity.Burst.CodeGen.BurstILPostProcessor

running zzzUnity.Burst.CodeGen.BurstILPostProcessor
[           0s] Csc Library/Bee/artifacts/1900b0aE.dag/Unity.Addressables.Editor.Tests.DocExampleCode.dll (+2 others) [CacheWrite 00000000000000000000000000000003]
[ 735/1046  2s] ILPostProcess Library/Bee/artifacts/1900b0aE.dag/post-processed/VContainer.dll (+pdb)
Processing assembly Library/Bee/artifacts/1900b0aE.dag/VContainer.dll, with 120 defines and 210 references

processors: zzzUnity.Burst.CodeGen.BurstILPostProcessor

running zzzUnity.Burst.CodeGen.BurstILPostProcessor
[ 736/1046  0s] ILPostProcess Library/Bee/artifacts/1900b0aE.dag/post-processed/Unity.Burst.dll (+pdb)
Processing assembly Library/Bee/artifacts/1900b0aE.dag/Unity.Burst.dll, with 120 defines and 210 references

processors: zzzUnity.Burst.CodeGen.BurstILPostProcessor

running zzzUnity.Burst.CodeGen.BurstILPostProcessor
[ 737/1046  2s] Csc Library/Bee/artifacts/1900b0aE.dag/Unity.Timeline.Editor.dll (+2 others)
[ 738/1046  0s] ILPostProcess Library/Bee/artifacts/1900b0aE.dag/post-processed/Unity.InternalAPIEngineBridge.001.dll (+pdb)
Processing assembly Library/Bee/artifacts/1900b0aE.dag/Unity.InternalAPIEngineBridge.001.dll, with 120 defines and 219 references

processors: zzzUnity.Burst.CodeGen.BurstILPostProcessor

running zzzUnity.Burst.CodeGen.BurstILPostProcessor
[ 739/1046  0s] MovedFromExtractor Library/Bee/artifacts/mvdfrm/Unity.2D.Animation.Editor.ref.dll_A13BD6459BB26E0B.mvfrm
[           0s] Csc Library/Bee/artifacts/1900b0aE.dag/Unity.Timeline.Editor.dll (+2 others) [CacheWrite 00000000000000000000000000000003]
[ 740/1046  1s] ILPostProcess Library/Bee/artifacts/1900b0aE.dag/post-processed/Unity.InternalAPIEngineBridge.013.dll (+pdb)
Processing assembly Library/Bee/artifacts/1900b0aE.dag/Unity.InternalAPIEngineBridge.013.dll, with 120 defines and 219 references

processors: zzzUnity.Burst.CodeGen.BurstILPostProcessor

running zzzUnity.Burst.CodeGen.BurstILPostProcessor
[ 741/1046  0s] ILPostProcess Library/Bee/artifacts/1900b0aE.dag/post-processed/Unity.RenderPipelines.ShaderGraph.ShaderGraphLibrary.dll (+pdb)
Processing assembly Library/Bee/artifacts/1900b0aE.dag/Unity.RenderPipelines.ShaderGraph.ShaderGraphLibrary.dll, with 120 defines and 219 references

processors: zzzUnity.Burst.CodeGen.BurstILPostProcessor

running zzzUnity.Burst.CodeGen.BurstILPostProcessor
[ 742/1046  0s] MovedFromExtractorCombine Library/Bee/artifacts/1900b0aE.dag/Unity.2D.Psdimporter.Editor.dll.mvfrm
[ 743/1046  0s] MovedFromExtractorCombine Library/Bee/artifacts/1900b0aE.dag/Unity.2D.IK.Editor.dll.mvfrm
[ 744/1046  0s] ILPostProcess Library/Bee/artifacts/1900b0aE.dag/post-processed/UnityEngine.UI.dll (+pdb)
Processing assembly Library/Bee/artifacts/1900b0aE.dag/UnityEngine.UI.dll, with 126 defines and 217 references

processors: zzzUnity.Burst.CodeGen.BurstILPostProcessor

running zzzUnity.Burst.CodeGen.BurstILPostProcessor
[ 745/1046  0s] ILPostProcess Library/Bee/artifacts/1900b0aE.dag/post-processed/Unity.AI.Navigation.dll (+pdb)
Processing assembly Library/Bee/artifacts/1900b0aE.dag/Unity.AI.Navigation.dll, with 121 defines and 219 references

processors: zzzUnity.Burst.CodeGen.BurstILPostProcessor

running zzzUnity.Burst.CodeGen.BurstILPostProcessor
[ 746/1046  1s] ILPostProcess Library/Bee/artifacts/1900b0aE.dag/post-processed/Unity.RenderPipelines.Universal.Shaders.dll (+pdb)
Processing assembly Library/Bee/artifacts/1900b0aE.dag/Unity.RenderPipelines.Universal.Shaders.dll, with 120 defines and 219 references

processors: zzzUnity.Burst.CodeGen.BurstILPostProcessor

running zzzUnity.Burst.CodeGen.BurstILPostProcessor
[ 747/1046  0s] MovedFromExtractor Library/Bee/artifacts/mvdfrm/Unity.Timeline.Editor.ref.dll_0D3D3C0B73557612.mvfrm
[ 748/1046  0s] ILPostProcess Library/Bee/artifacts/1900b0aE.dag/post-processed/Unity.ScriptableBuildPipeline.dll (+pdb)
Processing assembly Library/Bee/artifacts/1900b0aE.dag/Unity.ScriptableBuildPipeline.dll, with 120 defines and 219 references

processors: zzzUnity.Burst.CodeGen.BurstILPostProcessor

running zzzUnity.Burst.CodeGen.BurstILPostProcessor
[ 749/1046  0s] Csc Library/Bee/artifacts/1900b0aE.dag/Unity.2D.IK.Editor.dll (+2 others)
[ 750/1046  1s] ILPostProcess Library/Bee/artifacts/1900b0aE.dag/post-processed/Unity.2D.IK.Runtime.dll (+pdb)
Processing assembly Library/Bee/artifacts/1900b0aE.dag/Unity.2D.IK.Runtime.dll, with 120 defines and 220 references

processors: zzzUnity.Burst.CodeGen.BurstILPostProcessor

running zzzUnity.Burst.CodeGen.BurstILPostProcessor
[           0s] Csc Library/Bee/artifacts/1900b0aE.dag/Unity.2D.IK.Editor.dll (+2 others) [CacheWrite 00000000000000000000000000000003]
[ 751/1046  1s] ILPostProcess Library/Bee/artifacts/1900b0aE.dag/post-processed/Unity.Mathematics.dll (+pdb)
Processing assembly Library/Bee/artifacts/1900b0aE.dag/Unity.Mathematics.dll, with 120 defines and 219 references

processors: zzzUnity.Burst.CodeGen.BurstILPostProcessor

running zzzUnity.Burst.CodeGen.BurstILPostProcessor
[ 752/1046  0s] MovedFromExtractor Library/Bee/artifacts/mvdfrm/Unity.2D.IK.Editor.ref.dll_F60355C05B38283B.mvfrm
[ 753/1046  0s] ILPostProcess Library/Bee/artifacts/1900b0aE.dag/post-processed/Unity.Mathematics.Editor.dll (+pdb)
Processing assembly Library/Bee/artifacts/1900b0aE.dag/Unity.Mathematics.Editor.dll, with 118 defines and 227 references

processors: zzzUnity.Burst.CodeGen.BurstILPostProcessor

running zzzUnity.Burst.CodeGen.BurstILPostProcessor
[ 754/1046  1s] ILPostProcess Library/Bee/artifacts/1900b0aE.dag/post-processed/Unity.Collections.BurstCompatibilityGen.dll (+pdb)
Processing assembly Library/Bee/artifacts/1900b0aE.dag/Unity.Collections.BurstCompatibilityGen.dll, with 118 defines and 228 references

processors: zzzUnity.Burst.CodeGen.BurstILPostProcessor

running zzzUnity.Burst.CodeGen.BurstILPostProcessor
[ 755/1046  1s] Csc Library/Bee/artifacts/1900b0aE.dag/Unity.2D.Psdimporter.Editor.dll (+2 others)
[           0s] Csc Library/Bee/artifacts/1900b0aE.dag/Unity.2D.Psdimporter.Editor.dll (+2 others) [CacheWrite 00000000000000000000000000000003]
[ 756/1046  0s] ILPostProcess Library/Bee/artifacts/1900b0aE.dag/post-processed/Unity.AI.Navigation.Updater.dll (+pdb)
Processing assembly Library/Bee/artifacts/1900b0aE.dag/Unity.AI.Navigation.Updater.dll, with 118 defines and 229 references

processors: zzzUnity.Burst.CodeGen.BurstILPostProcessor

running zzzUnity.Burst.CodeGen.BurstILPostProcessor
[ 757/1046  0s] ILPostProcess Library/Bee/artifacts/1900b0aE.dag/post-processed/Unity.ShaderGraph.Utilities.dll (+pdb)
Processing assembly Library/Bee/artifacts/1900b0aE.dag/Unity.ShaderGraph.Utilities.dll, with 118 defines and 226 references

processors: zzzUnity.Burst.CodeGen.BurstILPostProcessor

running zzzUnity.Burst.CodeGen.BurstILPostProcessor
[ 758/1046  1s] Csc Library/Bee/artifacts/1900b0aE.dag/Unity.PlasticSCM.Editor.dll (+2 others)
[ 759/1046  0s] MovedFromExtractor Library/Bee/artifacts/mvdfrm/Unity.2D.Psdimporter.Editor.ref.dll_B76AC6E0D8C9839C.mvfrm
[           0s] Csc Library/Bee/artifacts/1900b0aE.dag/Unity.PlasticSCM.Editor.dll (+2 others) [CacheWrite 00000000000000000000000000000003]
[ 760/1046  1s] Csc Library/Bee/artifacts/1900b0aE.dag/Unity.Localization.Editor.dll (+2 others)
C:\RoguelikePrototype\Library\PackageCache\com.unity.localization@1.4.3\Editor\Search\TableSearchProvider.cs(290,25): warning CS0618: 'QueryEngine<TableEntrySearchData>.Parse(string, bool)' is obsolete: 'Parse has been deprecated. Use ParseQuery instead (UnityUpgradable) -> ParseQuery(*)'
[           0s] Csc Library/Bee/artifacts/1900b0aE.dag/Unity.Localization.Editor.dll (+2 others) [CacheWrite 00000000000000000000000000000003]
[ 761/1046  0s] ILPostProcess Library/Bee/artifacts/1900b0aE.dag/post-processed/Unity.2D.Sprite.Editor.dll (+pdb)
Processing assembly Library/Bee/artifacts/1900b0aE.dag/Unity.2D.Sprite.Editor.dll, with 118 defines and 226 references

processors: zzzUnity.Burst.CodeGen.BurstILPostProcessor

running zzzUnity.Burst.CodeGen.BurstILPostProcessor
[ 762/1046  1s] ILPostProcess Library/Bee/artifacts/1900b0aE.dag/post-processed/Unity.2D.SpriteShape.Editor.dll (+pdb)
Processing assembly Library/Bee/artifacts/1900b0aE.dag/Unity.2D.SpriteShape.Editor.dll, with 118 defines and 231 references

processors: zzzUnity.Burst.CodeGen.BurstILPostProcessor

running zzzUnity.Burst.CodeGen.BurstILPostProcessor
[ 763/1046  0s] MovedFromExtractor Library/Bee/artifacts/mvdfrm/Unity.PlasticSCM.Editor.ref.dll_257AEB342BE77856.mvfrm
[ 764/1046  1s] Csc Library/Bee/artifacts/1900b0aE.dag/Unity.RenderPipelines.Core.Runtime.dll (+2 others)
[ 765/1046  0s] ILPostProcess Library/Bee/artifacts/1900b0aE.dag/post-processed/Unity.ScriptableBuildPipeline.Editor.dll (+pdb)
Processing assembly Library/Bee/artifacts/1900b0aE.dag/Unity.ScriptableBuildPipeline.Editor.dll, with 121 defines and 227 references

processors: zzzUnity.Burst.CodeGen.BurstILPostProcessor

running zzzUnity.Burst.CodeGen.BurstILPostProcessor
[           0s] Csc Library/Bee/artifacts/1900b0aE.dag/Unity.RenderPipelines.Core.Runtime.dll (+2 others) [CacheWrite 00000000000000000000000000000003]
[ 766/1046  0s] MovedFromExtractor Library/Bee/artifacts/mvdfrm/Unity.Localization.Editor.ref.dll_75AE9AE59BB37C8A.mvfrm
[ 767/1046  0s] MovedFromExtractorCombine Library/Bee/artifacts/1900b0aE.dag/Unity.CollabProxy.Editor.dll.mvfrm
[ 768/1046  3s] ILPostProcess Library/Bee/artifacts/1900b0aE.dag/post-processed/Unity.Collections.dll (+pdb)
Processing assembly Library/Bee/artifacts/1900b0aE.dag/Unity.Collections.dll, with 120 defines and 221 references

processors: zzzUnity.Burst.CodeGen.BurstILPostProcessor

running zzzUnity.Burst.CodeGen.BurstILPostProcessor
[ 769/1046  1s] ILPostProcess Library/Bee/artifacts/1900b0aE.dag/post-processed/Unity.2D.Common.Editor.dll (+pdb)
Processing assembly Library/Bee/artifacts/1900b0aE.dag/Unity.2D.Common.Editor.dll, with 118 defines and 230 references

processors: zzzUnity.Burst.CodeGen.BurstILPostProcessor

running zzzUnity.Burst.CodeGen.BurstILPostProcessor
[ 770/1046  2s] ILPostProcess Library/Bee/artifacts/1900b0aE.dag/post-processed/Unity.2D.Aseprite.Common.dll (+pdb)
Processing assembly Library/Bee/artifacts/1900b0aE.dag/Unity.2D.Aseprite.Common.dll, with 118 defines and 229 references

processors: zzzUnity.Burst.CodeGen.BurstILPostProcessor

running zzzUnity.Burst.CodeGen.BurstILPostProcessor
[ 771/1046  5s] ILPostProcess Library/Bee/artifacts/1900b0aE.dag/post-processed/Unity.2D.Animation.Runtime.dll (+pdb)
Processing assembly Library/Bee/artifacts/1900b0aE.dag/Unity.2D.Animation.Runtime.dll, with 120 defines and 224 references

processors: zzzUnity.Burst.CodeGen.BurstILPostProcessor

running zzzUnity.Burst.CodeGen.BurstILPostProcessor
[ 772/1046  0s] ILPostProcess Library/Bee/artifacts/1900b0aE.dag/post-processed/Unity.2D.Tilemap.Extras.Editor.dll (+pdb)
Processing assembly Library/Bee/artifacts/1900b0aE.dag/Unity.2D.Tilemap.Extras.Editor.dll, with 118 defines and 228 references

processors: zzzUnity.Burst.CodeGen.BurstILPostProcessor

running zzzUnity.Burst.CodeGen.BurstILPostProcessor
[ 773/1046  0s] ILPostProcess Library/Bee/artifacts/1900b0aE.dag/post-processed/Unity.Searcher.Editor.dll (+pdb)
Processing assembly Library/Bee/artifacts/1900b0aE.dag/Unity.Searcher.Editor.dll, with 118 defines and 226 references

processors: zzzUnity.Burst.CodeGen.BurstILPostProcessor

running zzzUnity.Burst.CodeGen.BurstILPostProcessor
[ 774/1046  0s] ILPostProcess Library/Bee/artifacts/1900b0aE.dag/post-processed/UnityEditor.UI.dll (+pdb)
Processing assembly Library/Bee/artifacts/1900b0aE.dag/UnityEditor.UI.dll, with 121 defines and 225 references

processors: zzzUnity.Burst.CodeGen.BurstILPostProcessor

running zzzUnity.Burst.CodeGen.BurstILPostProcessor
[ 775/1046  3s] ILPostProcess Library/Bee/artifacts/1900b0aE.dag/post-processed/Unity.2D.SpriteShape.Runtime.dll (+pdb)
Processing assembly Library/Bee/artifacts/1900b0aE.dag/Unity.2D.SpriteShape.Runtime.dll, with 121 defines and 222 references

processors: zzzUnity.Burst.CodeGen.BurstILPostProcessor

running zzzUnity.Burst.CodeGen.BurstILPostProcessor
[ 776/1046  0s] MovedFromExtractor Library/Bee/artifacts/mvdfrm/Unity.RenderPipelines.Core.Runtime.ref.dll_CE6A42C97D96EB0A.mvfrm
[ 777/1046  0s] ILPostProcess Library/Bee/artifacts/1900b0aE.dag/post-processed/Unity.InternalAPIEditorBridge.001.dll (+pdb)
Processing assembly Library/Bee/artifacts/1900b0aE.dag/Unity.InternalAPIEditorBridge.001.dll, with 118 defines and 227 references

processors: zzzUnity.Burst.CodeGen.BurstILPostProcessor

running zzzUnity.Burst.CodeGen.BurstILPostProcessor
[ 778/1046  2s] Csc Library/Bee/artifacts/1900b0aE.dag/Unity.VisualScripting.Core.dll (+2 others)
[           0s] Csc Library/Bee/artifacts/1900b0aE.dag/Unity.VisualScripting.Core.dll (+2 others) [CacheWrite 00000000000000000000000000000003]
[ 779/1046  0s] Csc Library/Bee/artifacts/1900b0aE.dag/Unity.CollabProxy.Editor.dll (+2 others)
[ 780/1046  0s] ILPostProcess Library/Bee/artifacts/1900b0aE.dag/post-processed/Unity.Localization.Editor.dll (+pdb)
Processing assembly Library/Bee/artifacts/1900b0aE.dag/Unity.Localization.Editor.dll, with 124 defines and 223 references

processors: zzzUnity.Burst.CodeGen.BurstILPostProcessor

running zzzUnity.Burst.CodeGen.BurstILPostProcessor
[ 781/1046  0s] ILPostProcess Library/Bee/artifacts/1900b0aE.dag/post-processed/Unity.Addressables.Editor.Tests.DocExampleCode.dll (+pdb)
Processing assembly Library/Bee/artifacts/1900b0aE.dag/Unity.Addressables.Editor.Tests.DocExampleCode.dll, with 119 defines and 220 references

processors: zzzUnity.Burst.CodeGen.BurstILPostProcessor

running zzzUnity.Burst.CodeGen.BurstILPostProcessor
[ 782/1046  0s] MovedFromExtractorCombine Library/Bee/artifacts/1900b0aE.dag/Unity.RenderPipeline.Universal.ShaderLibrary.dll.mvfrm
[ 783/1046  0s] ILPostProcess Library/Bee/artifacts/1900b0aE.dag/post-processed/Unity.PlasticSCM.Editor.dll (+pdb)
Processing assembly Library/Bee/artifacts/1900b0aE.dag/Unity.PlasticSCM.Editor.dll, with 118 defines and 218 references

processors: zzzUnity.Burst.CodeGen.BurstILPostProcessor

running zzzUnity.Burst.CodeGen.BurstILPostProcessor
[ 784/1046  0s] ILPostProcess Library/Bee/artifacts/1900b0aE.dag/post-processed/Unity.TextMeshPro.Editor.dll (+pdb)
Processing assembly Library/Bee/artifacts/1900b0aE.dag/Unity.TextMeshPro.Editor.dll, with 118 defines and 227 references

processors: zzzUnity.Burst.CodeGen.BurstILPostProcessor

running zzzUnity.Burst.CodeGen.BurstILPostProcessor
[ 785/1046  1s] ILPostProcess Library/Bee/artifacts/1900b0aE.dag/post-processed/Unity.RenderPipelines.Core.Runtime.dll (+pdb)
Processing assembly Library/Bee/artifacts/1900b0aE.dag/Unity.RenderPipelines.Core.Runtime.dll, with 123 defines and 220 references

processors: zzzUnity.Burst.CodeGen.BurstILPostProcessor

running zzzUnity.Burst.CodeGen.BurstILPostProcessor
[ 786/1046  0s] MovedFromExtractorCombine Library/Bee/artifacts/1900b0aE.dag/Unity.RenderPipelines.Universal.Config.Runtime.dll.mvfrm
[ 787/1046  0s] ILPostProcess Library/Bee/artifacts/1900b0aE.dag/post-processed/Unity.2D.Psdimporter.Editor.dll (+pdb)
Processing assembly Library/Bee/artifacts/1900b0aE.dag/Unity.2D.Psdimporter.Editor.dll, with 118 defines and 235 references

processors: zzzUnity.Burst.CodeGen.BurstILPostProcessor

running zzzUnity.Burst.CodeGen.BurstILPostProcessor
[           0s] Csc Library/Bee/artifacts/1900b0aE.dag/Unity.CollabProxy.Editor.dll (+2 others) [CacheWrite 00000000000000000000000000000003]
[ 788/1046  0s] MovedFromExtractor Library/Bee/artifacts/mvdfrm/Unity.VisualScripting.Core.ref.dll_D75DF4EA1AFE54F4.mvfrm
[ 789/1046  1s] ILPostProcess Library/Bee/artifacts/1900b0aE.dag/post-processed/PsdPlugin.dll (+pdb)
Processing assembly Library/Bee/artifacts/1900b0aE.dag/PsdPlugin.dll, with 118 defines and 227 references

processors: zzzUnity.Burst.CodeGen.BurstILPostProcessor

running zzzUnity.Burst.CodeGen.BurstILPostProcessor
[ 790/1046  0s] MovedFromExtractorCombine Library/Bee/artifacts/1900b0aE.dag/Unity.RenderPipelines.Core.Editor.dll.mvfrm
[ 791/1046  0s] ILPostProcess Library/Bee/artifacts/1900b0aE.dag/post-processed/Unity.InternalAPIEditorBridge.013.dll (+pdb)
Processing assembly Library/Bee/artifacts/1900b0aE.dag/Unity.InternalAPIEditorBridge.013.dll, with 120 defines and 226 references

processors: zzzUnity.Burst.CodeGen.BurstILPostProcessor

running zzzUnity.Burst.CodeGen.BurstILPostProcessor
[ 792/1046  0s] ILPostProcess Library/Bee/artifacts/1900b0aE.dag/post-processed/Unity.2D.Tilemap.Editor.dll (+pdb)
Processing assembly Library/Bee/artifacts/1900b0aE.dag/Unity.2D.Tilemap.Editor.dll, with 118 defines and 226 references

processors: zzzUnity.Burst.CodeGen.BurstILPostProcessor

running zzzUnity.Burst.CodeGen.BurstILPostProcessor
[ 793/1046  0s] ILPostProcess Library/Bee/artifacts/1900b0aE.dag/post-processed/Unity.CollabProxy.Editor.dll (+pdb)
Processing assembly Library/Bee/artifacts/1900b0aE.dag/Unity.CollabProxy.Editor.dll, with 118 defines and 227 references

processors: zzzUnity.Burst.CodeGen.BurstILPostProcessor

running zzzUnity.Burst.CodeGen.BurstILPostProcessor
[ 794/1046  0s] MovedFromExtractorCombine Library/Bee/artifacts/1900b0aE.dag/Unity.VisualScripting.Flow.dll.mvfrm
[ 795/1046  0s] ILPostProcess Library/Bee/artifacts/1900b0aE.dag/post-processed/Unity.VisualScripting.Core.dll (+pdb)
Processing assembly Library/Bee/artifacts/1900b0aE.dag/Unity.VisualScripting.Core.dll, with 125 defines and 220 references

processors: zzzUnity.Burst.CodeGen.BurstILPostProcessor

running zzzUnity.Burst.CodeGen.BurstILPostProcessor
[ 796/1046  0s] ILPostProcess Library/Bee/artifacts/1900b0aE.dag/post-processed/Unity.AI.Navigation.Editor.dll (+pdb)
Processing assembly Library/Bee/artifacts/1900b0aE.dag/Unity.AI.Navigation.Editor.dll, with 118 defines and 228 references

processors: zzzUnity.Burst.CodeGen.BurstILPostProcessor

running zzzUnity.Burst.CodeGen.BurstILPostProcessor
[ 797/1046  0s] MovedFromExtractorCombine Library/Bee/artifacts/1900b0aE.dag/Unity.VisualScripting.Core.Editor.dll.mvfrm
[ 798/1046  0s] Csc Library/Bee/artifacts/1900b0aE.dag/Unity.RenderPipeline.Universal.ShaderLibrary.dll (+2 others)
[           0s] Csc Library/Bee/artifacts/1900b0aE.dag/Unity.RenderPipeline.Universal.ShaderLibrary.dll (+2 others) [CacheWrite 00000000000000000000000000000003]
[ 799/1046  0s] Csc Library/Bee/artifacts/1900b0aE.dag/Unity.RenderPipelines.Universal.Config.Runtime.dll (+2 others)
[ 800/1046  1s] ILPostProcess Library/Bee/artifacts/1900b0aE.dag/post-processed/Unity.Burst.Editor.dll (+pdb)
Processing assembly Library/Bee/artifacts/1900b0aE.dag/Unity.Burst.Editor.dll, with 118 defines and 227 references

processors: zzzUnity.Burst.CodeGen.BurstILPostProcessor

running zzzUnity.Burst.CodeGen.BurstILPostProcessor
[ 801/1046  0s] ILPostProcess Library/Bee/artifacts/1900b0aE.dag/post-processed/VContainer.Editor.dll (+pdb)
Processing assembly Library/Bee/artifacts/1900b0aE.dag/VContainer.Editor.dll, with 118 defines and 217 references

processors: zzzUnity.Burst.CodeGen.BurstILPostProcessor

running zzzUnity.Burst.CodeGen.BurstILPostProcessor
[ 802/1046  0s] ILPostProcess Library/Bee/artifacts/1900b0aE.dag/post-processed/Unity.2D.IK.Editor.dll (+pdb)
Processing assembly Library/Bee/artifacts/1900b0aE.dag/Unity.2D.IK.Editor.dll, with 118 defines and 232 references

processors: zzzUnity.Burst.CodeGen.BurstILPostProcessor

running zzzUnity.Burst.CodeGen.BurstILPostProcessor
[ 803/1046  0s] ILPostProcess Library/Bee/artifacts/1900b0aE.dag/post-processed/Unity.2D.Common.Path.Editor.dll (+pdb)
Processing assembly Library/Bee/artifacts/1900b0aE.dag/Unity.2D.Common.Path.Editor.dll, with 118 defines and 226 references

processors: zzzUnity.Burst.CodeGen.BurstILPostProcessor

running zzzUnity.Burst.CodeGen.BurstILPostProcessor
[ 804/1046  0s] ILPostProcess Library/Bee/artifacts/1900b0aE.dag/post-processed/Unity.Timeline.Editor.dll (+pdb)
Processing assembly Library/Bee/artifacts/1900b0aE.dag/Unity.Timeline.Editor.dll, with 119 defines and 227 references

processors: zzzUnity.Burst.CodeGen.BurstILPostProcessor

running zzzUnity.Burst.CodeGen.BurstILPostProcessor
[ 805/1046  0s] ILPostProcess Library/Bee/artifacts/1900b0aE.dag/post-processed/NavMeshPlusEditor.dll (+pdb)
Processing assembly Library/Bee/artifacts/1900b0aE.dag/NavMeshPlusEditor.dll, with 118 defines and 227 references

processors: zzzUnity.Burst.CodeGen.BurstILPostProcessor

running zzzUnity.Burst.CodeGen.BurstILPostProcessor
[           0s] Csc Library/Bee/artifacts/1900b0aE.dag/Unity.RenderPipelines.Universal.Config.Runtime.dll (+2 others) [CacheWrite 00000000000000000000000000000003]
[ 806/1046  0s] MovedFromExtractor Library/Bee/artifacts/mvdfrm/Unity.RenderPipeline.Universal.ShaderLibrary.ref.dll_5436F99F8BDCED8B.mvfrm
[ 807/1046  0s] ILPostProcess Library/Bee/artifacts/1900b0aE.dag/post-processed/Unity.RenderPipeline.Universal.ShaderLibrary.dll (+pdb)
Processing assembly Library/Bee/artifacts/1900b0aE.dag/Unity.RenderPipeline.Universal.ShaderLibrary.dll, with 120 defines and 220 references

processors: zzzUnity.Burst.CodeGen.BurstILPostProcessor

running zzzUnity.Burst.CodeGen.BurstILPostProcessor
[ 808/1046  0s] CopyFiles Library/ScriptAssemblies/Unity.RenderPipeline.Universal.ShaderLibrary.dll
[ 809/1046  0s] CopyFiles Library/ScriptAssemblies/Unity.Localization.dll
[ 810/1046  0s] CopyFiles Library/ScriptAssemblies/Unity.2D.IK.Runtime.dll
[ 811/1046  0s] CopyFiles Library/ScriptAssemblies/Unity.RenderPipelines.Universal.Shaders.dll
[ 812/1046  0s] CopyFiles Library/ScriptAssemblies/Unity.2D.PixelPerfect.dll
[ 813/1046  0s] CopyFiles Library/ScriptAssemblies/Unity.TextMeshPro.dll
[ 814/1046  0s] CopyFiles Library/ScriptAssemblies/Unity.Collections.dll
[ 815/1046  0s] CopyFiles Library/ScriptAssemblies/Unity.RenderPipelines.ShaderGraph.ShaderGraphLibrary.dll
[ 816/1046  0s] CopyFiles Library/ScriptAssemblies/Unity.ResourceManager.dll
[ 817/1046  0s] CopyFiles Library/ScriptAssemblies/Unity.InputSystem.dll
[ 818/1046  0s] CopyFiles Library/ScriptAssemblies/Unity.AI.Navigation.dll
[ 819/1046  0s] CopyFiles Library/ScriptAssemblies/Unity.InputSystem.TestFramework.dll
[ 820/1046  0s] CopyFiles Library/ScriptAssemblies/Unity.RenderPipelines.Universal.2D.Internal.dll
[ 821/1046  0s] CopyFiles Library/ScriptAssemblies/Unity.Mathematics.dll
[ 822/1046  0s] ILPostProcess Library/Bee/artifacts/1900b0aE.dag/post-processed/Unity.InputSystem.DocCodeSamples.dll (+pdb)
Processing assembly Library/Bee/artifacts/1900b0aE.dag/Unity.InputSystem.DocCodeSamples.dll, with 118 defines and 217 references

processors: zzzUnity.Burst.CodeGen.BurstILPostProcessor

running zzzUnity.Burst.CodeGen.BurstILPostProcessor
[ 823/1046  0s] CopyFiles Library/ScriptAssemblies/Unity.VisualScripting.Core.dll
[ 824/1046  0s] ILPostProcess Library/Bee/artifacts/1900b0aE.dag/post-processed/Unity.AI.Navigation.Editor.ConversionSystem.dll (+pdb)
Processing assembly Library/Bee/artifacts/1900b0aE.dag/Unity.AI.Navigation.Editor.ConversionSystem.dll, with 118 defines and 226 references

processors: zzzUnity.Burst.CodeGen.BurstILPostProcessor

running zzzUnity.Burst.CodeGen.BurstILPostProcessor
[ 825/1046  0s] CopyFiles Library/ScriptAssemblies/Unity.Addressables.dll
[ 826/1046  0s] CopyFiles Library/ScriptAssemblies/Unity.2D.Common.Runtime.dll
[ 827/1046  0s] CopyFiles Library/ScriptAssemblies/Unity.2D.Tilemap.Extras.dll
[ 828/1046  0s] CopyFiles Library/ScriptAssemblies/Unity.Timeline.dll
[ 829/1046  0s] CopyFiles Library/ScriptAssemblies/Unity.InternalAPIEngineBridge.001.dll
[ 830/1046  0s] CopyFiles Library/ScriptAssemblies/UnityEngine.UI.dll
[ 831/1046  0s] CopyFiles Library/ScriptAssemblies/Unity.Burst.dll
[ 832/1046  0s] CopyFiles Library/ScriptAssemblies/Unity.RenderPipelines.Core.ShaderLibrary.dll
[ 833/1046  0s] CopyFiles Library/ScriptAssemblies/Unity.2D.SpriteShape.Runtime.dll
[ 834/1046  0s] CopyFiles Library/ScriptAssemblies/VContainer.dll
[ 835/1046  0s] CopyFiles Library/ScriptAssemblies/Unity.ScriptableBuildPipeline.dll
[ 836/1046  0s] ILPostProcess Library/Bee/artifacts/1900b0aE.dag/post-processed/Unity.RenderPipelines.Universal.Config.Runtime.dll (+pdb)
Processing assembly Library/Bee/artifacts/1900b0aE.dag/Unity.RenderPipelines.Universal.Config.Runtime.dll, with 120 defines and 220 references

processors: zzzUnity.Burst.CodeGen.BurstILPostProcessor

running zzzUnity.Burst.CodeGen.BurstILPostProcessor
[ 837/1046  0s] CopyFiles Library/ScriptAssemblies/NavMeshPlus.dll
[ 838/1046  0s] CopyFiles Library/ScriptAssemblies/Unity.InputSystem.ForUI.dll
[ 839/1046  0s] CopyFiles Library/ScriptAssemblies/Unity.2D.Animation.Runtime.dll
[ 840/1046  0s] CopyFiles Library/ScriptAssemblies/Unity.RenderPipelines.Core.Runtime.dll
[ 841/1046  0s] CopyFiles Library/ScriptAssemblies/Unity.InternalAPIEngineBridge.013.dll
[ 842/1046  0s] CopyFiles Library/ScriptAssemblies/Unity.RenderPipeline.Universal.ShaderLibrary.pdb
[ 843/1046  0s] CopyFiles Library/ScriptAssemblies/Unity.InputSystem.DocCodeSamples.pdb
[ 844/1046  0s] CopyFiles Library/ScriptAssemblies/Unity.InputSystem.DocCodeSamples.dll
[ 845/1046  0s] CopyFiles Library/ScriptAssemblies/NavMeshPlusEditor.dll
[ 846/1046  0s] CopyFiles Library/ScriptAssemblies/NavMeshPlusEditor.pdb
[ 847/1046  0s] CopyFiles Library/ScriptAssemblies/Unity.AI.Navigation.Editor.ConversionSystem.dll
[ 848/1046  0s] CopyFiles Library/ScriptAssemblies/Unity.AI.Navigation.Editor.ConversionSystem.pdb
[ 849/1046  0s] CopyFiles Library/ScriptAssemblies/Unity.2D.Common.Path.Editor.dll
[ 850/1046  0s] CopyFiles Library/ScriptAssemblies/Unity.2D.Common.Path.Editor.pdb
[ 851/1046  0s] CopyFiles Library/ScriptAssemblies/Unity.Timeline.Editor.pdb
[ 852/1046  0s] CopyFiles Library/ScriptAssemblies/VContainer.Editor.dll
[ 853/1046  0s] CopyFiles Library/ScriptAssemblies/Unity.Timeline.Editor.dll
[ 854/1046  0s] CopyFiles Library/ScriptAssemblies/VContainer.Editor.pdb
[ 855/1046  0s] CopyFiles Library/ScriptAssemblies/Unity.2D.IK.Editor.dll
[ 856/1046  0s] CopyFiles Library/ScriptAssemblies/Unity.Burst.Editor.dll
[ 857/1046  0s] CopyFiles Library/ScriptAssemblies/Unity.2D.IK.Editor.pdb
[ 858/1046  0s] CopyFiles Library/ScriptAssemblies/Unity.Burst.Editor.pdb
[ 859/1046  0s] CopyFiles Library/ScriptAssemblies/Unity.AI.Navigation.Editor.pdb
[ 860/1046  0s] CopyFiles Library/ScriptAssemblies/Unity.VisualScripting.Core.pdb
[ 861/1046  0s] CopyFiles Library/ScriptAssemblies/Unity.AI.Navigation.Editor.dll
[ 862/1046  0s] CopyFiles Library/ScriptAssemblies/Unity.CollabProxy.Editor.dll
[ 863/1046  0s] CopyFiles Library/ScriptAssemblies/Unity.CollabProxy.Editor.pdb
[ 864/1046  0s] CopyFiles Library/ScriptAssemblies/Unity.2D.Tilemap.Editor.dll
[ 865/1046  0s] CopyFiles Library/ScriptAssemblies/Unity.2D.Tilemap.Editor.pdb
[ 866/1046  0s] CopyFiles Library/ScriptAssemblies/Unity.InternalAPIEditorBridge.013.pdb
[ 867/1046  0s] CopyFiles Library/ScriptAssemblies/Unity.InternalAPIEditorBridge.013.dll
[ 868/1046  0s] CopyFiles Library/ScriptAssemblies/PsdPlugin.pdb
[ 869/1046  0s] CopyFiles Library/ScriptAssemblies/PsdPlugin.dll
[ 870/1046  0s] CopyFiles Library/ScriptAssemblies/Unity.RenderPipelines.Core.Runtime.pdb
[ 871/1046  0s] CopyFiles Library/ScriptAssemblies/Unity.2D.Psdimporter.Editor.pdb
[ 872/1046  0s] CopyFiles Library/ScriptAssemblies/Unity.2D.Psdimporter.Editor.dll
[ 873/1046  0s] CopyFiles Library/ScriptAssemblies/Unity.Addressables.Editor.Tests.DocExampleCode.dll
[ 874/1046  0s] CopyFiles Library/ScriptAssemblies/Unity.Addressables.Editor.Tests.DocExampleCode.pdb
[ 875/1046  0s] CopyFiles Library/ScriptAssemblies/Unity.Localization.Editor.dll
[ 876/1046  0s] CopyFiles Library/ScriptAssemblies/Unity.TextMeshPro.Editor.dll
[ 877/1046  0s] CopyFiles Library/ScriptAssemblies/Unity.Localization.Editor.pdb
[ 878/1046  0s] CopyFiles Library/ScriptAssemblies/Unity.TextMeshPro.Editor.pdb
[ 879/1046  1s] ILPostProcess Library/Bee/artifacts/1900b0aE.dag/post-processed/Unity.Windsurf.Editor.dll (+pdb)
Processing assembly Library/Bee/artifacts/1900b0aE.dag/Unity.Windsurf.Editor.dll, with 118 defines and 217 references

processors: zzzUnity.Burst.CodeGen.BurstILPostProcessor

running zzzUnity.Burst.CodeGen.BurstILPostProcessor
[ 880/1046  0s] CopyFiles Library/ScriptAssemblies/Unity.RenderPipelines.Universal.Config.Runtime.pdb
[ 881/1046  0s] CopyFiles Library/ScriptAssemblies/Unity.PlasticSCM.Editor.pdb
[ 882/1046  0s] CopyFiles Library/ScriptAssemblies/Unity.PlasticSCM.Editor.dll
[ 883/1046  0s] CopyFiles Library/ScriptAssemblies/Unity.InternalAPIEditorBridge.001.pdb
[ 884/1046  0s] CopyFiles Library/ScriptAssemblies/Unity.InternalAPIEditorBridge.001.dll
[ 885/1046  0s] CopyFiles Library/ScriptAssemblies/Unity.RenderPipelines.Universal.Config.Runtime.dll
[ 886/1046  0s] CopyFiles Library/ScriptAssemblies/Unity.Searcher.Editor.pdb
[ 887/1046  0s] CopyFiles Library/ScriptAssemblies/UnityEditor.UI.dll
[ 888/1046  0s] CopyFiles Library/ScriptAssemblies/Unity.Searcher.Editor.dll
[ 889/1046  0s] CopyFiles Library/ScriptAssemblies/UnityEditor.UI.pdb
[ 890/1046  0s] CopyFiles Library/ScriptAssemblies/Unity.2D.Animation.Runtime.pdb
[ 891/1046  0s] CopyFiles Library/ScriptAssemblies/Unity.2D.SpriteShape.Runtime.pdb
[ 892/1046  0s] CopyFiles Library/ScriptAssemblies/Unity.2D.Aseprite.Common.dll
[ 893/1046  0s] CopyFiles Library/ScriptAssemblies/Unity.2D.Aseprite.Common.pdb
[ 894/1046  0s] CopyFiles Library/ScriptAssemblies/Unity.2D.Tilemap.Extras.Editor.dll
[ 895/1046  0s] CopyFiles Library/ScriptAssemblies/Unity.Collections.pdb
[ 896/1046  0s] CopyFiles Library/ScriptAssemblies/Unity.2D.Common.Editor.pdb
[ 897/1046  0s] CopyFiles Library/ScriptAssemblies/Unity.ScriptableBuildPipeline.Editor.dll
[ 898/1046  0s] CopyFiles Library/ScriptAssemblies/Unity.ScriptableBuildPipeline.Editor.pdb
[ 899/1046  0s] CopyFiles Library/ScriptAssemblies/Unity.2D.SpriteShape.Editor.dll
[ 900/1046  0s] CopyFiles Library/ScriptAssemblies/Unity.2D.SpriteShape.Editor.pdb
[ 901/1046  0s] CopyFiles Library/ScriptAssemblies/Unity.2D.Sprite.Editor.dll
[ 902/1046  0s] CopyFiles Library/ScriptAssemblies/Unity.2D.Sprite.Editor.pdb
[ 903/1046  0s] CopyFiles Library/ScriptAssemblies/Unity.ShaderGraph.Utilities.dll
[ 904/1046  0s] CopyFiles Library/ScriptAssemblies/Unity.ShaderGraph.Utilities.pdb
[ 905/1046  0s] CopyFiles Library/ScriptAssemblies/Unity.2D.Tilemap.Extras.Editor.pdb
[ 906/1046  0s] CopyFiles Library/ScriptAssemblies/Unity.2D.Common.Editor.dll
[ 907/1046  0s] CopyFiles Library/ScriptAssemblies/Unity.AI.Navigation.Updater.dll
[ 908/1046  0s] CopyFiles Library/ScriptAssemblies/Unity.Collections.BurstCompatibilityGen.pdb
[ 909/1046  0s] CopyFiles Library/ScriptAssemblies/Unity.AI.Navigation.Updater.pdb
[ 910/1046  0s] CopyFiles Library/ScriptAssemblies/Unity.Windsurf.Editor.pdb
[ 911/1046  0s] CopyFiles Library/ScriptAssemblies/Unity.Mathematics.Editor.pdb
[ 912/1046  0s] CopyFiles Library/ScriptAssemblies/Unity.Mathematics.pdb
[ 913/1046  0s] CopyFiles Library/ScriptAssemblies/Unity.Mathematics.Editor.dll
[ 914/1046  0s] CopyFiles Library/ScriptAssemblies/Unity.Collections.BurstCompatibilityGen.dll
[ 915/1046  0s] CopyFiles Library/ScriptAssemblies/Unity.2D.IK.Runtime.pdb
[ 916/1046  0s] CopyFiles Library/ScriptAssemblies/Unity.ScriptableBuildPipeline.pdb
[ 917/1046  0s] CopyFiles Library/ScriptAssemblies/Unity.AI.Navigation.pdb
[ 918/1046  0s] CopyFiles Library/ScriptAssemblies/Unity.RenderPipelines.Universal.Shaders.pdb
[ 919/1046  0s] CopyFiles Library/ScriptAssemblies/UnityEngine.UI.pdb
[ 920/1046  0s] CopyFiles Library/ScriptAssemblies/Unity.RenderPipelines.ShaderGraph.ShaderGraphLibrary.pdb
[ 921/1046  0s] CopyFiles Library/ScriptAssemblies/Unity.InternalAPIEngineBridge.001.pdb
[ 922/1046  1s] MovedFromExtractor Library/Bee/artifacts/mvdfrm/Unity.RenderPipelines.Universal.Config.Runtime.ref.dll_5D92000A132D4840.mvfrm
[ 923/1046  0s] CopyFiles Library/ScriptAssemblies/Unity.Burst.pdb
[ 924/1046  0s] CopyFiles Library/ScriptAssemblies/VContainer.pdb
[ 925/1046  0s] CopyFiles Library/ScriptAssemblies/NavMeshPlus.pdb
[ 926/1046  0s] CopyFiles Library/ScriptAssemblies/Unity.RenderPipelines.Universal.2D.Internal.pdb
[ 927/1046  0s] CopyFiles Library/ScriptAssemblies/Unity.TextMeshPro.pdb
[ 928/1046  0s] CopyFiles Library/ScriptAssemblies/Unity.Timeline.pdb
[ 929/1046  0s] CopyFiles Library/ScriptAssemblies/Unity.InternalAPIEngineBridge.013.pdb
[ 930/1046  0s] CopyFiles Library/ScriptAssemblies/Unity.InputSystem.TestFramework.pdb
[ 931/1046  0s] CopyFiles Library/ScriptAssemblies/Unity.2D.Common.Runtime.pdb
[ 932/1046  0s] CopyFiles Library/ScriptAssemblies/Unity.InputSystem.ForUI.pdb
[ 933/1046  0s] CopyFiles Library/ScriptAssemblies/Unity.RenderPipelines.Core.ShaderLibrary.pdb
[ 934/1046  0s] CopyFiles Library/ScriptAssemblies/Unity.2D.Tilemap.Extras.pdb
[ 935/1046  0s] CopyFiles Library/ScriptAssemblies/Unity.2D.PixelPerfect.pdb
[ 936/1046  0s] CopyFiles Library/ScriptAssemblies/Unity.Localization.pdb
[ 937/1046  0s] CopyFiles Library/ScriptAssemblies/Unity.Addressables.pdb
[ 938/1046  0s] CopyFiles Library/ScriptAssemblies/Unity.InputSystem.pdb
[ 939/1046  0s] CopyFiles Library/ScriptAssemblies/Unity.VisualStudio.Editor.pdb
[ 940/1046  0s] CopyFiles Library/ScriptAssemblies/Unity.Rider.Editor.dll
[ 941/1046  0s] CopyFiles Library/ScriptAssemblies/Unity.VisualStudio.Editor.dll
[ 942/1046  0s] CopyFiles Library/ScriptAssemblies/Unity.Rider.Editor.pdb
[ 943/1046  0s] CopyFiles Library/ScriptAssemblies/Unity.Burst.CodeGen.dll
[ 944/1046  0s] CopyFiles Library/ScriptAssemblies/Unity.Burst.CodeGen.pdb
[ 945/1046  0s] CopyFiles Library/ScriptAssemblies/Unity.ResourceManager.pdb
[ 946/1046  0s] CopyFiles Library/ScriptAssemblies/Unity.Windsurf.Editor.dll
[ 947/1046  1s] ILPostProcess Library/Bee/artifacts/1900b0aE.dag/post-processed/Unity.Collections.DocCodeSamples.dll (+pdb)
Processing assembly Library/Bee/artifacts/1900b0aE.dag/Unity.Collections.DocCodeSamples.dll, with 118 defines and 227 references

processors: zzzUnity.Burst.CodeGen.BurstILPostProcessor

running zzzUnity.Burst.CodeGen.BurstILPostProcessor
[ 948/1046  0s] CopyFiles Library/ScriptAssemblies/Unity.Collections.DocCodeSamples.pdb
[ 949/1046  0s] CopyFiles Library/ScriptAssemblies/Unity.Collections.DocCodeSamples.dll
[ 950/1046  1s] ILPostProcess Library/Bee/artifacts/1900b0aE.dag/post-processed/Unity.Addressables.Editor.dll (+pdb)
Processing assembly Library/Bee/artifacts/1900b0aE.dag/Unity.Addressables.Editor.dll, with 119 defines and 230 references

processors: zzzUnity.Burst.CodeGen.BurstILPostProcessor

running zzzUnity.Burst.CodeGen.BurstILPostProcessor
[ 951/1046  3s] ILPostProcess Library/Bee/artifacts/1900b0aE.dag/post-processed/Unity.2D.Animation.Editor.dll (+pdb)
Processing assembly Library/Bee/artifacts/1900b0aE.dag/Unity.2D.Animation.Editor.dll, with 118 defines and 235 references

processors: zzzUnity.Burst.CodeGen.BurstILPostProcessor

running zzzUnity.Burst.CodeGen.BurstILPostProcessor
[ 952/1046  0s] CopyFiles Library/ScriptAssemblies/Unity.Addressables.Editor.pdb
[ 953/1046  0s] CopyFiles Library/ScriptAssemblies/Unity.2D.Animation.Editor.pdb
[ 954/1046  0s] MovedFromExtractorCombine Library/Bee/artifacts/1900b0aE.dag/Unity.RenderPipelines.Universal.Runtime.dll.mvfrm
[ 955/1046  0s] CopyFiles Library/ScriptAssemblies/Unity.2D.Animation.Editor.dll
[ 956/1046  0s] CopyFiles Library/ScriptAssemblies/Unity.Addressables.Editor.dll
[ 957/1046  0s] Csc Library/Bee/artifacts/1900b0aE.dag/Unity.RenderPipelines.Core.Editor.dll (+2 others)
[           0s] Csc Library/Bee/artifacts/1900b0aE.dag/Unity.RenderPipelines.Core.Editor.dll (+2 others) [CacheWrite 00000000000000000000000000000003]
[ 958/1046  0s] MovedFromExtractor Library/Bee/artifacts/mvdfrm/Unity.RenderPipelines.Core.Editor.ref.dll_46EB9B6930B27991.mvfrm
[ 959/1046  0s] MovedFromExtractorCombine Library/Bee/artifacts/1900b0aE.dag/Unity.ShaderGraph.Editor.dll.mvfrm
[ 960/1046  0s] ILPostProcess Library/Bee/artifacts/1900b0aE.dag/post-processed/Unity.RenderPipelines.Core.Editor.dll (+pdb)
Processing assembly Library/Bee/artifacts/1900b0aE.dag/Unity.RenderPipelines.Core.Editor.dll, with 119 defines and 228 references

processors: zzzUnity.Burst.CodeGen.BurstILPostProcessor

running zzzUnity.Burst.CodeGen.BurstILPostProcessor
[ 961/1046  0s] CopyFiles Library/ScriptAssemblies/Unity.RenderPipelines.Core.Editor.pdb
[ 962/1046  0s] CopyFiles Library/ScriptAssemblies/Unity.RenderPipelines.Core.Editor.dll
[ 963/1046  0s] Csc Library/Bee/artifacts/1900b0aE.dag/Unity.RenderPipelines.Universal.Runtime.dll (+2 others)
[           0s] Csc Library/Bee/artifacts/1900b0aE.dag/Unity.RenderPipelines.Universal.Runtime.dll (+2 others) [CacheWrite 00000000000000000000000000000003]
[ 964/1046  0s] MovedFromExtractor Library/Bee/artifacts/mvdfrm/Unity.RenderPipelines.Universal.Runtime.ref.dll_5400A10AF7CC6BEA.mvfrm
[ 965/1046  0s] ILPostProcess Library/Bee/artifacts/1900b0aE.dag/post-processed/Unity.RenderPipelines.Universal.Runtime.dll (+pdb)
Processing assembly Library/Bee/artifacts/1900b0aE.dag/Unity.RenderPipelines.Universal.Runtime.dll, with 126 defines and 225 references

processors: zzzUnity.Burst.CodeGen.BurstILPostProcessor

running zzzUnity.Burst.CodeGen.BurstILPostProcessor
[ 966/1046  0s] MovedFromExtractorCombine Library/Bee/artifacts/1900b0aE.dag/Unity.2D.Aseprite.Editor.dll.mvfrm
[ 967/1046  0s] CopyFiles Library/ScriptAssemblies/Unity.RenderPipelines.Universal.Runtime.pdb
[ 968/1046  0s] CopyFiles Library/ScriptAssemblies/Unity.RenderPipelines.Universal.Runtime.dll
[ 969/1046  1s] Csc Library/Bee/artifacts/1900b0aE.dag/Unity.VisualScripting.Flow.dll (+2 others)
[           0s] Csc Library/Bee/artifacts/1900b0aE.dag/Unity.VisualScripting.Flow.dll (+2 others) [CacheWrite 00000000000000000000000000000003]
[ 970/1046  1s] Csc Library/Bee/artifacts/1900b0aE.dag/Unity.VisualScripting.Core.Editor.dll (+2 others)
[           0s] Csc Library/Bee/artifacts/1900b0aE.dag/Unity.VisualScripting.Core.Editor.dll (+2 others) [CacheWrite 00000000000000000000000000000003]
[ 971/1046  0s] ILPostProcess Library/Bee/artifacts/1900b0aE.dag/post-processed/Unity.VisualScripting.Flow.dll (+pdb)
Processing assembly Library/Bee/artifacts/1900b0aE.dag/Unity.VisualScripting.Flow.dll, with 128 defines and 221 references

processors: zzzUnity.Burst.CodeGen.BurstILPostProcessor

running zzzUnity.Burst.CodeGen.BurstILPostProcessor
[ 972/1046  0s] CopyFiles Library/ScriptAssemblies/Unity.VisualScripting.Flow.pdb
[ 973/1046  0s] Csc Library/Bee/artifacts/1900b0aE.dag/Unity.2D.Aseprite.Editor.dll (+2 others)
[ 974/1046  0s] MovedFromExtractor Library/Bee/artifacts/mvdfrm/Unity.VisualScripting.Flow.ref.dll_1E6ED5409D07C9A3.mvfrm
[ 975/1046  0s] CopyFiles Library/ScriptAssemblies/Unity.VisualScripting.Flow.dll
[           0s] Csc Library/Bee/artifacts/1900b0aE.dag/Unity.2D.Aseprite.Editor.dll (+2 others) [CacheWrite 00000000000000000000000000000003]
[ 976/1046  0s] ILPostProcess Library/Bee/artifacts/1900b0aE.dag/post-processed/Unity.VisualScripting.Core.Editor.dll (+pdb)
Processing assembly Library/Bee/artifacts/1900b0aE.dag/Unity.VisualScripting.Core.Editor.dll, with 118 defines and 227 references

processors: zzzUnity.Burst.CodeGen.BurstILPostProcessor

running zzzUnity.Burst.CodeGen.BurstILPostProcessor
[ 977/1046  0s] CopyFiles Library/ScriptAssemblies/Unity.VisualScripting.Core.Editor.pdb
[ 978/1046  0s] MovedFromExtractorCombine Library/Bee/artifacts/1900b0aE.dag/Unity.VisualScripting.State.dll.mvfrm
[ 979/1046  0s] MovedFromExtractor Library/Bee/artifacts/mvdfrm/Unity.VisualScripting.Core.Editor.ref.dll_EDC8690F57C5BDFD.mvfrm
[ 980/1046  0s] CopyFiles Library/ScriptAssemblies/Unity.VisualScripting.Core.Editor.dll
[ 981/1046  0s] ILPostProcess Library/Bee/artifacts/1900b0aE.dag/post-processed/Unity.2D.Aseprite.Editor.dll (+pdb)
Processing assembly Library/Bee/artifacts/1900b0aE.dag/Unity.2D.Aseprite.Editor.dll, with 119 defines and 232 references

processors: zzzUnity.Burst.CodeGen.BurstILPostProcessor

running zzzUnity.Burst.CodeGen.BurstILPostProcessor
[ 982/1046  0s] CopyFiles Library/ScriptAssemblies/Unity.2D.Aseprite.Editor.pdb
[ 983/1046  0s] MovedFromExtractor Library/Bee/artifacts/mvdfrm/Unity.2D.Aseprite.Editor.ref.dll_8C62A80A07075E58.mvfrm
[ 984/1046  0s] MovedFromExtractorCombine Library/Bee/artifacts/1900b0aE.dag/Unity.VisualScripting.Flow.Editor.dll.mvfrm
[ 985/1046  0s] CopyFiles Library/ScriptAssemblies/Unity.2D.Aseprite.Editor.dll
[ 986/1046  0s] Csc Library/Bee/artifacts/1900b0aE.dag/Unity.VisualScripting.State.dll (+2 others)
[           0s] Csc Library/Bee/artifacts/1900b0aE.dag/Unity.VisualScripting.State.dll (+2 others) [CacheWrite 00000000000000000000000000000003]
[ 987/1046  0s] ILPostProcess Library/Bee/artifacts/1900b0aE.dag/post-processed/Unity.VisualScripting.State.dll (+pdb)
Processing assembly Library/Bee/artifacts/1900b0aE.dag/Unity.VisualScripting.State.dll, with 120 defines and 221 references

processors: zzzUnity.Burst.CodeGen.BurstILPostProcessor

running zzzUnity.Burst.CodeGen.BurstILPostProcessor
[ 988/1046  0s] CopyFiles Library/ScriptAssemblies/Unity.VisualScripting.State.pdb
[ 989/1046  0s] CopyFiles Library/ScriptAssemblies/Unity.VisualScripting.State.dll
[ 990/1046  0s] MovedFromExtractor Library/Bee/artifacts/mvdfrm/Unity.VisualScripting.State.ref.dll_D91762B7076BE462.mvfrm
[ 991/1046  0s] Csc Library/Bee/artifacts/1900b0aE.dag/Unity.VisualScripting.Flow.Editor.dll (+2 others)
[           0s] Csc Library/Bee/artifacts/1900b0aE.dag/Unity.VisualScripting.Flow.Editor.dll (+2 others) [CacheWrite 00000000000000000000000000000003]
[ 992/1046  0s] ILPostProcess Library/Bee/artifacts/1900b0aE.dag/post-processed/Unity.VisualScripting.Flow.Editor.dll (+pdb)
Processing assembly Library/Bee/artifacts/1900b0aE.dag/Unity.VisualScripting.Flow.Editor.dll, with 120 defines and 230 references

processors: zzzUnity.Burst.CodeGen.BurstILPostProcessor

running zzzUnity.Burst.CodeGen.BurstILPostProcessor
[ 993/1046  0s] CopyFiles Library/ScriptAssemblies/Unity.VisualScripting.Flow.Editor.pdb
[ 994/1046  0s] MovedFromExtractor Library/Bee/artifacts/mvdfrm/Unity.VisualScripting.Flow.Editor.ref.dll_6AF951BE66A4493E.mvfrm
[ 995/1046  0s] CopyFiles Library/ScriptAssemblies/Unity.VisualScripting.Flow.Editor.dll
[ 996/1046  0s] MovedFromExtractorCombine Library/Bee/artifacts/1900b0aE.dag/Unity.VisualScripting.State.Editor.dll.mvfrm
[ 997/1046  0s] MovedFromExtractorCombine Library/Bee/artifacts/1900b0aE.dag/Unity.VisualScripting.SettingsProvider.Editor.dll.mvfrm
[ 998/1046  0s] Csc Library/Bee/artifacts/1900b0aE.dag/Unity.VisualScripting.SettingsProvider.Editor.dll (+2 others)
[           0s] Csc Library/Bee/artifacts/1900b0aE.dag/Unity.VisualScripting.SettingsProvider.Editor.dll (+2 others) [CacheWrite 00000000000000000000000000000003]
[ 999/1046  0s] ILPostProcess Library/Bee/artifacts/1900b0aE.dag/post-processed/Unity.VisualScripting.SettingsProvider.Editor.dll (+pdb)
Processing assembly Library/Bee/artifacts/1900b0aE.dag/Unity.VisualScripting.SettingsProvider.Editor.dll, with 118 defines and 231 references

processors: zzzUnity.Burst.CodeGen.BurstILPostProcessor

running zzzUnity.Burst.CodeGen.BurstILPostProcessor
[1000/1046  0s] CopyFiles Library/ScriptAssemblies/Unity.VisualScripting.SettingsProvider.Editor.pdb
[1001/1046  0s] CopyFiles Library/ScriptAssemblies/Unity.VisualScripting.SettingsProvider.Editor.dll
[1002/1046  0s] MovedFromExtractor Library/Bee/artifacts/mvdfrm/Unity.VisualScripting.SettingsProvider.Editor.ref.dll_A1A44354E0B583A8.mvfrm
[1003/1046  0s] Csc Library/Bee/artifacts/1900b0aE.dag/Unity.VisualScripting.State.Editor.dll (+2 others)
[           0s] Csc Library/Bee/artifacts/1900b0aE.dag/Unity.VisualScripting.State.Editor.dll (+2 others) [CacheWrite 00000000000000000000000000000003]
[1004/1046  0s] ILPostProcess Library/Bee/artifacts/1900b0aE.dag/post-processed/Unity.VisualScripting.State.Editor.dll (+pdb)
Processing assembly Library/Bee/artifacts/1900b0aE.dag/Unity.VisualScripting.State.Editor.dll, with 118 defines and 231 references

processors: zzzUnity.Burst.CodeGen.BurstILPostProcessor

running zzzUnity.Burst.CodeGen.BurstILPostProcessor
[1005/1046  0s] CopyFiles Library/ScriptAssemblies/Unity.VisualScripting.State.Editor.pdb
[1006/1046  0s] CopyFiles Library/ScriptAssemblies/Unity.VisualScripting.State.Editor.dll
[1007/1046  0s] MovedFromExtractor Library/Bee/artifacts/mvdfrm/Unity.VisualScripting.State.Editor.ref.dll_E03858E727F23F6F.mvfrm
[1008/1046  0s] MovedFromExtractorCombine Library/Bee/artifacts/1900b0aE.dag/Unity.VisualScripting.Shared.Editor.dll.mvfrm
[1009/1046  0s] Csc Library/Bee/artifacts/1900b0aE.dag/Unity.VisualScripting.Shared.Editor.dll (+2 others)
[           0s] Csc Library/Bee/artifacts/1900b0aE.dag/Unity.VisualScripting.Shared.Editor.dll (+2 others) [CacheWrite 00000000000000000000000000000003]
[1010/1046  0s] ILPostProcess Library/Bee/artifacts/1900b0aE.dag/post-processed/Unity.VisualScripting.Shared.Editor.dll (+pdb)
Processing assembly Library/Bee/artifacts/1900b0aE.dag/Unity.VisualScripting.Shared.Editor.dll, with 118 defines and 232 references

processors: zzzUnity.Burst.CodeGen.BurstILPostProcessor

running zzzUnity.Burst.CodeGen.BurstILPostProcessor
[1011/1046  0s] CopyFiles Library/ScriptAssemblies/Unity.VisualScripting.Shared.Editor.pdb
[1012/1046  0s] CopyFiles Library/ScriptAssemblies/Unity.VisualScripting.Shared.Editor.dll
[1013/1046  0s] MovedFromExtractor Library/Bee/artifacts/mvdfrm/Unity.VisualScripting.Shared.Editor.ref.dll_9669F6EBFF6DFFB7.mvfrm
[1014/1046  1s] Csc Library/Bee/artifacts/1900b0aE.dag/Unity.ShaderGraph.Editor.dll (+2 others)
[           0s] Csc Library/Bee/artifacts/1900b0aE.dag/Unity.ShaderGraph.Editor.dll (+2 others) [CacheWrite 00000000000000000000000000000003]
[1015/1046  0s] MovedFromExtractor Library/Bee/artifacts/mvdfrm/Unity.ShaderGraph.Editor.ref.dll_0F50152946DB09D0.mvfrm
[1016/1046  0s] ILPostProcess Library/Bee/artifacts/1900b0aE.dag/post-processed/Unity.ShaderGraph.Editor.dll (+pdb)
Processing assembly Library/Bee/artifacts/1900b0aE.dag/Unity.ShaderGraph.Editor.dll, with 118 defines and 230 references

processors: zzzUnity.Burst.CodeGen.BurstILPostProcessor

running zzzUnity.Burst.CodeGen.BurstILPostProcessor
[1017/1046  0s] CopyFiles Library/ScriptAssemblies/Unity.ShaderGraph.Editor.pdb
[1018/1046  0s] MovedFromExtractorCombine Library/Bee/artifacts/1900b0aE.dag/Unity.RenderPipelines.Universal.Editor.dll.mvfrm
[1019/1046  0s] CopyFiles Library/ScriptAssemblies/Unity.ShaderGraph.Editor.dll
[1020/1046  0s] Csc Library/Bee/artifacts/1900b0aE.dag/Unity.RenderPipelines.Universal.Editor.dll (+2 others)
[           0s] Csc Library/Bee/artifacts/1900b0aE.dag/Unity.RenderPipelines.Universal.Editor.dll (+2 others) [CacheWrite 00000000000000000000000000000003]
[1021/1046  0s] MovedFromExtractor Library/Bee/artifacts/mvdfrm/Unity.RenderPipelines.Universal.Editor.ref.dll_0FF7AC68384616B1.mvfrm
[1022/1046  0s] ILPostProcess Library/Bee/artifacts/1900b0aE.dag/post-processed/Unity.RenderPipelines.Universal.Editor.dll (+pdb)
Processing assembly Library/Bee/artifacts/1900b0aE.dag/Unity.RenderPipelines.Universal.Editor.dll, with 119 defines and 232 references

processors: zzzUnity.Burst.CodeGen.BurstILPostProcessor

running zzzUnity.Burst.CodeGen.BurstILPostProcessor
[1023/1046  0s] MovedFromExtractorCombine Library/Bee/artifacts/1900b0aE.dag/PPv2URPConverters.dll.mvfrm
[1024/1046  0s] MovedFromExtractorCombine Library/Bee/artifacts/1900b0aE.dag/Unity.2D.PixelPerfect.Editor.dll.mvfrm
[1025/1046  0s] CopyFiles Library/ScriptAssemblies/Unity.RenderPipelines.Universal.Editor.pdb
[1026/1046  0s] Csc Library/Bee/artifacts/1900b0aE.dag/Unity.2D.PixelPerfect.Editor.dll (+2 others)
[1027/1046  0s] CopyFiles Library/ScriptAssemblies/Unity.RenderPipelines.Universal.Editor.dll
[           0s] Csc Library/Bee/artifacts/1900b0aE.dag/Unity.2D.PixelPerfect.Editor.dll (+2 others) [CacheWrite 00000000000000000000000000000003]
[1028/1046  0s] Csc Library/Bee/artifacts/1900b0aE.dag/PPv2URPConverters.dll (+2 others)
[           0s] Csc Library/Bee/artifacts/1900b0aE.dag/PPv2URPConverters.dll (+2 others) [CacheWrite 00000000000000000000000000000003]
[1029/1046  0s] ILPostProcess Library/Bee/artifacts/1900b0aE.dag/post-processed/Unity.2D.PixelPerfect.Editor.dll (+pdb)
Processing assembly Library/Bee/artifacts/1900b0aE.dag/Unity.2D.PixelPerfect.Editor.dll, with 120 defines and 229 references

processors: zzzUnity.Burst.CodeGen.BurstILPostProcessor

running zzzUnity.Burst.CodeGen.BurstILPostProcessor
[1030/1046  0s] CopyFiles Library/ScriptAssemblies/Unity.2D.PixelPerfect.Editor.pdb
[1031/1046  0s] CopyFiles Library/ScriptAssemblies/Unity.2D.PixelPerfect.Editor.dll
[1032/1046  0s] ILPostProcess Library/Bee/artifacts/1900b0aE.dag/post-processed/PPv2URPConverters.dll (+pdb)
Processing assembly Library/Bee/artifacts/1900b0aE.dag/PPv2URPConverters.dll, with 118 defines and 230 references

processors: zzzUnity.Burst.CodeGen.BurstILPostProcessor

running zzzUnity.Burst.CodeGen.BurstILPostProcessor
[1033/1046  0s] MovedFromExtractor Library/Bee/artifacts/mvdfrm/Unity.2D.PixelPerfect.Editor.ref.dll_500201FE28D4C516.mvfrm
[1034/1046  0s] CopyFiles Library/ScriptAssemblies/PPv2URPConverters.dll
[1035/1046  0s] CopyFiles Library/ScriptAssemblies/PPv2URPConverters.pdb
[1036/1046  0s] MovedFromExtractorCombine Library/Bee/artifacts/1900b0aE.dag/Assembly-CSharp-Editor.dll.mvfrm
[1037/1046  0s] MovedFromExtractorCombine Library/Bee/artifacts/1900b0aE.dag/Assembly-CSharp.dll.mvfrm
[1038/1046  0s] Csc Library/Bee/artifacts/1900b0aE.dag/Assembly-CSharp.dll (+2 others)
Assets\Nytherion\Gameplay\Combat\Weapons\Melee\ShortDagger.cs(26,40): warning CS0414: The field 'ShortDagger.thrustDistance' is assigned but its value is never used

Assets\Nytherion\Gameplay\Skills\Abilities\PyroTank\PyroTankController.cs(34,23): warning CS0414: The field 'PyroTankController.explosionEndsAt' is assigned but its value is never used

Assets\Nytherion\Gameplay\Combat\Weapons\Melee\ShortDagger.cs(79,41): warning CS0414: The field 'ShortDagger.thrustEffectStateName' is assigned but its value is never used

Assets\Nytherion\Gameplay\Combat\Weapons\Melee\ShortDagger.cs(112,40): warning CS0414: The field 'ShortDagger.swingDistance' is assigned but its value is never used
[1039/1046  0s] ILPostProcess Library/Bee/artifacts/1900b0aE.dag/post-processed/Assembly-CSharp.dll (+pdb)
Processing assembly Library/Bee/artifacts/1900b0aE.dag/Assembly-CSharp.dll, with 120 defines and 282 references

processors: zzzUnity.Burst.CodeGen.BurstILPostProcessor

running zzzUnity.Burst.CodeGen.BurstILPostProcessor
[1040/1046  0s] CopyFiles Library/ScriptAssemblies/Assembly-CSharp.pdb
[1041/1046  0s] Csc Library/Bee/artifacts/1900b0aE.dag/Assembly-CSharp-Editor.dll (+2 others)
Assets\Editor\Data\TrainingDummySetup.cs(241,29): warning CS0252: Possible unintended reference comparison; to get a value comparison, cast the left hand side to type 'Object'
[1042/1046  0s] CopyFiles Library/ScriptAssemblies/Assembly-CSharp.dll
[1043/1046  0s] ILPostProcess Library/Bee/artifacts/1900b0aE.dag/post-processed/Assembly-CSharp-Editor.dll (+pdb)
Processing assembly Library/Bee/artifacts/1900b0aE.dag/Assembly-CSharp-Editor.dll, with 118 defines and 299 references

processors: zzzUnity.Burst.CodeGen.BurstILPostProcessor

running zzzUnity.Burst.CodeGen.BurstILPostProcessor
[1044/1046  0s] CopyFiles Library/ScriptAssemblies/Assembly-CSharp-Editor.pdb
[1045/1046  0s] CopyFiles Library/ScriptAssemblies/Assembly-CSharp-Editor.dll
*** Tundra build success (55.95 seconds), 768 items updated, 1046 evaluated
[API Updater] Updated Files:
Skipping ScriptUpdater consent dialog. Consent declined based on command line parameters.
Finished running ScriptUpdaters
C:\RoguelikePrototype\Library\PackageCache\com.unity.test-framework@1.1.33\UnityEditor.TestRunner\TestLaunchers\PlatformSetup\PlatformSpecificSetup.cs(118,18): warning CS0618: 'BuildTarget.Lumin' is obsolete: 'Lumin has been removed in 2022.2'
C:\RoguelikePrototype\Library\PackageCache\com.unity.test-framework@1.1.33\UnityEditor.TestRunner\TestLaunchers\PlatformSetup\UwpPlatformSetup.cs(26,17): warning CS0618: 'EditorUserBuildSettings.wsaSubtarget' is obsolete: 'EditorUserBuildSettings.wsaSubtarget is obsolete and has no effect. It will be removed in a subsequent Unity release.'
C:\RoguelikePrototype\Library\PackageCache\com.unity.test-framework@1.1.33\UnityEditor.TestRunner\TestLaunchers\PlatformSetup\UwpPlatformSetup.cs(26,56): warning CS0618: 'WSASubtarget' is obsolete: 'WSASubtarget is obsolete and has no effect. It will be removed in a subsequent Unity release.'
C:\RoguelikePrototype\Library\PackageCache\com.unity.test-framework@1.1.33\UnityEditor.TestRunner\TestLaunchers\PlayerLauncher.cs(138,59): warning CS0618: 'BuildTarget.Lumin' is obsolete: 'Lumin has been removed in 2022.2'
C:\RoguelikePrototype\Library\PackageCache\com.unity.searcher@4.9.2\Editor\Searcher\SearcherControl.cs(73,17): warning CS0618: 'BaseVerticalCollectionView.onItemsChosen' is obsolete: 'onItemsChosen is deprecated, use itemsChosen instead'
C:\RoguelikePrototype\Library\PackageCache\com.unity.searcher@4.9.2\Editor\Searcher\SearcherControl.cs(74,17): warning CS0618: 'BaseVerticalCollectionView.onSelectionChange' is obsolete: 'onSelectionChange is deprecated, use selectionChanged instead'
C:\RoguelikePrototype\Library\PackageCache\com.unity.textmeshpro@3.0.7\Scripts\Runtime\TMP_FontAsset.cs(1508,17): warning CS0618: 'Texture2D.Resize(int, int)' is obsolete: 'Texture2D.Resize(int, int) has been deprecated because it actually reinitializes the texture. Use Texture2D.Reinitialize(int, int) instead (UnityUpgradable) -> Reinitialize([*] System.Int32, [*] System.Int32)'
C:\RoguelikePrototype\Library\PackageCache\com.unity.textmeshpro@3.0.7\Scripts\Runtime\TMP_FontAsset.cs(1730,17): warning CS0618: 'Texture2D.Resize(int, int)' is obsolete: 'Texture2D.Resize(int, int) has been deprecated because it actually reinitializes the texture. Use Texture2D.Reinitialize(int, int) instead (UnityUpgradable) -> Reinitialize([*] System.Int32, [*] System.Int32)'
C:\RoguelikePrototype\Library\PackageCache\com.unity.textmeshpro@3.0.7\Scripts\Runtime\TMP_FontAsset.cs(2074,17): warning CS0618: 'Texture2D.Resize(int, int)' is obsolete: 'Texture2D.Resize(int, int) has been deprecated because it actually reinitializes the texture. Use Texture2D.Reinitialize(int, int) instead (UnityUpgradable) -> Reinitialize([*] System.Int32, [*] System.Int32)'
C:\RoguelikePrototype\Library\PackageCache\com.unity.textmeshpro@3.0.7\Scripts\Runtime\TMP_FontAsset.cs(2444,17): warning CS0618: 'Texture2D.Resize(int, int)' is obsolete: 'Texture2D.Resize(int, int) has been deprecated because it actually reinitializes the texture. Use Texture2D.Reinitialize(int, int) instead (UnityUpgradable) -> Reinitialize([*] System.Int32, [*] System.Int32)'
C:\RoguelikePrototype\Library\PackageCache\com.unity.textmeshpro@3.0.7\Scripts\Runtime\TMP_FontAsset.cs(2846,17): warning CS0618: 'Texture2D.Resize(int, int, TextureFormat, bool)' is obsolete: 'Texture2D.Resize(int, int, TextureFormat, bool) has been deprecated because it actually reinitializes the texture. Use Texture2D.Reinitialize(int, int, TextureFormat, bool) instead (UnityUpgradable) -> Reinitialize([*] System.Int32, [*] System.Int32, UnityEngine.TextureFormat, [*] System.Boolean)'
C:\RoguelikePrototype\Library\PackageCache\com.unity.textmeshpro@3.0.7\Scripts\Runtime\TMP_FontAsset.cs(2850,17): warning CS0618: 'Texture2D.Resize(int, int, TextureFormat, bool)' is obsolete: 'Texture2D.Resize(int, int, TextureFormat, bool) has been deprecated because it actually reinitializes the texture. Use Texture2D.Reinitialize(int, int, TextureFormat, bool) instead (UnityUpgradable) -> Reinitialize([*] System.Int32, [*] System.Int32, UnityEngine.TextureFormat, [*] System.Boolean)'
C:\RoguelikePrototype\Library\PackageCache\com.unity.textmeshpro@3.0.7\Scripts\Editor\TMP_BaseEditorPanel.cs(342,31): warning CS0618: 'Handles.FreeMoveHandle(Vector3, Quaternion, float, Vector3, Handles.CapFunction)' is obsolete: 'Rotation parameter is obsolete. (UnityUpgradable) -> !1'
C:\RoguelikePrototype\Library\PackageCache\com.unity.textmeshpro@3.0.7\Scripts\Editor\TMP_BaseEditorPanel.cs(357,30): warning CS0618: 'Handles.FreeMoveHandle(Vector3, Quaternion, float, Vector3, Handles.CapFunction)' is obsolete: 'Rotation parameter is obsolete. (UnityUpgradable) -> !1'
C:\RoguelikePrototype\Library\PackageCache\com.unity.textmeshpro@3.0.7\Scripts\Editor\TMP_BaseEditorPanel.cs(371,32): warning CS0618: 'Handles.FreeMoveHandle(Vector3, Quaternion, float, Vector3, Handles.CapFunction)' is obsolete: 'Rotation parameter is obsolete. (UnityUpgradable) -> !1'
C:\RoguelikePrototype\Library\PackageCache\com.unity.textmeshpro@3.0.7\Scripts\Editor\TMP_BaseEditorPanel.cs(385,33): warning CS0618: 'Handles.FreeMoveHandle(Vector3, Quaternion, float, Vector3, Handles.CapFunction)' is obsolete: 'Rotation parameter is obsolete. (UnityUpgradable) -> !1'
C:\RoguelikePrototype\Library\PackageCache\com.unity.textmeshpro@3.0.7\Scripts\Editor\TMPro_FontAssetCreatorWindow.cs(1470,21): warning CS0618: 'Texture2D.Resize(int, int)' is obsolete: 'Texture2D.Resize(int, int) has been deprecated because it actually reinitializes the texture. Use Texture2D.Reinitialize(int, int) instead (UnityUpgradable) -> Reinitialize([*] System.Int32, [*] System.Int32)'
C:\RoguelikePrototype\Library\PackageCache\com.unity.textmeshpro@3.0.7\Scripts\Editor\TMPro_FontAssetCreatorWindow.cs(1661,21): warning CS0618: 'Texture2D.Resize(int, int)' is obsolete: 'Texture2D.Resize(int, int) has been deprecated because it actually reinitializes the texture. Use Texture2D.Reinitialize(int, int) instead (UnityUpgradable) -> Reinitialize([*] System.Int32, [*] System.Int32)'
C:\RoguelikePrototype\Library\PackageCache\com.unity.localization@1.4.3\Editor\Search\TableSearchProvider.cs(290,25): warning CS0618: 'QueryEngine<TableEntrySearchData>.Parse(string, bool)' is obsolete: 'Parse has been deprecated. Use ParseQuery instead (UnityUpgradable) -> ParseQuery(*)'
Assets\Nytherion\Gameplay\Combat\Weapons\Melee\ShortDagger.cs(26,40): warning CS0414: The field 'ShortDagger.thrustDistance' is assigned but its value is never used
Assets\Nytherion\Gameplay\Skills\Abilities\PyroTank\PyroTankController.cs(34,23): warning CS0414: The field 'PyroTankController.explosionEndsAt' is assigned but its value is never used
Assets\Nytherion\Gameplay\Combat\Weapons\Melee\ShortDagger.cs(79,41): warning CS0414: The field 'ShortDagger.thrustEffectStateName' is assigned but its value is never used
Assets\Nytherion\Gameplay\Combat\Weapons\Melee\ShortDagger.cs(112,40): warning CS0414: The field 'ShortDagger.swingDistance' is assigned but its value is never used
Assets\Editor\Data\TrainingDummySetup.cs(241,29): warning CS0252: Possible unintended reference comparison; to get a value comparison, cast the left hand side to type 'Object'
AssetDatabase: script compilation time: 59.328091s
Begin MonoManager ReloadAssembly
[Licensing::Client] Successfully resolved entitlement details
[Licensing::Module] Serial number assigned to: "F4-6RG9-4KD6-T4HW-2SXE-XXXX"
[Licensing::Module] Serial number assigned to: "14568601583659-UnityPersXXXX"
- Loaded All Assemblies, in  9.978 seconds
Refreshing native plugins compatible for Editor in 8.79 ms, found 4 plugins.
Preloading 0 native plugins for Editor in 0.00 ms.
Start importing Assets/Nytherion/Gameplay/Combat/Weapons/Ranged/WeaponLaserBeam.cs using Guid(95f12614be2063a4689f0d149894532f) Importer(-1,00000000000000000000000000000000) [PhysX] Initialized MultithreadedTaskDispatcher with 12 workers.
 -> (artifact id: 'aead234667a75473b3e221f57b9587a3') in 0.022630 seconds
Start importing Assets/Editor/LaserOffsetBatch.cs using Guid(09ff4573b863ccb469422b1817ae4e89) Importer(-1,00000000000000000000000000000000) [PhysX] Initialized MultithreadedTaskDispatcher with 12 workers.
 -> (artifact id: '9ed0ba8f2e84bfc999dc96745ad08a44') in 0.012949 seconds
Start importing Assets/Nytherion/Gameplay/Combat/Weapons/Ranged/LaserWeapon.cs using Guid(7bfe0847af1de5c4c9febca291179101) Importer(-1,00000000000000000000000000000000) [PhysX] Initialized MultithreadedTaskDispatcher with 12 workers.
 -> (artifact id: '410c8fb40e03c83b780df3ebaaebfee5') in 0.009141 seconds
Start importing Assets/Editor/Data/LaserWeaponVerification.cs using Guid(dd95b09fca94c04439e8ff64719fc201) Importer(-1,00000000000000000000000000000000) [PhysX] Initialized MultithreadedTaskDispatcher with 12 workers.
 -> (artifact id: '8f81b825230bb69220c2174e2e3e8bf7') in 0.007218 seconds
Start importing Assets/Nytherion/Gameplay/Characters/Player/Core/PlayerCombat.cs using Guid(5e505006480333f4ba51ea6413fab036) Importer(-1,00000000000000000000000000000000) [PhysX] Initialized MultithreadedTaskDispatcher with 12 workers.
 -> (artifact id: '04108752e25e77b6bd97664fd4661ae8') in 0.007948 seconds
Refreshing native plugins compatible for Editor in 8.21 ms, found 4 plugins.
Native extension for WindowsStandalone target not found
Mono: successfully reloaded assembly
- Finished resetting the current domain, in  4.783 seconds
Domain Reload Profiling: 14753ms
	BeginReloadAssembly (209ms)
		ExecutionOrderSort (0ms)
		DisableScriptedObjects (6ms)
		BackupInstance (0ms)
		ReleaseScriptingObjects (0ms)
		CreateAndSetChildDomain (30ms)
	RebuildCommonClasses (49ms)
	RebuildNativeTypeToScriptingClass (17ms)
	initialDomainReloadingComplete (54ms)
	LoadAllAssembliesAndSetupDomain (9641ms)
		LoadAssemblies (9413ms)
		RebuildTransferFunctionScriptingTraits (0ms)
		AnalyzeDomain (340ms)
			TypeCache.Refresh (277ms)
				TypeCache.ScanAssembly (249ms)
			ScanForSourceGeneratedMonoScriptInfo (41ms)
			ResolveRequiredComponents (18ms)
	FinalizeReload (4783ms)
		ReleaseScriptCaches (0ms)
		RebuildScriptCaches (0ms)
		SetupLoadedEditorAssemblies (4204ms)
			LogAssemblyErrors (0ms)
			InitializePlatformSupportModulesInManaged (6ms)
			SetLoadedEditorAssemblies (4ms)
			RefreshPlugins (0ms)
			BeforeProcessingInitializeOnLoad (118ms)
			ProcessInitializeOnLoadAttributes (3835ms)
			ProcessInitializeOnLoadMethodAttributes (226ms)
			AfterProcessingInitializeOnLoad (14ms)
			EditorAssembliesLoaded (0ms)
		ExecutionOrderSort2 (0ms)
		AwakeInstancesAfterBackupRestoration (10ms)
Refreshing native plugins compatible for Editor in 9.90 ms, found 4 plugins.
Preloading 0 native plugins for Editor in 0.00 ms.
Asset Pipeline Refresh (id=1d40371c26f3b4d42a49ef1d0e8e05a0): Total: 124.513 seconds - Initiated by InitialRefreshV2(ForceSynchronousImport)
	Summary:
		Imports: total=5 (actual=5, local cache=0, cache server=0)
		Asset DB Process Time: managed=7 ms, native=46432 ms
		Asset DB Callback time: managed=3543 ms, native=66 ms
		Scripting: domain reloads=1, domain reload time=14992 ms, compile time=59350 ms, other=119 ms
		Project Asset Count: scripts=9590, non-scripts=6292
		Asset File Changes: new=0, changed=0, moved=0, deleted=0
		Scan Filter Count: 0
	InvokeBeforeRefreshCallbacks: 46.769ms
	ApplyChangesToAssetFolders: 0.076ms
	Scan: 319.906ms
	OnSourceAssetsModified: 0.002ms
	GetAllGuidsForCategorization: 2.982ms
	CategorizeAssets: 441.496ms
	ImportOutOfDateAssets: 5028.002ms (-54455.102ms without children)
		ImportManagerImport: 73.282ms (9.678ms without children)
			ImportInProcess: 63.549ms
			UpdateCategorizedAssets: 0.055ms
		CompileScripts: 59349.586ms
		ReloadNativeAssets: 0.026ms
		UnloadImportedAssets: 46.790ms
		ReloadImportedAssets: 1.386ms
		EnsureUptoDateAssetsAreRegisteredWithGuidPM: 8.629ms
		InitializingProgressBar: 0.001ms
		PostProcessAllAssetNotificationsAddChangedAssets: 0.001ms
		OnDemandSchedulerStart: 3.405ms
	PostProcessAllAssets: 3551.867ms
	Hotreload: 11.566ms
	GatherAllCurrentPrimaryArtifactRevisions: 0.000ms
	UnloadStreamsBegin: 1.655ms
	PersistCurrentRevisions: 0.992ms
	UnloadStreamsEnd: 0.151ms
	GenerateScriptTypeHashes: 8.553ms
	Untracked: 115107.092ms
Application.AssetDatabase Initial Refresh End
Launched and connected shader compiler UnityShaderCompiler.exe after 0.07 seconds
Scanning for USB devices : 1.787ms
Initializing Unity extensions:
[Licensing::Client] Successfully resolved entitlement details
[Licensing::Module] Serial number assigned to: "F4-6RG9-4KD6-T4HW-2SXE-XXXX"
[Licensing::Module] Serial number assigned to: "14568601583659-UnityPersXXXX"
[Licensing::Client] Successfully resolved entitlement details
[Licensing::Module] Serial number assigned to: "F4-6RG9-4KD6-T4HW-2SXE-XXXX"
[Licensing::Module] Serial number assigned to: "14568601583659-UnityPersXXXX"
[MODES] ModeService[none].Initialize
[MODES] ModeService[none].LoadModes
[MODES] Loading mode Default (0) for mode-current-id-PrototypeV01
[PhysX] Initialized MultithreadedTaskDispatcher with 12 workers.
ProgressiveSceneManager::Cancel()
Unloading 426 Unused Serialized files (Serialized files now loaded: 0)
Unloading 857 unused Assets / (1.5 MB). Loaded Objects now: 8324.
Memory consumption went from 249.7 MB to 248.2 MB.
Total: 17.006400 ms (FindLiveObjects: 1.242600 ms CreateObjectMapping: 1.236300 ms MarkObjects: 10.163800 ms  DeleteObjects: 4.362000 ms)

Opening scene 'Assets/Scenes/GameScene.unity'
[PhysX] Initialized MultithreadedTaskDispatcher with 12 workers.
Unloading 702 Unused Serialized files (Serialized files now loaded: 0)
Loaded scene 'Assets/Scenes/GameScene.unity'
	Deserialize:            3864.643 ms
	Integration:            766.530 ms
	Integration of assets:  528.000 ms
	Thread Wait Time:       -0.739 ms
	Total Operation Time:   5158.435 ms
Unloading 2 unused Assets / (1.0 KB). Loaded Objects now: 12265.
Memory consumption went from 313.6 MB to 313.6 MB.
Total: 11.751000 ms (FindLiveObjects: 1.053100 ms CreateObjectMapping: 0.898700 ms MarkObjects: 9.718400 ms  DeleteObjects: 0.079100 ms)

[Project] Loading completed in 137.867 seconds
	Project init time: 				130.986 seconds
		Template init time: 		0.000 seconds
		Package Manager init time: 		0.477 seconds
		Asset Database init time: 		1.368 seconds
		Global illumination init time: 	0.005 seconds
		Assemblies load time: 			1.046 seconds
		Unity extensions init time: 	0.012 seconds
		Asset Database refresh time: 	0.000 seconds
	Scene opening time: 			5.537 seconds
##utp:{"type":"ProjectInfo","version":2,"phase":"Immediate","time":1791203151326,"processId":58432,"projectLoad":137.8665032,"projectInit":130.9859997,"templateInit":0.0,"packageManagerInit":0.4767229,"assetDatabaseInit":1.3681946,"globalIlluminationInit":0.0046615,"assembliesLoad":1.0456127,"unityExtensionsInit":0.0118291,"assetDatabaseRefresh":0.0,"sceneOpening":5.5369987}
##utp:{"type":"EditorInfo","version":2,"phase":"Immediate","time":1791203151326,"processId":58432,"editorVersion":"2022.3.62f2 (7670c08855a9)","branch":"2022.3/respin/2022.3.62f2-4af31df585-v2","buildType":"Release","platform":"Windows"}
SpriteAtlasPacking completed in 0.014810 sec
Reloading assemblies for play mode.
Reloading assemblies after forced synchronous recompile.
Begin MonoManager ReloadAssembly
- Loaded All Assemblies, in  0.841 seconds
Refreshing native plugins compatible for Editor in 8.71 ms, found 4 plugins.
Native extension for WindowsStandalone target not found
Mono: successfully reloaded assembly
- Finished resetting the current domain, in  1.777 seconds
Domain Reload Profiling: 2613ms
	BeginReloadAssembly (600ms)
		ExecutionOrderSort (1ms)
		DisableScriptedObjects (26ms)
		BackupInstance (0ms)
		ReleaseScriptingObjects (1ms)
		CreateAndSetChildDomain (369ms)
	RebuildCommonClasses (51ms)
	RebuildNativeTypeToScriptingClass (14ms)
	initialDomainReloadingComplete (50ms)
	LoadAllAssembliesAndSetupDomain (119ms)
		LoadAssemblies (200ms)
		RebuildTransferFunctionScriptingTraits (0ms)
		AnalyzeDomain (36ms)
			TypeCache.Refresh (10ms)
				TypeCache.ScanAssembly (0ms)
			ScanForSourceGeneratedMonoScriptInfo (0ms)
			ResolveRequiredComponents (23ms)
	FinalizeReload (1778ms)
		ReleaseScriptCaches (0ms)
		RebuildScriptCaches (0ms)
		SetupLoadedEditorAssemblies (1022ms)
			LogAssemblyErrors (0ms)
			InitializePlatformSupportModulesInManaged (15ms)
			SetLoadedEditorAssemblies (13ms)
			RefreshPlugins (0ms)
			BeforeProcessingInitializeOnLoad (154ms)
			ProcessInitializeOnLoadAttributes (712ms)
			ProcessInitializeOnLoadMethodAttributes (118ms)
			AfterProcessingInitializeOnLoad (10ms)
			EditorAssembliesLoaded (0ms)
		ExecutionOrderSort2 (1ms)
		AwakeInstancesAfterBackupRestoration (90ms)
Asset Pipeline Refresh (id=1b3125bf4a2706047b9458d0ed3ce710): Total: 3.537 seconds - Initiated by StopAssetImportingV2(ForceSynchronousImport | ForceDomainReload)
	Summary:
		Imports: total=0 (actual=0, local cache=0, cache server=0)
		Asset DB Process Time: managed=0 ms, native=776 ms
		Asset DB Callback time: managed=28 ms, native=43 ms
		Scripting: domain reloads=1, domain reload time=2686 ms, compile time=2 ms, other=0 ms
		Project Asset Count: scripts=9590, non-scripts=6292
		Asset File Changes: new=0, changed=0, moved=0, deleted=0
		Scan Filter Count: 0
	InvokeBeforeRefreshCallbacks: 43.186ms
	ApplyChangesToAssetFolders: 0.108ms
	Scan: 0.001ms
	OnSourceAssetsModified: 0.002ms
	GetAllGuidsForCategorization: 2.817ms
	CategorizeAssets: 426.247ms
	ImportOutOfDateAssets: 1826.843ms (1806.279ms without children)
		CompileScripts: 2.330ms
		CollectScriptTypesHashes: 7.834ms
		ReloadNativeAssets: 1.566ms
		UnloadImportedAssets: 1.304ms
		EnsureUptoDateAssetsAreRegisteredWithGuidPM: 4.963ms
		InitializingProgressBar: 0.001ms
		PostProcessAllAssetNotificationsAddChangedAssets: 0.000ms
		OnDemandSchedulerStart: 2.565ms
	PostProcessAllAssets: 28.337ms
	GatherAllCurrentPrimaryArtifactRevisions: 1.213ms
	UnloadStreamsBegin: 2.080ms
	PersistCurrentRevisions: 0.892ms
	UnloadStreamsEnd: 0.155ms
	GenerateScriptTypeHashes: 13.783ms
	Untracked: 1205.352ms
[PhysX] Initialized MultithreadedTaskDispatcher with 12 workers.
Loaded scene 'Temp/__Backupscenes/0.backup'
	Deserialize:            47.776 ms
	Integration:            3375.793 ms
	Integration of assets:  0.556 ms
	Thread Wait Time:       -0.029 ms
	Total Operation Time:   3424.095 ms
[MODES] ModeService[none].Initialize
[MODES] ModeService[none].LoadModes
[MODES] Loading mode Default (0) for mode-current-id-Nytherion Laser Offset Verification
Created GICache directory at C:/Users/kyung/AppData/LocalLow/Unity/Caches/GiCache. Took: 0.044s, timestamps: [145.202 - 145.246]
타일완성
UnityEngine.StackTraceUtility:ExtractStackTrace ()
UnityEngine.DebugLogHandler:LogFormat (UnityEngine.LogType,UnityEngine.Object,string,object[])
UnityEngine.Logger:Log (UnityEngine.LogType,object)
UnityEngine.Debug:Log (object)
Nytherion.GamePlay.Dungeon.TilemapVisualizer:PaintWallsWithRuleTile (System.Collections.Generic.IEnumerable`1<UnityEngine.Vector2Int>) (at Assets/Nytherion/Gameplay/Dungeon/Generation/TilemapVisualizer.cs:131)
Nytherion.GamePlay.Dungeon.RoomFirstDungeonGenerator:VisualizeDungeon (System.Collections.Generic.HashSet`1<UnityEngine.Vector2Int>,System.Collections.Generic.Dictionary`2<Nytherion.GamePlay.Dungeon.RoomFirstDungeonGenerator/Room, System.Collections.Generic.HashSet`1<UnityEngine.Vector2Int>>,System.Collections.Generic.HashSet`1<UnityEngine.Vector2Int>,System.Collections.Generic.List`1<System.Tuple`2<Nytherion.GamePlay.Dungeon.RoomFirstDungeonGenerator/Room, Nytherion.GamePlay.Dungeon.RoomFirstDungeonGenerator/Room>>,System.Collections.Generic.List`1<Nytherion.GamePlay.Dungeon.RoomFirstDungeonGenerator/PlacedObstacleData>,System.Collections.Generic.List`1<Nytherion.GamePlay.Dungeon.RoomFirstDungeonGenerator/Room>,Nytherion.GamePlay.Dungeon.RoomFirstDungeonGenerator/Room) (at Assets/Nytherion/Gameplay/Dungeon/Generation/RoomFirstDungeonGenerator.cs:573)
Nytherion.GamePlay.Dungeon.RoomFirstDungeonGenerator/<ApplyDungeon>d__22:MoveNext () (at Assets/Nytherion/Gameplay/Dungeon/Generation/RoomFirstDungeonGenerator.cs:263)
UnityEngine.SetupCoroutine:InvokeMoveNext (System.Collections.IEnumerator,intptr)
UnityEngine.MonoBehaviour:StartCoroutine (System.Collections.IEnumerator)
Nytherion.GamePlay.Dungeon.RoomFirstDungeonGenerator/<GenerateNewDungeonCoroutine>d__19:MoveNext () (at Assets/Nytherion/Gameplay/Dungeon/Generation/RoomFirstDungeonGenerator.cs:188)
UnityEngine.SetupCoroutine:InvokeMoveNext (System.Collections.IEnumerator,intptr)

(Filename: Assets/Nytherion/Gameplay/Dungeon/Generation/TilemapVisualizer.cs Line: 131)

[DungeonNavMeshBuilder] Rebuild start
UnityEngine.StackTraceUtility:ExtractStackTrace ()
UnityEngine.DebugLogHandler:LogFormat (UnityEngine.LogType,UnityEngine.Object,string,object[])
UnityEngine.Logger:Log (UnityEngine.LogType,object)
UnityEngine.Debug:Log (object)
DungeonNavMeshBuilder/<RebuildNavMeshCoroutine>d__4:MoveNext () (at Assets/Nytherion/Gameplay/Dungeon/Navigation/DungeonNavMeshBuilder.cs:27)
UnityEngine.SetupCoroutine:InvokeMoveNext (System.Collections.IEnumerator,intptr)
UnityEngine.MonoBehaviour:StartCoroutine (System.Collections.IEnumerator)
Nytherion.GamePlay.Dungeon.RoomFirstDungeonGenerator/<ApplyDungeon>d__22:MoveNext () (at Assets/Nytherion/Gameplay/Dungeon/Generation/RoomFirstDungeonGenerator.cs:277)
UnityEngine.SetupCoroutine:InvokeMoveNext (System.Collections.IEnumerator,intptr)
UnityEngine.MonoBehaviour:StartCoroutine (System.Collections.IEnumerator)
Nytherion.GamePlay.Dungeon.RoomFirstDungeonGenerator/<GenerateNewDungeonCoroutine>d__19:MoveNext () (at Assets/Nytherion/Gameplay/Dungeon/Generation/RoomFirstDungeonGenerator.cs:188)
UnityEngine.SetupCoroutine:InvokeMoveNext (System.Collections.IEnumerator,intptr)

(Filename: Assets/Nytherion/Gameplay/Dungeon/Navigation/DungeonNavMeshBuilder.cs Line: 27)

[LaserWeaponVerification] 23/23 통과, 정리=True, 보고서=C:\RoguelikePrototype\tmp\laser-offset-check\output\laser\verification.json
UnityEngine.StackTraceUtility:ExtractStackTrace ()
UnityEngine.DebugLogHandler:LogFormat (UnityEngine.LogType,UnityEngine.Object,string,object[])
UnityEngine.Logger:Log (UnityEngine.LogType,object)
UnityEngine.Debug:Log (object)
Nytherion.Editor.LaserWeaponVerification:Run () (at Assets/Editor/Data/LaserWeaponVerification.cs:511)
LaserOffsetBatch:Update () (at Assets/Editor/LaserOffsetBatch.cs:45)
UnityEditor.EditorApplication:Internal_CallUpdateFunctions ()

(Filename: Assets/Editor/Data/LaserWeaponVerification.cs Line: 511)

[SaveLoadManager] DataLifetimeScope.Instance 또는 Container가 null입니다.
UnityEngine.StackTraceUtility:ExtractStackTrace ()
UnityEngine.DebugLogHandler:LogFormat (UnityEngine.LogType,UnityEngine.Object,string,object[])
UnityEngine.Logger:Log (UnityEngine.LogType,object)
UnityEngine.Debug:LogWarning (object)
Nytherion.Core.Managers.SaveLoadManager:CollectSaveableEntities () (at Assets/Nytherion/Core/Managers/SaveLoadManager.cs:85)
Nytherion.Core.Managers.SaveLoadManager:SaveGameInternal (bool) (at Assets/Nytherion/Core/Managers/SaveLoadManager.cs:216)
Nytherion.Core.Managers.SaveLoadManager:ForceSaveGame () (at Assets/Nytherion/Core/Managers/SaveLoadManager.cs:207)
Nytherion.Core.Managers.SaveLoadManager:OnDestroy () (at Assets/Nytherion/Core/Managers/SaveLoadManager.cs:385)
LaserOffsetBatch:Update () (at Assets/Editor/LaserOffsetBatch.cs:47)
UnityEditor.EditorApplication:Internal_CallUpdateFunctions ()

(Filename: Assets/Nytherion/Core/Managers/SaveLoadManager.cs Line: 85)

[PhysX] Initialized MultithreadedTaskDispatcher with 12 workers.
Input System module state changed to: ShutdownInProgress.
Input System polling thread exited.
Input System module state changed to: Shutdown.
[Licensing::IpcConnector] LicenseClient-kyung-notifications channel disconnected successfully.
[Licensing::IpcConnector] LicenseClient-kyung channel disconnected successfully.
Cleanup mono
[Performance] WinEditorMain                                                                                                                        :        1 samples, Peak.  1.29 s (1.0x), Avg.  1.29 s, Total. 1.294 s (0.9%)
[Performance] WinEditorMain.ConfigureCrashHandler                                                                                                  :        1 samples, Peak.  28.5 us (1.0x), Avg.  28.5 us, Total. 28.50 us (0.0%)
[Performance] WinEditorMain.CurlRequestInitialize                                                                                                  :        1 samples, Peak.  1.62 ms (1.0x), Avg.  1.62 ms, Total. 1.622 ms (0.0%)
[Performance] WinEditorMain.SetupLogFile                                                                                                           :        1 samples, Peak.   451 us (1.0x), Avg.   451 us, Total. 451.4 us (0.0%)
[Performance] WinEditorMain.RunNativeTestsIfRequiredAndExit                                                                                        :        1 samples, Peak.   200 ns (1.0x), Avg.   200 ns, Total. 200.0 ns (0.0%)
[Performance] WinEditorMain.Licensing                                                                                                              :        1 samples, Peak.  1.11 s (1.0x), Avg.  1.11 s, Total. 1.111 s (0.7%)
[Performance] WinEditorMain.InitializeCrashHandler                                                                                                 :        1 samples, Peak.  13.5 ms (1.0x), Avg.  13.5 ms, Total. 13.46 ms (0.0%)
[Performance] WinEditorMain.CreateApplication                                                                                                      :        1 samples, Peak.  31.9 ms (1.0x), Avg.  31.9 ms, Total. 31.90 ms (0.0%)
[Performance] Application.InitializeProject                                                                                                        :        1 samples, Peak.   131 s (1.0x), Avg.   131 s, Total. 131.0 s (87.7%)
[Performance] Application.PackageManager.StartServer                                                                                               :        1 samples, Peak.  9.98 ms (1.0x), Avg.  9.98 ms, Total. 9.977 ms (0.0%)
[Performance] Application.AcquireProjectLock                                                                                                       :        1 samples, Peak.  13.2 ms (1.0x), Avg.  13.2 ms, Total. 13.25 ms (0.0%)
[Performance] Application.InitializeEngineNoGraphics                                                                                               :        1 samples, Peak.  67.4 ms (1.0x), Avg.  67.4 ms, Total. 67.37 ms (0.0%)
[Performance] Application.PackageManager.Initialize                                                                                                :        1 samples, Peak.   477 ms (1.0x), Avg.   477 ms, Total. 476.7 ms (0.3%)
[Performance] Connecting to Package Manager                                                                                                        :       48 samples, Peak.  64.5 us (19.5x), Avg.  3.31 us, Total. 158.8 us (0.0%)
[Performance] PackageManager::Api::RunRequestSynchronously                                                                                         :       16 samples, Peak.  5.20 us (1.7x), Avg.  3.02 us, Total. 48.30 us (0.0%)
[Performance] Application.EngineGraphics.Initialize                                                                                                :        1 samples, Peak.   479 ms (1.0x), Avg.   479 ms, Total. 478.6 ms (0.3%)
[Performance] Application.GI.Initialize                                                                                                            :        1 samples, Peak.  4.66 ms (1.0x), Avg.  4.66 ms, Total. 4.663 ms (0.0%)
[Performance] Application.LoadAllDefaultResourcesFromEditor                                                                                        :        1 samples, Peak.  3.40 ms (1.0x), Avg.  3.40 ms, Total. 3.403 ms (0.0%)
[Performance] Application.LoadMonoAssemblies                                                                                                       :        1 samples, Peak.  1.05 s (1.0x), Avg.  1.05 s, Total. 1.046 s (0.7%)
[Performance] RestoreManagedReferences                                                                                                             :        3 samples, Peak.   426 ms (1.5x), Avg.   275 ms, Total. 824.6 ms (0.6%)
[Performance] InitializeOnLoad DrivenRectTransformUndo                                                                                             :        3 samples, Peak.   754 us (1.3x), Avg.   560 us, Total. 1.680 ms (0.0%)
[Performance] InitializeOnLoad SceneSearch                                                                                                         :        3 samples, Peak.   182 us (1.2x), Avg.   150 us, Total. 449.7 us (0.0%)
[Performance] InitializeOnLoad CloudBuild                                                                                                          :        3 samples, Peak.  6.00 us (1.0x), Avg.  5.87 us, Total. 17.60 us (0.0%)
[Performance] InitializeOnLoad NativeFormatImporterUtility                                                                                         :        3 samples, Peak.  4.48 ms (1.5x), Avg.  3.03 ms, Total. 9.099 ms (0.0%)
[Performance] InitializeOnLoad SearchService                                                                                                       :        3 samples, Peak.   195 us (1.2x), Avg.   160 us, Total. 479.1 us (0.0%)
[Performance] InitializeOnLoad SettingsService                                                                                                     :        3 samples, Peak.  13.7 us (1.2x), Avg.  11.7 us, Total. 35.20 us (0.0%)
[Performance] InitializeOnLoad WindowLayout                                                                                                        :        3 samples, Peak.  1.30 ms (1.3x), Avg.   979 us, Total. 2.936 ms (0.0%)
[Performance] InitializeOnLoad AssetStoreContext                                                                                                   :        3 samples, Peak.  53.9 ms (1.4x), Avg.  38.7 ms, Total. 116.2 ms (0.1%)
[Performance] InitializeOnLoad PoolManager                                                                                                         :        3 samples, Peak.  1.57 ms (2.0x), Avg.   786 us, Total. 2.357 ms (0.0%)
[Performance] InitializeOnLoad MixerEffectDefinitionReloader                                                                                       :        3 samples, Peak.  4.41 ms (1.6x), Avg.  2.81 ms, Total. 8.436 ms (0.0%)
[Performance] InitializeOnLoad ProjectSearch                                                                                                       :        3 samples, Peak.   103 us (1.2x), Avg.  85.0 us, Total. 255.1 us (0.0%)
[Performance] InitializeOnLoad UISystemProfilerRenderService                                                                                       :        3 samples, Peak.  17.1 us (1.3x), Avg.  13.3 us, Total. 39.80 us (0.0%)
[Performance] InitializeOnLoad EditMode                                                                                                            :        3 samples, Peak.   761 us (1.3x), Avg.   580 us, Total. 1.740 ms (0.0%)
[Performance] InitializeOnLoad UnityConnect                                                                                                        :        3 samples, Peak.  97.3 us (1.2x), Avg.  81.8 us, Total. 245.4 us (0.0%)
[Performance] InitializeOnLoad ManagedDebugger                                                                                                     :        3 samples, Peak.  1.07 ms (2.2x), Avg.   483 us, Total. 1.449 ms (0.0%)
[Performance] InitializeOnLoad ShortcutIntegration                                                                                                 :        3 samples, Peak.  99.3 us (1.2x), Avg.  83.4 us, Total. 250.1 us (0.0%)
[Performance] InitializeOnLoad AddComponentWindow                                                                                                  :        3 samples, Peak.   182 us (1.1x), Avg.   161 us, Total. 482.0 us (0.0%)
[Performance] InitializeOnLoad ManagedDebuggerWindow                                                                                               :        3 samples, Peak.   210 us (1.1x), Avg.   188 us, Total. 564.6 us (0.0%)
[Performance] InitializeOnLoad CacheServerWindow                                                                                                   :        3 samples, Peak.  19.5 us (1.3x), Avg.  14.5 us, Total. 43.60 us (0.0%)
[Performance] InitializeOnLoad PlayModeDownload                                                                                                    :        3 samples, Peak.  9.75 ms (2.8x), Avg.  3.43 ms, Total. 10.28 ms (0.0%)
[Performance] InitializeOnLoad MenuItems                                                                                                           :        3 samples, Peak.   156 us (1.2x), Avg.   128 us, Total. 384.7 us (0.0%)
[Performance] InitializeOnLoad PrefabInstanceChangedListener                                                                                       :        3 samples, Peak.   234 us (1.2x), Avg.   202 us, Total. 606.7 us (0.0%)
[Performance] InitializeOnLoad ObjectSelectorSearch                                                                                                :        3 samples, Peak.  92.5 us (1.2x), Avg.  77.1 us, Total. 231.3 us (0.0%)
[Performance] InitializeOnLoad EditorMonitor                                                                                                       :        3 samples, Peak.  1.04 ms (1.2x), Avg.   847 us, Total. 2.541 ms (0.0%)
[Performance] InitializeOnLoad RetainedMode                                                                                                        :        3 samples, Peak.  3.61 ms (1.1x), Avg.  3.26 ms, Total. 9.786 ms (0.0%)
[Performance] InitializeOnLoad EditorShaderLoader                                                                                                  :        3 samples, Peak.   905 us (1.1x), Avg.   854 us, Total. 2.562 ms (0.0%)
[Performance] InitializeOnLoad EditorDelegateRegistration                                                                                          :        3 samples, Peak.  1.03 ms (1.3x), Avg.   812 us, Total. 2.436 ms (0.0%)
[Performance] InitializeOnLoad UIDocumentHierarchyWatcher                                                                                          :        3 samples, Peak.   153 us (1.3x), Avg.   120 us, Total. 359.3 us (0.0%)
[Performance] InitializeOnLoad LiveReloadTrackerCreator                                                                                            :        3 samples, Peak.   315 us (1.4x), Avg.   225 us, Total. 675.4 us (0.0%)
[Performance] InitializeOnLoad UxmlObjectEditorFactories                                                                                           :        3 samples, Peak.   761 us (1.2x), Avg.   625 us, Total. 1.875 ms (0.0%)
[Performance] InitializeOnLoad UXMLEditorFactories                                                                                                 :        3 samples, Peak.   123 ms (1.2x), Avg.   105 ms, Total. 315.7 ms (0.2%)
[Performance] InitializeOnLoad PurchasingService                                                                                                   :        3 samples, Peak.  10.6 ms (1.2x), Avg.  8.86 ms, Total. 26.57 ms (0.0%)
[Performance] InitializeOnLoad CloudBuildPoller                                                                                                    :        3 samples, Peak.   149 us (1.1x), Avg.   137 us, Total. 411.7 us (0.0%)
[Performance] InitializeOnLoad EditorGameServicesAnalytics                                                                                         :        3 samples, Peak.  4.09 ms (2.4x), Avg.  1.68 ms, Total. 5.043 ms (0.0%)
[Performance] InitializeOnLoad AnalyticsService                                                                                                    :        3 samples, Peak.   441 us (1.5x), Avg.   288 us, Total. 862.7 us (0.0%)
[Performance] InitializeOnLoad BuildService                                                                                                        :        3 samples, Peak.   318 us (1.3x), Avg.   237 us, Total. 710.8 us (0.0%)
[Performance] InitializeOnLoad AdsService                                                                                                          :        3 samples, Peak.  1.38 ms (1.7x), Avg.   793 us, Total. 2.378 ms (0.0%)
[Performance] InitializeOnLoad UDPService                                                                                                          :        3 samples, Peak.   373 us (1.5x), Avg.   253 us, Total. 760.1 us (0.0%)
[Performance] InitializeOnLoad CrashService                                                                                                        :        3 samples, Peak.   254 us (1.2x), Avg.   217 us, Total. 650.3 us (0.0%)
[Performance] InitializeOnLoad ServicesRepository                                                                                                  :        3 samples, Peak.  1.50 us (1.3x), Avg.  1.17 us, Total. 3.500 us (0.0%)
[Performance] InitializeOnLoad SearchWindow                                                                                                        :        3 samples, Peak.   255 us (1.3x), Avg.   203 us, Total. 609.7 us (0.0%)
[Performance] InitializeOnLoad CustomIndexers                                                                                                      :        3 samples, Peak.  35.3 ms (1.4x), Avg.  25.4 ms, Total. 76.28 ms (0.1%)
[Performance] InitializeOnLoad SearchMonitor                                                                                                       :        3 samples, Peak.  1.74 ms (1.3x), Avg.  1.36 ms, Total. 4.083 ms (0.0%)
[Performance] InitializeOnLoad ParameterControllerEditor                                                                                           :        3 samples, Peak.  28.3 us (1.1x), Avg.  25.6 us, Total. 76.80 us (0.0%)
[Performance] InitializeOnLoad LayerSettingsWindow                                                                                                 :        3 samples, Peak.  31.9 us (1.4x), Avg.  22.3 us, Total. 66.90 us (0.0%)
[Performance] InitializeOnLoad PackageManagerHookGUIDConverter.RegisterPackagesEventHandler                                                        :        3 samples, Peak.  1.54 ms (1.9x), Avg.   808 us, Total. 2.425 ms (0.0%)
[Performance] InitializeOnLoad EditorDragAndDrop.RegisterEditorClient                                                                              :        3 samples, Peak.  6.54 ms (2.6x), Avg.  2.47 ms, Total. 7.410 ms (0.0%)
[Performance] InitializeOnLoad EditorEventCallbacks.InitializeFontAssetResourceChangeCallBacks                                                     :        3 samples, Peak.  2.33 ms (1.3x), Avg.  1.80 ms, Total. 5.396 ms (0.0%)
[Performance] InitializeOnLoad SceneTemplateService.Init                                                                                           :        3 samples, Peak.  1.89 ms (1.2x), Avg.  1.54 ms, Total. 4.633 ms (0.0%)
[Performance] InitializeOnLoad DiagnosticSwitchesConsoleMessage.Init                                                                               :        3 samples, Peak.  9.89 ms (1.5x), Avg.  6.65 ms, Total. 19.96 ms (0.0%)
[Performance] InitializeOnLoad PackageManagerWindow.EditorInitializedInSafeMode                                                                    :        3 samples, Peak.  42.3 ms (3.0x), Avg.  14.3 ms, Total. 42.89 ms (0.0%)
[Performance] InitializeOnLoad ToolShortcutContext.Init                                                                                            :        3 samples, Peak.   759 us (1.9x), Avg.   401 us, Total. 1.204 ms (0.0%)
[Performance] InitializeOnLoad MemoryProfilerCompilationGuard.InjectCompileGuard                                                                   :        3 samples, Peak.   583 us (2.2x), Avg.   261 us, Total. 781.7 us (0.0%)
[Performance] InitializeOnLoad AssetPostprocessingInternal.RefreshCustomDependencies                                                               :        3 samples, Peak.  11.2 ms (1.7x), Avg.  6.64 ms, Total. 19.92 ms (0.0%)
[Performance] InitializeOnLoad SysrootManager.Initialize                                                                                           :        3 samples, Peak.   827 us (1.2x), Avg.   679 us, Total. 2.036 ms (0.0%)
[Performance] InitializeOnLoad ScopedRegistryAddedPopup.SubscribeToRegistriesAdded                                                                 :        3 samples, Peak.  14.0 ms (1.6x), Avg.  8.97 ms, Total. 26.92 ms (0.0%)
[Performance] InitializeOnLoad SceneVisibilityManager.Initialize                                                                                   :        3 samples, Peak.  8.74 ms (2.2x), Avg.  3.96 ms, Total. 11.88 ms (0.0%)
[Performance] InitializeOnLoad EditorWindow.Initialize                                                                                             :        3 samples, Peak.  1000 us (1.5x), Avg.   660 us, Total. 1.981 ms (0.0%)
[Performance] AssemblyReloadEvents.afterAssemblyReload: UnityEditor.SceneTemplate.SceneTemplateService.AfterAssemblyReload                         :        3 samples, Peak.  6.86 ms (1.7x), Avg.  4.06 ms, Total. 12.18 ms (0.0%)
[Performance] ProcessService.EditorAfterLoadAllAssemblies                                                                                          :        3 samples, Peak.   646 us (1.2x), Avg.   556 us, Total. 1.669 ms (0.0%)
[Performance] Application.ReadLicenseInfo                                                                                                          :        1 samples, Peak.  16.4 ms (1.0x), Avg.  16.4 ms, Total. 16.35 ms (0.0%)
[Performance] Application.InitialRefresh                                                                                                           :        1 samples, Peak.   125 s (1.0x), Avg.   125 s, Total. 124.5 s (83.4%)
[Performance] Compiling Scripts                                                                                                                    :        1 samples, Peak.  59.3 s (1.0x), Avg.  59.3 s, Total. 59.33 s (39.7%)
[Performance] AssemblyReloadEvents.beforeAssemblyReload: UnityEditor.SceneTemplate.SceneTemplateService.BeforeAssemblyReload                       :        2 samples, Peak.   510 us (1.3x), Avg.   393 us, Total. 786.2 us (0.0%)
[Performance] PSDImporterAssetPostProcessor.OnPreprocessAsset                                                                                      :        5 samples, Peak.  1.45 ms (4.8x), Avg.   301 us, Total. 1.507 ms (0.0%)
[Performance] PresetManagerPostProcessor.OnPreprocessAsset                                                                                         :        5 samples, Peak.   300 us (2.6x), Avg.   115 us, Total. 577.4 us (0.0%)
[Performance] CancelSplashScreenOnAssetChange.OnPreprocessAsset                                                                                    :        5 samples, Peak.   158 us (4.7x), Avg.  33.5 us, Total. 167.6 us (0.0%)
[Performance] ShaderGraphAssetPostProcessor.OnPreprocessAsset                                                                                      :        5 samples, Peak.   218 us (4.6x), Avg.  47.9 us, Total. 239.3 us (0.0%)
[Performance] SpritePostProcess.OnPreprocessAsset                                                                                                  :        5 samples, Peak.  2.99 ms (4.9x), Avg.   611 us, Total. 3.056 ms (0.0%)
[Performance] InitializeOnLoad TouchSimulation                                                                                                     :        2 samples, Peak.   268 us (1.2x), Avg.   226 us, Total. 452.3 us (0.0%)
[Performance] InitializeOnLoad InputSystem                                                                                                         :        2 samples, Peak.   112 ms (1.2x), Avg.  95.8 ms, Total. 191.6 ms (0.1%)
[Performance] InitializeOnLoad InputSystemUIInputModuleEditor                                                                                      :        2 samples, Peak.   232 us (1.2x), Avg.   201 us, Total. 401.0 us (0.0%)
[Performance] InitializeOnLoad EnableUITKEditor                                                                                                    :        2 samples, Peak.  46.9 us (1.2x), Avg.  39.1 us, Total. 78.30 us (0.0%)
[Performance] InitializeOnLoad SpriteEditorWindow                                                                                                  :        2 samples, Peak.  1.08 ms (1.0x), Avg.  1.07 ms, Total. 2.141 ms (0.0%)
[Performance] InitializeOnLoad RegisterCheckResourcesDupeDependencies                                                                              :        2 samples, Peak.  1.97 ms (1.1x), Avg.  1.79 ms, Total. 3.583 ms (0.0%)
[Performance] InitializeOnLoad RegisterCheckBundleDupeDependencies                                                                                 :        2 samples, Peak.   430 us (1.4x), Avg.   316 us, Total. 631.6 us (0.0%)
[Performance] InitializeOnLoad AddressableEditorInitialization                                                                                     :        2 samples, Peak.  6.93 ms (1.3x), Avg.  5.40 ms, Total. 10.79 ms (0.0%)
[Performance] InitializeOnLoad GroupsPopupWindow                                                                                                   :        2 samples, Peak.  12.4 us (1.3x), Avg.  9.50 us, Total. 19.00 us (0.0%)
[Performance] InitializeOnLoad GlobalInitialization                                                                                                :        2 samples, Peak.   704 us (1.1x), Avg.   646 us, Total. 1.291 ms (0.0%)
[Performance] InitializeOnLoad RegisterCheckSceneDupeDependencies                                                                                  :        2 samples, Peak.   162 us (1.1x), Avg.   143 us, Total. 285.3 us (0.0%)
[Performance] InitializeOnLoad RegisterBuildBundleLayout                                                                                           :        2 samples, Peak.   128 us (1.2x), Avg.   107 us, Total. 214.2 us (0.0%)
[Performance] InitializeOnLoad AddressableAssetInspectorGUI                                                                                        :        2 samples, Peak.  46.7 ms (1.8x), Avg.  26.0 ms, Total. 51.92 ms (0.0%)
[Performance] EditorResources.Load                                                                                                                 :       18 samples, Peak.  38.5 ms (17.6x), Avg.  2.19 ms, Total. 39.37 ms (0.0%)
[Performance] InitializeOnLoad PrefColorBridge                                                                                                     :        2 samples, Peak.  1.06 ms (1.5x), Avg.   707 us, Total. 1.415 ms (0.0%)
[Performance] InitializeOnLoad AssetTableAnalyzeRule                                                                                               :        2 samples, Peak.   440 us (1.0x), Avg.   423 us, Total. 846.7 us (0.0%)
[Performance] InitializeOnLoad GameViewLanguageMenu                                                                                                :        2 samples, Peak.   877 us (1.2x), Avg.   750 us, Total. 1.501 ms (0.0%)
[Performance] InitializeOnLoad DrivenPropertyDrawer                                                                                                :        2 samples, Peak.   328 us (1.1x), Avg.   306 us, Total. 611.1 us (0.0%)
[Performance] InitializeOnLoad LocalizeComponent                                                                                                   :        2 samples, Peak.  3.08 ms (1.0x), Avg.  2.99 ms, Total. 5.989 ms (0.0%)
[Performance] InitializeOnLoad LocalizeComponent_UGUI                                                                                              :        2 samples, Peak.   704 us (1.0x), Avg.   690 us, Total. 1.379 ms (0.0%)
[Performance] InitializeOnLoad LocalizeComponent_TMPro                                                                                             :        2 samples, Peak.   173 us (1.1x), Avg.   157 us, Total. 313.5 us (0.0%)
[Performance] InitializeOnLoad StringTableAnalyzeRule                                                                                              :        2 samples, Peak.   246 us (1.1x), Avg.   216 us, Total. 432.3 us (0.0%)
[Performance] InitializeOnLoad ScenePropertyTracker                                                                                                :        2 samples, Peak.   244 us (1.2x), Avg.   202 us, Total. 404.2 us (0.0%)
[Performance] InitializeOnLoad ContextualPropertyMenu                                                                                              :        2 samples, Peak.   270 us (1.2x), Avg.   223 us, Total. 446.8 us (0.0%)
[Performance] InitializeOnLoad LocaleAnalyzeRule                                                                                                   :        2 samples, Peak.   168 us (1.2x), Avg.   142 us, Total. 284.6 us (0.0%)
[Performance] InitializeOnLoad ChainIgnitionSkillSetup                                                                                             :        2 samples, Peak.   257 us (1.2x), Avg.   211 us, Total. 422.8 us (0.0%)
[Performance] InitializeOnLoad RelicGachaSync                                                                                                      :        2 samples, Peak.   319 us (1.2x), Avg.   276 us, Total. 551.8 us (0.0%)
[Performance] InitializeOnLoad TargetMakerSetup                                                                                                    :        2 samples, Peak.   104 us (1.0x), Avg.  99.1 us, Total. 198.2 us (0.0%)
[Performance] InitializeOnLoad WeaponSkillUIAssetOrganizer                                                                                         :        2 samples, Peak.   102 us (1.0x), Avg.  98.0 us, Total. 196.0 us (0.0%)
[Performance] InitializeOnLoad TrainingDummySetup                                                                                                  :        2 samples, Peak.   349 us (1.1x), Avg.   330 us, Total. 659.1 us (0.0%)
[Performance] InitializeOnLoad WeaponOffsetSaveReservation                                                                                         :        2 samples, Peak.   160 us (1.0x), Avg.   155 us, Total. 309.7 us (0.0%)
[Performance] InitializeOnLoad LayLaserWeaponVerification                                                                                          :        2 samples, Peak.  4.62 ms (1.7x), Avg.  2.68 ms, Total. 5.351 ms (0.0%)
[Performance] InitializeOnLoad DebugPanelStatsVerification                                                                                         :        2 samples, Peak.   106 us (1.0x), Avg.   102 us, Total. 204.4 us (0.0%)
[Performance] InitializeOnLoad RelicPresentationVerification                                                                                       :        2 samples, Peak.   501 us (1.2x), Avg.   415 us, Total. 830.7 us (0.0%)
[Performance] InitializeOnLoad RootiUpgradeRelicSetup                                                                                              :        2 samples, Peak.  93.5 us (1.2x), Avg.  80.2 us, Total. 160.5 us (0.0%)
[Performance] InitializeOnLoad ChargeRelicVerification                                                                                             :        2 samples, Peak.  90.1 us (1.2x), Avg.  73.7 us, Total. 147.5 us (0.0%)
[Performance] InitializeOnLoad RootiUpgradeVerification                                                                                            :        2 samples, Peak.   441 us (1.2x), Avg.   360 us, Total. 719.4 us (0.0%)
[Performance] InitializeOnLoad BlastCompanionRelicSetup                                                                                            :        2 samples, Peak.  92.5 us (1.2x), Avg.  78.1 us, Total. 156.2 us (0.0%)
[Performance] InitializeOnLoad GuardianStaffWeaponSetup                                                                                            :        2 samples, Peak.  90.2 us (1.2x), Avg.  73.1 us, Total. 146.3 us (0.0%)
[Performance] InitializeOnLoad WindStoneRelicVerification                                                                                          :        2 samples, Peak.   368 us (1.3x), Avg.   286 us, Total. 571.9 us (0.0%)
[Performance] InitializeOnLoad OpapaRelicSetup                                                                                                     :        2 samples, Peak.   193 us (1.5x), Avg.   126 us, Total. 252.7 us (0.0%)
[Performance] InitializeOnLoad InventoryIconVerification                                                                                           :        2 samples, Peak.   425 us (1.5x), Avg.   286 us, Total. 572.6 us (0.0%)
[Performance] InitializeOnLoad ObjectPoolingVerification                                                                                           :        2 samples, Peak.   304 us (1.4x), Avg.   219 us, Total. 438.3 us (0.0%)
[Performance] InitializeOnLoad HomingMagicSetup                                                                                                    :        2 samples, Peak.   131 us (1.3x), Avg.  97.7 us, Total. 195.5 us (0.0%)
[Performance] InitializeOnLoad PyroTankSkillSetup                                                                                                  :        2 samples, Peak.   150 us (1.5x), Avg.   103 us, Total. 206.2 us (0.0%)
[Performance] InitializeOnLoad SpiritsGuidanceAnimationSetup                                                                                       :        2 samples, Peak.   106 us (1.3x), Avg.  79.9 us, Total. 159.8 us (0.0%)
[Performance] InitializeOnLoad LaserOffsetBatch                                                                                                    :        2 samples, Peak.   369 us (1.4x), Avg.   257 us, Total. 514.2 us (0.0%)
[Performance] InitializeOnLoad SkillTooltipVerification                                                                                            :        2 samples, Peak.   495 us (1.5x), Avg.   320 us, Total. 640.4 us (0.0%)
[Performance] InitializeOnLoad RelicPresentationSetup                                                                                              :        2 samples, Peak.   110 us (1.3x), Avg.  83.1 us, Total. 166.2 us (0.0%)
[Performance] InitializeOnLoad RootiRelicSetup                                                                                                     :        2 samples, Peak.  93.0 us (1.2x), Avg.  76.4 us, Total. 152.8 us (0.0%)
[Performance] InitializeOnLoad InventoryEquipmentSwapVerification                                                                                  :        2 samples, Peak.   203 us (1.0x), Avg.   195 us, Total. 390.9 us (0.0%)
[Performance] InitializeOnLoad WindStoneRelicSetup                                                                                                 :        2 samples, Peak.   130 us (1.2x), Avg.   110 us, Total. 220.5 us (0.0%)
[Performance] InitializeOnLoad EffectSizeVerification                                                                                              :        2 samples, Peak.  93.6 us (1.1x), Avg.  86.6 us, Total. 173.2 us (0.0%)
[Performance] InitializeOnLoad GenerateSkillRelics                                                                                                 :        2 samples, Peak.   595 us (1.0x), Avg.   568 us, Total. 1.136 ms (0.0%)
[Performance] InitializeOnLoad BoomMakerRelicSetup                                                                                                 :        2 samples, Peak.  88.0 us (1.0x), Avg.  84.9 us, Total. 169.9 us (0.0%)
[Performance] InitializeOnLoad HomingMagicVerification                                                                                             :        2 samples, Peak.   373 us (1.1x), Avg.   333 us, Total. 665.0 us (0.0%)
[Performance] InitializeOnLoad SkillTooltipSetup                                                                                                   :        2 samples, Peak.  81.2 us (1.1x), Avg.  74.8 us, Total. 149.5 us (0.0%)
[Performance] InitializeOnLoad EnemyHitAreaSetup                                                                                                   :        2 samples, Peak.  87.3 us (1.0x), Avg.  85.9 us, Total. 171.9 us (0.0%)
[Performance] InitializeOnLoad TargetMakerVerification                                                                                             :        2 samples, Peak.   266 us (1.0x), Avg.   258 us, Total. 515.6 us (0.0%)
[Performance] InitializeOnLoad GuardianStaffWeaponVerification                                                                                     :        2 samples, Peak.   404 us (1.0x), Avg.   398 us, Total. 795.7 us (0.0%)
[Performance] InitializeOnLoad ChainIgnitionSkillVerification                                                                                      :        2 samples, Peak.   570 us (1.1x), Avg.   504 us, Total. 1.007 ms (0.0%)
[Performance] InitializeOnLoad PyroTankSkillVerification                                                                                           :        2 samples, Peak.   428 us (1.3x), Avg.   333 us, Total. 667.0 us (0.0%)
[Performance] InitializeOnLoad InventorySlotFrameSetup                                                                                             :        2 samples, Peak.   403 us (1.4x), Avg.   290 us, Total. 580.1 us (0.0%)
[Performance] InitializeOnLoad BurstLoader                                                                                                         :        2 samples, Peak.  2.68 s (2.0x), Avg.  1.35 s, Total. 2.709 s (1.8%)
[Performance] InitializeOnLoad EditorToolManager                                                                                                   :        4 samples, Peak.  3.10 ms (2.0x), Avg.  1.58 ms, Total. 6.338 ms (0.0%)
[Performance] InitializeOnLoad SceneDragAndDrop                                                                                                    :        2 samples, Peak.   237 us (1.1x), Avg.   224 us, Total. 448.3 us (0.0%)
[Performance] InitializeOnLoad SpriteShapeUpdateCache                                                                                              :        2 samples, Peak.   795 us (1.1x), Avg.   693 us, Total. 1.387 ms (0.0%)
[Performance] InitializeOnLoad SpriteShapeUnityAnalyticsStorage                                                                                    :        2 samples, Peak.   402 us (1.9x), Avg.   216 us, Total. 432.0 us (0.0%)
[Performance] InitializeOnLoad ShadowCasterGroup2DManager                                                                                          :        2 samples, Peak.   183 us (1.4x), Avg.   126 us, Total. 252.5 us (0.0%)
[Performance] InitializeOnLoad ProbeGIBaking                                                                                                       :        2 samples, Peak.  4.13 ms (1.0x), Avg.  4.06 ms, Total. 8.112 ms (0.0%)
[Performance] InitializeOnLoad FilterWindow                                                                                                        :        2 samples, Peak.  54.8 us (1.1x), Avg.  51.0 us, Total. 102.1 us (0.0%)
[Performance] InitializeOnLoad RealtimeProbeSubdivisionDebug                                                                                       :        2 samples, Peak.  1.02 ms (1.1x), Avg.   954 us, Total. 1.909 ms (0.0%)
[Performance] InitializeOnLoad NodeClassCache                                                                                                      :        2 samples, Peak.  6.80 us (1.0x), Avg.  6.55 us, Total. 13.10 us (0.0%)
[Performance] InitializeOnLoad ShaderGraphMaterialsUpdater                                                                                         :        4 samples, Peak.   540 us (1.9x), Avg.   289 us, Total. 1.157 ms (0.0%)
[Performance] InitializeOnLoad Renderer2DAnalytics                                                                                                 :        2 samples, Peak.   369 us (1.5x), Avg.   243 us, Total. 485.8 us (0.0%)
[Performance] InitializeOnLoad BackgroundWatcher                                                                                                   :        2 samples, Peak.   228 us (1.0x), Avg.   223 us, Total. 446.5 us (0.0%)
[Performance] InitializeOnLoad UnityTestProtocolStarter                                                                                            :        2 samples, Peak.   418 us (1.1x), Avg.   384 us, Total. 768.8 us (0.0%)
[Performance] InitializeOnLoad TestStarter                                                                                                         :        2 samples, Peak.  2.06 ms (1.5x), Avg.  1.42 ms, Total. 2.837 ms (0.0%)
[Performance] InitializeOnLoad RerunCallbackInitializer                                                                                            :        2 samples, Peak.  5.75 ms (1.1x), Avg.  5.41 ms, Total. 10.81 ms (0.0%)
[Performance] InitializeOnLoad RiderScriptEditor                                                                                                   :        2 samples, Peak.  11.8 ms (1.1x), Avg.  11.0 ms, Total. 21.97 ms (0.0%)
[Performance] InitializeOnLoad CallbackInitializer                                                                                                 :        2 samples, Peak.  2.14 ms (1.9x), Avg.  1.14 ms, Total. 2.275 ms (0.0%)
[Performance] InitializeOnLoad PlasticPlugin                                                                                                       :        2 samples, Peak.   524 ms (1.3x), Avg.   406 ms, Total. 812.5 ms (0.5%)
[Performance] InitializeOnLoad ToolbarBootstrap                                                                                                    :        2 samples, Peak.  56.3 ms (1.1x), Avg.  50.3 ms, Total. 100.5 ms (0.1%)
[Performance] InitializeOnLoad BackgroundImport                                                                                                    :        2 samples, Peak.   250 us (1.1x), Avg.   218 us, Total. 435.5 us (0.0%)
[Performance] InitializeOnLoad VSUsageUtility                                                                                                      :        2 samples, Peak.  74.1 ms (2.0x), Avg.  37.6 ms, Total. 75.26 ms (0.1%)
[Performance] InitializeOnLoad VisualStudioEditor                                                                                                  :        4 samples, Peak.  10.1 ms (1.3x), Avg.  7.67 ms, Total. 30.66 ms (0.0%)
[Performance] InitializeOnLoad TestRunnerApiListener                                                                                               :        4 samples, Peak.  2.01 ms (2.2x), Avg.   902 us, Total. 3.607 ms (0.0%)
[Performance] InitializeOnLoad VisualStudioIntegration                                                                                             :        4 samples, Peak.  10.5 ms (2.8x), Avg.  3.75 ms, Total. 15.01 ms (0.0%)
[Performance] InitializeOnLoad PrefabLayoutRebuilder                                                                                               :        2 samples, Peak.   436 us (1.1x), Avg.   398 us, Total. 795.4 us (0.0%)
[Performance] InitializeOnLoad SpriteSkinCompositeStartup                                                                                          :        2 samples, Peak.  27.7 ms (1.5x), Avg.  19.1 ms, Total. 38.14 ms (0.0%)
[Performance] InitializeOnLoad UnityAnalyticsStorage                                                                                               :        2 samples, Peak.   749 us (1.1x), Avg.   693 us, Total. 1.386 ms (0.0%)
[Performance] InitializeOnLoad BoneGizmoInitializer                                                                                                :        2 samples, Peak.  6.43 ms (1.3x), Avg.  4.85 ms, Total. 9.709 ms (0.0%)
[Performance] InitializeOnLoad Analytics                                                                                                           :        2 samples, Peak.   491 us (1.0x), Avg.   481 us, Total. 961.7 us (0.0%)
[Performance] InitializeOnLoad NavigationWindow                                                                                                    :        2 samples, Peak.   995 us (1.0x), Avg.   966 us, Total. 1.932 ms (0.0%)
[Performance] InitializeOnLoad Addressables.RegisterPlayModeStateChange                                                                            :        2 samples, Peak.   125 us (1.1x), Avg.   116 us, Total. 232.8 us (0.0%)
[Performance] InitializeOnLoad AssetReference.RegisterForPlaymodeChange                                                                            :        2 samples, Peak.  1.82 ms (1.7x), Avg.  1.06 ms, Total. 2.112 ms (0.0%)
[Performance] InitializeOnLoad IKEditorManager.CreateInstance                                                                                      :        2 samples, Peak.  6.03 ms (1.8x), Avg.  3.38 ms, Total. 6.764 ms (0.0%)
[Performance] InitializeOnLoad $BurstDirectCallInitializer.Initialize                                                                              :       14 samples, Peak.  41.8 ms (5.5x), Avg.  7.59 ms, Total. 106.2 ms (0.1%)
[Performance] InitializeOnLoad SceneViewGridManager.Initialize                                                                                     :        2 samples, Peak.  7.17 ms (1.4x), Avg.  5.10 ms, Total. 10.20 ms (0.0%)
[Performance] InitializeOnLoad TilemapPrefabStageHelper.Initialize                                                                                 :        2 samples, Peak.  2.97 ms (1.6x), Avg.  1.89 ms, Total. 3.778 ms (0.0%)
[Performance] InitializeOnLoad SceneViewOpenTilePaletteHelper.Initialize                                                                           :        2 samples, Peak.  2.54 ms (1.8x), Avg.  1.44 ms, Total. 2.881 ms (0.0%)
[Performance] InitializeOnLoad TileDragAndDropManager.Initialize                                                                                   :        2 samples, Peak.  3.98 ms (2.0x), Avg.  2.04 ms, Total. 4.083 ms (0.0%)
[Performance] InitializeOnLoad AddressableAssetSettings.RegisterWithAssetPostProcessor                                                             :        2 samples, Peak.   925 us (1.4x), Avg.   662 us, Total. 1.324 ms (0.0%)
[Performance] InitializeOnLoad AddressableAssetSettings.CheckCCDStatus                                                                             :        2 samples, Peak.   130 us (1.0x), Avg.   129 us, Total. 257.9 us (0.0%)
[Performance] InitializeOnLoad ProfileDataSourceSettings.InitializeCloudEnvironment                                                                :        2 samples, Peak.   418 us (1.0x), Avg.   400 us, Total. 800.9 us (0.0%)
[Performance] InitializeOnLoad AddressablesBuildScriptHooks.Init                                                                                   :        2 samples, Peak.   107 us (1.0x), Avg.   106 us, Total. 211.9 us (0.0%)
[Performance] InitializeOnLoad AddressablesPlayerBuildProcessor.CleanTemporaryPlayerBuildData                                                      :        2 samples, Peak.  1.18 ms (1.1x), Avg.  1.11 ms, Total. 2.215 ms (0.0%)
[Performance] InitializeOnLoad VisualStudioEditor.LegacyVisualStudioCodePackageDisabler                                                            :        4 samples, Peak.   907 us (1.2x), Avg.   729 us, Total. 2.918 ms (0.0%)
[Performance] InitializeOnLoad InputSystemPackageControl.SubscribePackageManagerEvent                                                              :        2 samples, Peak.   170 us (1.0x), Avg.   167 us, Total. 334.0 us (0.0%)
[Performance] InitializeOnLoad InputSystemPluginControl.CheckForExtension                                                                          :        2 samples, Peak.  2.72 ms (1.0x), Avg.  2.63 ms, Total. 5.256 ms (0.0%)
[Performance] InitializeOnLoad MaterialReimporter.RegisterUpgraderReimport                                                                         :        4 samples, Peak.   485 us (1.8x), Avg.   268 us, Total. 1.072 ms (0.0%)
[Performance] InitializeOnLoad BackgroundImport.Setup                                                                                              :        2 samples, Peak.   546 us (1.2x), Avg.   457 us, Total. 913.3 us (0.0%)
[Performance] InitializeOnLoad TestJobDataHolder.ResumeRunningJobs                                                                                 :        2 samples, Peak.  2.50 ms (1.9x), Avg.  1.32 ms, Total. 2.637 ms (0.0%)
[Performance] InitializeOnLoad AnalyticsReporter.RegisterCallbacks                                                                                 :        2 samples, Peak.  1.60 ms (1.4x), Avg.  1.16 ms, Total. 2.317 ms (0.0%)
[Performance] InitializeOnLoad DebugManagerWindowLifetimeAnalytic.SubscribeToDebugManagerOpenCloseWindows                                          :        2 samples, Peak.   943 us (1.3x), Avg.   753 us, Total. 1.506 ms (0.0%)
[Performance] InitializeOnLoad CoreRenderPipelinePreferences.InitPreferenceProviders                                                               :        2 samples, Peak.  73.1 ms (1.3x), Avg.  54.9 ms, Total. 109.8 ms (0.1%)
[Performance] InitializeOnLoad VolumeGizmoDrawer.InitVolumeGizmoCallbacks                                                                          :        2 samples, Peak.  1.63 ms (1.6x), Avg.  1.01 ms, Total. 2.024 ms (0.0%)
[Performance] DidReloadScriptsAdvancedDropdownWindow.OnScriptReload                                                                                :        4 samples, Peak.  1.73 ms (2.1x), Avg.   803 us, Total. 3.214 ms (0.0%)
[Performance] DidReloadScriptsNavMeshExtension.OnScriptReload                                                                                      :        2 samples, Peak.  1.27 ms (1.6x), Avg.   806 us, Total. 1.612 ms (0.0%)
[Performance] DidReloadScriptsTestRunnerWindow.CompilationCallback                                                                                 :        2 samples, Peak.   293 us (1.2x), Avg.   246 us, Total. 491.3 us (0.0%)
[Performance] DidReloadScriptsTestListCache.ScriptReloaded                                                                                         :        2 samples, Peak.  2.15 ms (1.9x), Avg.  1.14 ms, Total. 2.287 ms (0.0%)
[Performance] DidReloadScriptsLookDev.OnEditorReload                                                                                               :        2 samples, Peak.   408 us (1.2x), Avg.   345 us, Total. 689.8 us (0.0%)
[Performance] DidReloadScriptsDebugWindow.OnEditorReload                                                                                           :        2 samples, Peak.  8.03 ms (1.2x), Avg.  6.60 ms, Total. 13.19 ms (0.0%)
[Performance] DidReloadScriptsVolumeComponentEditor.OnEditorReload                                                                                 :        2 samples, Peak.  37.4 ms (1.3x), Avg.  29.3 ms, Total. 58.59 ms (0.0%)
[Performance] AssemblyReloadEvents.afterAssemblyReload: UnityEditor.U2D.Animation.BoneGizmo.OnAfterAssemblyReload                                  :        2 samples, Peak.   933 us (1.0x), Avg.   910 us, Total. 1.819 ms (0.0%)
[Performance] AssetDatabase.ImportAssets                                                                                                           :        3 samples, Peak.   800 ns (1.8x), Avg.   433 ns, Total. 1.300 us (0.0%)
[Performance] VersionControl.Task.Wait                                                                                                             :        1 samples, Peak.  16.6 us (1.0x), Avg.  16.6 us, Total. 16.60 us (0.0%)
[Performance] MilestoneAssetPostprocessor.OnPostprocessAllAssets                                                                                   :        2 samples, Peak.  6.03 ms (1.5x), Avg.  4.10 ms, Total. 8.203 ms (0.0%)
[Performance] OpapaRelicAssetPostprocessor.OnPostprocessAllAssets                                                                                  :        2 samples, Peak.   496 us (1.0x), Avg.   494 us, Total. 987.0 us (0.0%)
[Performance] RelicAssetPostprocessor.OnPostprocessAllAssets                                                                                       :        2 samples, Peak.  3.40 s (1.0x), Avg.  3.40 s, Total. 6.808 s (4.6%)
[Performance] SkillAssetPostprocessor.OnPostprocessAllAssets                                                                                       :        2 samples, Peak.   596 us (1.0x), Avg.   594 us, Total. 1.187 ms (0.0%)
[Performance] TMPro_TexturePostProcessor.OnPostprocessAllAssets                                                                                    :        2 samples, Peak.   443 us (1.0x), Avg.   441 us, Total. 882.2 us (0.0%)
[Performance] AssetPostprocessor.OnPostprocessAllAssets                                                                                            :        2 samples, Peak.  1.19 ms (1.0x), Avg.  1.19 ms, Total. 2.382 ms (0.0%)
[Performance] BuilderAssetPostprocessor.OnPostprocessAllAssets                                                                                     :        2 samples, Peak.  3.66 ms (1.0x), Avg.  3.66 ms, Total. 7.322 ms (0.0%)
[Performance] AddressablesAssetPostProcessor.OnPostprocessAllAssets                                                                                :        2 samples, Peak.  1.94 ms (1.0x), Avg.  1.94 ms, Total. 3.877 ms (0.0%)
[Performance] ArtifactBrowserPostProcessor.OnPostprocessAllAssets                                                                                  :        2 samples, Peak.   799 us (1.0x), Avg.   795 us, Total. 1.591 ms (0.0%)
[Performance] AssetEvents.OnPostprocessAllAssets                                                                                                   :        4 samples, Peak.   554 us (1.7x), Avg.   318 us, Total. 1.274 ms (0.0%)
[Performance] AudioMixerPostprocessor.OnPostprocessAllAssets                                                                                       :        2 samples, Peak.   598 us (1.0x), Avg.   596 us, Total. 1.192 ms (0.0%)
[Performance] StyleCatalogPostProcessor.OnPostprocessAllAssets                                                                                     :        2 samples, Peak.  37.7 ms (1.0x), Avg.  37.7 ms, Total. 75.44 ms (0.1%)
[Performance] BuildCatalog                                                                                                                         :        1 samples, Peak.  36.1 ms (1.0x), Avg.  36.1 ms, Total. 36.11 ms (0.0%)
[Performance] ModelImporterPostProcessor.OnPostprocessAllAssets                                                                                    :        2 samples, Peak.  2.82 ms (1.0x), Avg.  2.82 ms, Total. 5.639 ms (0.0%)
[Performance] MaterialPostprocessor.OnPostprocessAllAssets                                                                                         :        4 samples, Peak.   927 us (1.0x), Avg.   895 us, Total. 3.580 ms (0.0%)
[Performance] UniversalRenderPipelineGlobalSettingsPostprocessor.OnPostprocessAllAssets                                                            :        4 samples, Peak.  7.76 ms (1.8x), Avg.  4.21 ms, Total. 16.86 ms (0.0%)
[Performance] RetainedModeAssetPostprocessor.OnPostprocessAllAssets                                                                                :        2 samples, Peak.  2.82 ms (1.0x), Avg.  2.81 ms, Total. 5.628 ms (0.0%)
[Performance] AssetChangedListener.OnPostprocessAllAssets                                                                                          :        2 samples, Peak.  1.63 ms (1.0x), Avg.  1.63 ms, Total. 3.255 ms (0.0%)
[Performance] PostProcessor.OnPostprocessAllAssets                                                                                                 :        2 samples, Peak.   341 us (1.0x), Avg.   338 us, Total. 676.0 us (0.0%)
[Performance] ShaderGraphAssetPostProcessor.OnPostprocessAllAssets                                                                                 :        2 samples, Peak.  2.20 ms (1.0x), Avg.  2.20 ms, Total. 4.392 ms (0.0%)
[Performance] SpeedTreePostProcessor.OnPostprocessAllAssets                                                                                        :        2 samples, Peak.   221 us (1.0x), Avg.   217 us, Total. 434.9 us (0.0%)
[Performance] TextAssetPostProcessor.OnPostprocessAllAssets                                                                                        :        2 samples, Peak.   577 us (1.0x), Avg.   575 us, Total. 1.151 ms (0.0%)
[Performance] AssetProcessor.OnPostprocessAllAssets                                                                                                :        6 samples, Peak.  2.42 ms (1.7x), Avg.  1.42 ms, Total. 8.526 ms (0.0%)
[Performance] SpriteLibraryAssetPostprocessor.OnPostprocessAllAssets                                                                               :        2 samples, Peak.   382 us (1.0x), Avg.   379 us, Total. 758.9 us (0.0%)
[Performance] PSDImporterAssetPostProcessor.OnPostprocessAllAssets                                                                                 :        2 samples, Peak.   238 us (1.1x), Avg.   226 us, Total. 451.7 us (0.0%)
[Performance] PSDImportPostProcessor.OnPostprocessAllAssets                                                                                        :        2 samples, Peak.   251 us (1.0x), Avg.   249 us, Total. 497.8 us (0.0%)
[Performance] SpriteEditorTexturePostprocessor.OnPostprocessAllAssets                                                                              :        2 samples, Peak.   453 us (1.0x), Avg.   450 us, Total. 900.9 us (0.0%)
[Performance] SpriteShapeAssetPostProcessor.OnPostprocessAllAssets                                                                                 :        2 samples, Peak.   419 us (1.0x), Avg.   416 us, Total. 832.3 us (0.0%)
[Performance] AssetPathToTypes.OnPostprocessAllAssets                                                                                              :        2 samples, Peak.   521 us (1.0x), Avg.   518 us, Total. 1.036 ms (0.0%)
[Performance] InputActionAssetPostprocessor.OnPostprocessAllAssets                                                                                 :        4 samples, Peak.   612 us (1.3x), Avg.   482 us, Total. 1.930 ms (0.0%)
[Performance] InputActionJsonNameModifierAssetProcessor.OnPostprocessAllAssets                                                                     :        4 samples, Peak.   141 us (1.4x), Avg.   102 us, Total. 406.2 us (0.0%)
[Performance] ProjectSettingsPostprocessor.OnPostprocessAllAssets                                                                                  :        4 samples, Peak.   230 us (1.0x), Avg.   225 us, Total. 899.0 us (0.0%)
[Performance] LocalizationAssetPostProcessor.OnPostprocessAllAssets                                                                                :        2 samples, Peak.  1.91 ms (1.0x), Avg.  1.91 ms, Total. 3.813 ms (0.0%)
[Performance] SyncVS.PostprocessSyncProject                                                                                                        :        2 samples, Peak.  16.0 ms (1.1x), Avg.  14.1 ms, Total. 28.30 ms (0.0%)
[Performance] EditorApplication.projectChanged: UnityEditor.Audio.MixerEffectDefinitionReloader.OnProjectChanged                                   :        1 samples, Peak.   410 us (1.0x), Avg.   410 us, Total. 410.3 us (0.0%)
[Performance] EditorApplication.projectChanged: UnityEngine.InputSystem.LowLevel.NativeInputRuntime.OnProjectChanged                               :        1 samples, Peak.   192 us (1.0x), Avg.   192 us, Total. 191.7 us (0.0%)
[Performance] Application.ImportPackagesAndSetTemplateWhenCreatingProject                                                                          :        1 samples, Peak.  35.9 ms (1.0x), Avg.  35.9 ms, Total. 35.87 ms (0.0%)
[Performance] Application.SyncCurrentColorSpace                                                                                                    :        1 samples, Peak.   869 ms (1.0x), Avg.   869 ms, Total. 868.7 ms (0.6%)
[Performance] Application.OnUsbDevicesChanged                                                                                                      :        1 samples, Peak.  1.84 ms (1.0x), Avg.  1.84 ms, Total. 1.838 ms (0.0%)
[Performance] Application.AssetInstanceCacheUpdate                                                                                                 :        1 samples, Peak.   300 ns (1.0x), Avg.   300 ns, Total. 300.0 ns (0.0%)
[Performance] Application.UnityExtensions.Initialize                                                                                               :        1 samples, Peak.  11.8 ms (1.0x), Avg.  11.8 ms, Total. 11.83 ms (0.0%)
[Performance] CodeEditorProjectSync.SyncEditorProject                                                                                              :        1 samples, Peak.  1.04 s (1.0x), Avg.  1.04 s, Total. 1.038 s (0.7%)
[Performance] Application.ExecuteStartups                                                                                                          :        1 samples, Peak.   123 ms (1.0x), Avg.   123 ms, Total. 122.9 ms (0.1%)
[Performance] Menu.RegisterMenuInterface                                                                                                           :       26 samples, Peak.  1.90 us (6.0x), Avg.   319 ns, Total. 8.300 us (0.0%)
[Performance] Gizmo.RebuildRenderers                                                                                                               :        3 samples, Peak.   116 ms (2.0x), Avg.  59.1 ms, Total. 177.2 ms (0.1%)
[Performance] Gizmo.AddGizmoRenderers                                                                                                              :      372 samples, Peak.  2.57 ms (63.5x), Avg.  40.5 us, Total. 15.08 ms (0.0%)
[Performance] Application.editorInitializingProject                                                                                                :        1 samples, Peak.   307 ms (1.0x), Avg.   307 ms, Total. 306.7 ms (0.2%)
[Performance] Application.FinishLoadingProject                                                                                                     :        1 samples, Peak.  5.54 s (1.0x), Avg.  5.54 s, Total. 5.537 s (3.7%)
[Performance] Application.InitializeMenu                                                                                                           :        1 samples, Peak.   169 ms (1.0x), Avg.   169 ms, Total. 169.0 ms (0.1%)
[Performance] Menu.RebuildAll                                                                                                                      :        1 samples, Peak.   169 ms (1.0x), Avg.   169 ms, Total. 168.9 ms (0.1%)
[Performance] Menu.BuildRegisteredMenuInterfaces                                                                                                   :        1 samples, Peak.   163 ms (1.0x), Avg.   163 ms, Total. 163.4 ms (0.1%)
[Performance] Menu.FilterMenuItem                                                                                                                  :     1164 samples, Peak.  31.2 ms (1120.5x), Avg.  27.8 us, Total. 32.39 ms (0.0%)
[Performance] UpdateAllMenus                                                                                                                       :        1 samples, Peak.  1.14 ms (1.0x), Avg.  1.14 ms, Total. 1.138 ms (0.0%)
[Performance] Menu.RebuildOSMainMenu                                                                                                               :        2 samples, Peak.  6.22 ms (1.2x), Avg.  5.14 ms, Total. 10.27 ms (0.0%)
[Performance] EditorSceneManager.sceneClosing: UnityEditor.SceneVisibilityManager.EditorSceneManagerOnSceneClosing                                 :        3 samples, Peak.   762 us (2.1x), Avg.   362 us, Total. 1.087 ms (0.0%)
[Performance] GUIView.RepaintAll.PlayerLoopController                                                                                              :     1442 samples, Peak.  39.1 us (76.7x), Avg.   510 ns, Total. 735.0 us (0.0%)
[Performance] EditorSceneManager.newSceneCreated: UnityEditor.SceneTemplate.SceneTemplateService.OnNewSceneCreated                                 :        1 samples, Peak.   419 us (1.0x), Avg.   419 us, Total. 418.6 us (0.0%)
[Performance] EditorSceneManager.newSceneCreated: UnityEditor.SceneVisibilityManager.EditorSceneManagerOnNewSceneCreated                           :        1 samples, Peak.  1.24 ms (1.0x), Avg.  1.24 ms, Total. 1.243 ms (0.0%)
[Performance] EditorSceneManager.newSceneCreated: UnityEditor.SceneManagement.StageNavigationManager.OnNewSceneCreated                             :        1 samples, Peak.   187 us (1.0x), Avg.   187 us, Total. 187.0 us (0.0%)
[Performance] Application.InvokeFinishedLoadingProject                                                                                             :        1 samples, Peak.  82.0 ms (1.0x), Avg.  82.0 ms, Total. 81.96 ms (0.1%)
[Performance] ProcessService.OnProjectLoaded                                                                                                       :        1 samples, Peak.   124 us (1.0x), Avg.   124 us, Total. 124.5 us (0.0%)
[Performance] EditorSceneManager.sceneOpening: UnityEditor.SceneVisibilityManager.EditorSceneManagerOnSceneOpening                                 :        1 samples, Peak.   275 us (1.0x), Avg.   275 us, Total. 275.3 us (0.0%)
[Performance] Inspector.InitOrRebuild                                                                                                              :        2 samples, Peak.  1.66 ms (1.2x), Avg.  1.43 ms, Total. 2.854 ms (0.0%)
[Performance] EditorSceneManager.sceneOpened: UnityEditor.SceneTemplate.SceneTemplateService.OnSceneOpened                                         :        1 samples, Peak.   328 us (1.0x), Avg.   328 us, Total. 327.9 us (0.0%)
[Performance] EditorSceneManager.sceneOpened: UnityEditor.SceneVisibilityManager.EditorSceneManagerOnSceneOpened                                   :        1 samples, Peak.   150 us (1.0x), Avg.   150 us, Total. 150.4 us (0.0%)
[Performance] EditorSceneManager.sceneOpened: UnityEditor.SceneManagement.StageNavigationManager.OnSceneOpened                                     :        1 samples, Peak.  80.9 us (1.0x), Avg.  80.9 us, Total. 80.90 us (0.0%)
[Performance] EditorApplication.playModeStateChanged                                                                                               :        1 samples, Peak.  5.57 ms (1.0x), Avg.  5.57 ms, Total. 5.571 ms (0.0%)
[Performance] EditorApplication.playModeStateChanged: UnityEditor.ObjectPool.PoolManager.OnEditorStateChange                                       :        2 samples, Peak.   166 us (1.0x), Avg.   160 us, Total. 320.3 us (0.0%)
[Performance] EditorApplication.playModeStateChanged: UnityEditor.PackageManager.UI.Internal.PlayModeDownload.PlayModeStateChanged                 :        2 samples, Peak.   393 us (1.5x), Avg.   265 us, Total. 529.4 us (0.0%)
[Performance] EditorApplication.playModeStateChanged: UnityEngine.InputSystem.LowLevel.NativeInputRuntime.OnPlayModeStateChanged                   :        2 samples, Peak.   743 us (1.2x), Avg.   596 us, Total. 1.192 ms (0.0%)
[Performance] EditorApplication.playModeStateChanged: UnityEditor.Localization.UI.GameViewLanguageMenu.PlayModeStateChanged                        :        2 samples, Peak.   113 us (1.2x), Avg.  91.1 us, Total. 182.3 us (0.0%)
[Performance] EditorApplication.playModeStateChanged: callback in Nytherion.Editor.TrainingDummySetup                                              :        2 samples, Peak.  60.8 us (1.1x), Avg.  56.7 us, Total. 113.3 us (0.0%)
[Performance] EditorApplication.playModeStateChanged: Nytherion.Editor.WeaponOffsetSaveReservation.OnPlayModeStateChanged                          :        2 samples, Peak.  76.4 us (1.1x), Avg.  66.7 us, Total. 133.4 us (0.0%)
[Performance] EditorApplication.playModeStateChanged: callback in Nytherion.Editor.LayLaserWeaponVerification                                      :        2 samples, Peak.  99.1 us (1.1x), Avg.  88.1 us, Total. 176.2 us (0.0%)
[Performance] EditorApplication.playModeStateChanged: callback in Nytherion.Editor.RelicPresentationVerification                                   :        2 samples, Peak.  53.7 us (1.1x), Avg.  47.4 us, Total. 94.80 us (0.0%)
[Performance] EditorApplication.playModeStateChanged: callback in Nytherion.Editor.RootiUpgradeVerification                                        :        2 samples, Peak.  58.5 us (1.2x), Avg.  48.3 us, Total. 96.60 us (0.0%)
[Performance] EditorApplication.playModeStateChanged: callback in Nytherion.Editor.WindStoneRelicVerification                                      :        2 samples, Peak.  54.1 us (1.2x), Avg.  45.2 us, Total. 90.50 us (0.0%)
[Performance] EditorApplication.playModeStateChanged: callback in Nytherion.Editor.InventoryIconVerification                                       :        2 samples, Peak.  52.1 us (1.2x), Avg.  43.0 us, Total. 86.00 us (0.0%)
[Performance] EditorApplication.playModeStateChanged: callback in LaserOffsetBatch                                                                 :        2 samples, Peak.  47.6 us (1.2x), Avg.  39.9 us, Total. 79.80 us (0.0%)
[Performance] EditorApplication.playModeStateChanged: callback in Nytherion.Editor.SkillTooltipVerification                                        :        2 samples, Peak.  46.1 us (1.2x), Avg.  38.9 us, Total. 77.80 us (0.0%)
[Performance] EditorApplication.playModeStateChanged: callback in Nytherion.Editor.HomingMagicVerification                                         :        2 samples, Peak.  52.6 us (1.2x), Avg.  44.7 us, Total. 89.40 us (0.0%)
[Performance] EditorApplication.playModeStateChanged: callback in Nytherion.Editor.TargetMakerVerification                                         :        2 samples, Peak.  64.4 us (1.3x), Avg.  50.4 us, Total. 100.8 us (0.0%)
[Performance] EditorApplication.playModeStateChanged: callback in Nytherion.Editor.GuardianStaffWeaponVerification                                 :        2 samples, Peak.  49.4 us (1.2x), Avg.  42.8 us, Total. 85.50 us (0.0%)
[Performance] EditorApplication.playModeStateChanged: callback in Nytherion.Editor.ChainIgnitionSkillVerification                                  :        2 samples, Peak.  80.3 us (1.1x), Avg.  71.1 us, Total. 142.2 us (0.0%)
[Performance] EditorApplication.playModeStateChanged: callback in Nytherion.Editor.PyroTankSkillVerification                                       :        2 samples, Peak.  80.9 us (1.1x), Avg.  73.0 us, Total. 146.0 us (0.0%)
[Performance] EditorApplication.playModeStateChanged: callback in Nytherion.Editor.InventorySlotFrameSetup                                         :        2 samples, Peak.  38.4 us (1.0x), Avg.  37.6 us, Total. 75.10 us (0.0%)
[Performance] EditorApplication.playModeStateChanged: Unity.Burst.Editor.BurstLoader.EditorApplicationOnPlayModeStateChanged                       :        2 samples, Peak.  95.6 us (1.0x), Avg.  94.7 us, Total. 189.4 us (0.0%)
[Performance] EditorApplication.playModeStateChanged: callback in UnityEditor.U2D.SpriteShapeUpdateCache                                           :        2 samples, Peak.   115 us (1.5x), Avg.  76.0 us, Total. 151.9 us (0.0%)
[Performance] EditorApplication.playModeStateChanged: UnityEditor.SceneManagement.EditorSceneManager.PlayModeStateChangedCallback                  :        2 samples, Peak.  40.6 us (1.0x), Avg.  40.4 us, Total. 80.80 us (0.0%)
[Performance] EditorApplication.playModeStateChanged: UnityEngine.Rendering.Universal.ShadowCasterGroup2DManager.OnPlayModeStateChanged            :        2 samples, Peak.   190 us (1.0x), Avg.   189 us, Total. 378.8 us (0.0%)
[Performance] EditorApplication.playModeStateChanged: UnityEditor.TestTools.TestRunner.PlaymodeLauncher+BackgroundWatcher.OnPlayModeStateChanged   :        2 samples, Peak.   381 us (1.0x), Avg.   369 us, Total. 738.7 us (0.0%)
[Performance] EditorApplication.playModeStateChanged: UnityEditor.U2D.Animation.BoneGizmo.PlayModeStateChanged                                     :        2 samples, Peak.  51.9 us (1.1x), Avg.  46.7 us, Total. 93.30 us (0.0%)
[Performance] EditorApplication.playModeStateChanged: UnityEngine.AddressableAssets.Addressables.SetAddressablesReInitFlagOnExitPlayMode           :        2 samples, Peak.   118 us (1.1x), Avg.   112 us, Total. 224.3 us (0.0%)
[Performance] EditorApplication.playModeStateChanged: UnityEngine.AddressableAssets.AssetReference.EditorApplicationOnplayModeStateChanged         :        2 samples, Peak.   180 us (1.0x), Avg.   175 us, Total. 350.7 us (0.0%)
[Performance] EditorApplication.playModeStateChanged: UnityEditor.AddressableAssets.Build.AddressablesBuildScriptHooks.OnEditorPlayModeChanged     :        2 samples, Peak.   280 us (1.0x), Avg.   278 us, Total. 556.4 us (0.0%)
[Performance] EditorApplication.playModeStateChanged: UnityEditor.PackageManager.UI.Internal.ApplicationProxy.PlayModeStateChanged                 :        2 samples, Peak.   197 us (1.0x), Avg.   193 us, Total. 386.9 us (0.0%)
[Performance] EditorApplication.playModeStateChanged: UnityEditor.SceneVisibilityManager.EditorApplicationPlayModeStateChanged                     :        2 samples, Peak.  41.1 us (1.0x), Avg.  40.3 us, Total. 80.60 us (0.0%)
[Performance] EditorApplication.playModeStateChanged: UnityEditor.TestTools.TestRunner.TestRunnerWindow.OnPlayModeStateChanged                     :        2 samples, Peak.   109 us (1.0x), Avg.   108 us, Total. 216.4 us (0.0%)
[Performance] EditorApplication.playModeStateChanged: UnityEditor.Tilemaps.GridPaintingState.PlayModeStateChanged                                  :        2 samples, Peak.   100 us (1.2x), Avg.  84.1 us, Total. 168.2 us (0.0%)
[Performance] Application.InvokeProjectWasLoaded                                                                                                   :        1 samples, Peak.  46.5 us (1.0x), Avg.  46.5 us, Total. 46.50 us (0.0%)
[Performance] Application.Message                                                                                                                  :     1441 samples, Peak.  38.8 us (92.6x), Avg.   419 ns, Total. 603.5 us (0.0%)
[Performance] Application.Message.WM_0031F                                                                                                         :        1 samples, Peak.  8.30 us (1.0x), Avg.  8.30 us, Total. 8.300 us (0.0%)
[Performance] Application.Tick                                                                                                                     :     1440 samples, Peak.  7.69 s (1079.4x), Avg.  7.12 ms, Total. 10.26 s (6.9%)
[Performance] CheckLicensingClient                                                                                                                 :        2 samples, Peak.  11.8 us (1.0x), Avg.  11.2 us, Total. 22.50 us (0.0%)
[Performance] CheckLicensingClientNotification                                                                                                     :        2 samples, Peak.  14.0 us (1.0x), Avg.  13.4 us, Total. 26.80 us (0.0%)
[Performance] LicenseActivated.Tick                                                                                                                :        1 samples, Peak.  10.7 us (1.0x), Avg.  10.7 us, Total. 10.70 us (0.0%)
[Performance] Application.TickVersionControl                                                                                                       :     1441 samples, Peak.  26.4 us (32.1x), Avg.   823 ns, Total. 1.186 ms (0.0%)
[Performance] MonoCompiler.Tick                                                                                                                    :       14 samples, Peak.  7.32 s (14.0x), Avg.   523 ms, Total. 7.323 s (4.9%)
[Performance] Application.EnterPlayMode                                                                                                            :        1 samples, Peak.  7.29 s (1.0x), Avg.  7.29 s, Total. 7.285 s (4.9%)
[Performance] Application.Reload                                                                                                                   :        1 samples, Peak.  3.54 s (1.0x), Avg.  3.54 s, Total. 3.537 s (2.4%)
[Performance] AssemblyReloadEvents.beforeAssemblyReload: UnityEditor.Rendering.Analytics.DebugManagerWindowLifetimeAnalytic.OnBeforeAssemblyReload :        1 samples, Peak.   627 us (1.0x), Avg.   627 us, Total. 627.3 us (0.0%)
[Performance] SceneDataContainer.TransformHierarchyChangedSetParentCallback                                                                        :     5400 samples, Peak.  37.7 us (60.3x), Avg.   625 ns, Total. 3.376 ms (0.0%)
[Performance] SceneVisibilityState.IsFlagSetInParents                                                                                              :    11079 samples, Peak.  33.5 us (135.3x), Avg.   248 ns, Total. 2.743 ms (0.0%)
[Performance] TimelineAnalyticsProcess.OnProcessScene                                                                                              :        1 samples, Peak.  5.01 ms (1.0x), Avg.  5.01 ms, Total. 5.008 ms (0.0%)
[Performance] UnityBuildPostprocessor.OnProcessScene                                                                                               :        1 samples, Peak.  1.42 ms (1.0x), Avg.  1.42 ms, Total. 1.420 ms (0.0%)
[Performance] EditorApplication.playModeStateChanged: UnityEngine.InputSystem.Editor.InputExitPlayModeAnalytic.OnPlayModeStateChange               :        1 samples, Peak.   106 us (1.0x), Avg.   106 us, Total. 106.2 us (0.0%)
[Performance] UnityConnect.Tick                                                                                                                    :        1 samples, Peak.  8.08 ms (1.0x), Avg.  8.08 ms, Total. 8.081 ms (0.0%)
[Performance] UnityVersionControl.Tick                                                                                                             :        1 samples, Peak.  1000 ns (1.0x), Avg.  1000 ns, Total. 1000.0 ns (0.0%)
[Performance] CurlRequest.Tick                                                                                                                     :       25 samples, Peak.   366 us (23.6x), Avg.  15.5 us, Total. 387.4 us (0.0%)
[Performance] HubClient.Tick                                                                                                                       :       25 samples, Peak.  1.80 us (5.1x), Avg.   356 ns, Total. 8.900 us (0.0%)
[Performance] AssetDatabase.Tick                                                                                                                   :       25 samples, Peak.  93.8 us (23.4x), Avg.  4.01 us, Total. 100.3 us (0.0%)
[Performance] SceneBackgroundTask.Tick                                                                                                             :       18 samples, Peak.   600 ns (2.4x), Avg.   250 ns, Total. 4.500 us (0.0%)
[Performance] Scheduler.Tick                                                                                                                       :      221 samples, Peak.  1.98 ms (126.0x), Avg.  15.7 us, Total. 3.473 ms (0.0%)
[Performance] RepaintAllProfilerWindows                                                                                                            :        6 samples, Peak.   316 us (5.8x), Avg.  54.6 us, Total. 327.4 us (0.0%)
[Performance] PlayerUpdates.Tick                                                                                                                   :       48 samples, Peak.  35.8 us (2.2x), Avg.  15.9 us, Total. 764.4 us (0.0%)
[Performance] Application.TickGlobalCallbacks                                                                                                      :     1441 samples, Peak.   133 ms (1024.4x), Avg.   130 us, Total. 187.6 ms (0.1%)
[Performance] EditorAnalytics.Tick                                                                                                                 :       12 samples, Peak.  38.5 us (6.2x), Avg.  6.22 us, Total. 74.60 us (0.0%)
[Performance] Video.Update                                                                                                                         :     1441 samples, Peak.  2.80 us (7.4x), Avg.   380 ns, Total. 547.1 us (0.0%)
[Performance] Application.TickProgress                                                                                                             :     1441 samples, Peak.  3.19 ms (640.8x), Avg.  4.97 us, Total. 7.169 ms (0.0%)
[Performance] Application.TickSceneTracker                                                                                                         :     1440 samples, Peak.  38.6 ms (43.2x), Avg.   893 us, Total. 1.286 s (0.9%)
[Performance] EditorApplication.update                                                                                                             :     1440 samples, Peak.  38.4 ms (43.6x), Avg.   881 us, Total. 1.268 s (0.8%)
[Performance] EditorApplication.update: Nytherion.Editor.TargetMakerSetup.Update                                                                   :     1441 samples, Peak.   292 us (121.6x), Avg.  2.40 us, Total. 3.458 ms (0.0%)
[Performance] EditorApplication.update: Nytherion.Editor.WeaponSkillUIAssetOrganizer.Update                                                        :     1441 samples, Peak.   138 us (211.8x), Avg.   652 ns, Total. 939.0 us (0.0%)
[Performance] EditorApplication.update: Nytherion.Editor.TrainingDummySetup.Update                                                                 :     1441 samples, Peak.  1.24 ms (395.1x), Avg.  3.15 us, Total. 4.540 ms (0.0%)
[Performance] EditorApplication.update: Nytherion.Editor.LayLaserWeaponVerification.Update                                                         :     1441 samples, Peak.   195 us (249.9x), Avg.   779 ns, Total. 1.123 ms (0.0%)
[Performance] EditorApplication.update: Nytherion.Editor.DebugPanelStatsVerification.Update                                                        :     1441 samples, Peak.   563 us (7.2x), Avg.  78.5 us, Total. 113.1 ms (0.1%)
[Performance] EditorApplication.update: Nytherion.Editor.RelicPresentationVerification.Update                                                      :     1441 samples, Peak.  2.27 ms (23.7x), Avg.  96.0 us, Total. 138.4 ms (0.1%)
[Performance] EditorApplication.update: Nytherion.Editor.RootiUpgradeRelicSetup.ProcessRequest                                                     :     1441 samples, Peak.  65.4 us (46.0x), Avg.  1.42 us, Total. 2.047 ms (0.0%)
[Performance] EditorApplication.update: Nytherion.Editor.ChargeRelicVerification.Update                                                            :     1441 samples, Peak.  23.6 ms (390.4x), Avg.  60.4 us, Total. 86.97 ms (0.1%)
[Performance] EditorApplication.update: Nytherion.Editor.RootiUpgradeVerification.Update                                                           :     1441 samples, Peak.   170 us (102.0x), Avg.  1.66 us, Total. 2.395 ms (0.0%)
[Performance] EditorApplication.update: Nytherion.Editor.GuardianStaffWeaponSetup.Update                                                           :     1441 samples, Peak.   194 us (262.2x), Avg.   740 ns, Total. 1.066 ms (0.0%)
[Performance] EditorApplication.update: Nytherion.Editor.WindStoneRelicVerification.Update                                                         :     1441 samples, Peak.  3.26 ms (68.4x), Avg.  47.7 us, Total. 68.79 ms (0.0%)
[Performance] EditorApplication.update: Nytherion.Editor.InventoryIconVerification.Update                                                          :     1441 samples, Peak.  1.22 ms (27.1x), Avg.  44.9 us, Total. 64.67 ms (0.0%)
[Performance] EditorApplication.update: Nytherion.Editor.ObjectPoolingVerification.Update                                                          :     1441 samples, Peak.   245 us (93.9x), Avg.  2.61 us, Total. 3.766 ms (0.0%)
[Performance] EditorApplication.update: Nytherion.Editor.HomingMagicSetup.Update                                                                   :     1441 samples, Peak.   108 us (208.5x), Avg.   515 ns, Total. 742.8 us (0.0%)
[Performance] EditorApplication.update: Nytherion.Editor.SpiritsGuidanceAnimationSetup.Update                                                      :     1441 samples, Peak.   113 us (237.8x), Avg.   474 ns, Total. 682.8 us (0.0%)
[Performance] EditorApplication.update: LaserOffsetBatch.Update                                                                                    :     1440 samples, Peak.   543 us (228.2x), Avg.  2.38 us, Total. 3.428 ms (0.0%)
[Performance] EditorApplication.update: Nytherion.Editor.SkillTooltipVerification.Update                                                           :     1440 samples, Peak.  3.46 ms (40.3x), Avg.  85.9 us, Total. 123.7 ms (0.1%)
[Performance] EditorApplication.update: Nytherion.Editor.RelicPresentationSetup.Update                                                             :     1440 samples, Peak.   206 us (126.7x), Avg.  1.63 us, Total. 2.346 ms (0.0%)
[Performance] EditorApplication.update: Nytherion.Editor.InventoryEquipmentSwapVerification.Update                                                 :     1440 samples, Peak.  54.7 us (118.2x), Avg.   463 ns, Total. 666.3 us (0.0%)
[Performance] EditorApplication.update: Nytherion.Editor.WindStoneRelicSetup.Update                                                                :     1440 samples, Peak.  82.2 us (178.7x), Avg.   460 ns, Total. 662.2 us (0.0%)
[Performance] EditorApplication.update: Nytherion.Editor.EffectSizeVerification.Update                                                             :     1440 samples, Peak.  1.37 ms (32.3x), Avg.  42.4 us, Total. 60.99 ms (0.0%)
[Performance] EditorApplication.update: Nytherion.Editor.HomingMagicVerification.Update                                                            :     1440 samples, Peak.  1.95 ms (22.5x), Avg.  86.5 us, Total. 124.6 ms (0.1%)
[Performance] EditorApplication.update: Nytherion.Editor.SkillTooltipSetup.Update                                                                  :     1440 samples, Peak.   272 us (169.7x), Avg.  1.60 us, Total. 2.308 ms (0.0%)
[Performance] EditorApplication.update: Nytherion.Editor.EnemyHitAreaSetup.Update                                                                  :     1440 samples, Peak.   181 us (275.5x), Avg.   658 ns, Total. 948.0 us (0.0%)
[Performance] EditorApplication.update: Nytherion.Editor.TargetMakerVerification.Update                                                            :     1440 samples, Peak.  1.80 ms (41.5x), Avg.  43.3 us, Total. 62.37 ms (0.0%)
[Performance] EditorApplication.update: Nytherion.Editor.GuardianStaffWeaponVerification.Update                                                    :     1440 samples, Peak.  4.29 ms (90.9x), Avg.  47.2 us, Total. 67.93 ms (0.0%)
[Performance] EditorApplication.update: Nytherion.Editor.ChainIgnitionSkillVerification.Update                                                     :     1440 samples, Peak.  4.53 ms (49.4x), Avg.  91.7 us, Total. 132.0 ms (0.1%)
[Performance] EditorApplication.update: Nytherion.Editor.PyroTankSkillVerification.Update                                                          :     1440 samples, Peak.   710 us (16.3x), Avg.  43.4 us, Total. 62.56 ms (0.0%)
[Performance] EditorApplication.update: Nytherion.Editor.InventorySlotFrameSetup.Update                                                            :     1440 samples, Peak.   414 us (9.4x), Avg.  44.0 us, Total. 63.37 ms (0.0%)
[Performance] EditorApplication.update: UnityEngine.Rendering.ProbeSubdivisionContext+RealtimeProbeSubdivisionDebug.UpdateRealtimeSubdivisionDebug :     1440 samples, Peak.  2.94 ms (1047.4x), Avg.  2.81 us, Total. 4.041 ms (0.0%)
[Performance] EditorApplication.update: Unity.PlasticSCM.Editor.Hub.ProcessHubCommand.RunOnceWhenAccessTokenIsInitialized                          :     1440 samples, Peak.   353 us (206.7x), Avg.  1.71 us, Total. 2.460 ms (0.0%)
[Performance] EditorApplication.update: callback in Microsoft.Unity.VisualStudio.Editor.VisualStudioIntegration                                    :        1 samples, Peak.  10.2 ms (1.0x), Avg.  10.2 ms, Total. 10.19 ms (0.0%)
[Performance] EditorApplication.update: Microsoft.Unity.VisualStudio.Editor.VisualStudioIntegration.OnUpdate                                       :     1440 samples, Peak.   360 us (162.5x), Avg.  2.22 us, Total. 3.190 ms (0.0%)
[Performance] EditorApplication.update: UnityEditor.AddressableAssets.Settings.AddressableAssetSettings.TryAddAssetPostprocessorOnNextUpdate       :        1 samples, Peak.   123 us (1.0x), Avg.   123 us, Total. 122.9 us (0.0%)
[Performance] EditorApplication.update: callback in UnityEditor.Rendering.Universal.MaterialReimporter                                             :     1440 samples, Peak.  7.23 ms (964.1x), Avg.  7.50 us, Total. 10.80 ms (0.0%)
[Performance] EditorApplication.update: UnityEditor.U2D.Aseprite.BackgroundImport.OnUpdate                                                         :     1440 samples, Peak.   431 us (97.6x), Avg.  4.42 us, Total. 6.359 ms (0.0%)
[Performance] EditorApplication.update: UnityEditor.PackageManager.UI.Internal.ApplicationProxy.OnUpdate                                           :     1440 samples, Peak.   747 us (328.4x), Avg.  2.27 us, Total. 3.275 ms (0.0%)
[Performance] EditorApplication.update: UnityEngine.U2D.Animation.BufferManager.Update                                                             :     1440 samples, Peak.   139 us (112.6x), Avg.  1.23 us, Total. 1.776 ms (0.0%)
[Performance] EditorApplication.update: UnityEditor.SceneManagement.StageNavigationManager.Update                                                  :     1440 samples, Peak.   547 us (805.2x), Avg.   679 ns, Total. 977.7 us (0.0%)
[Performance] ConsoleLog.Tick                                                                                                                      :       14 samples, Peak.   149 us (10.9x), Avg.  13.6 us, Total. 190.9 us (0.0%)
[Performance] HierarchyWindow.Tick                                                                                                                 :       18 samples, Peak.  9.17 ms (17.5x), Avg.   524 us, Total. 9.440 ms (0.0%)
[Performance] EditorApplication.hierarchyChanged: Unity.UIElements.Editor.UIDocumentHierarchyWatcher.OnHierarchyChanged                            :        2 samples, Peak.   448 us (2.0x), Avg.   225 us, Total. 449.3 us (0.0%)
[Performance] EditorApplication.hierarchyChanged: UnityEditor.Tilemaps.SceneViewGridManager.UpdateCache                                            :        2 samples, Peak.  7.35 ms (2.0x), Avg.  3.68 ms, Total. 7.352 ms (0.0%)
[Performance] EditorApplication.hierarchyChanged: UnityEditor.Tilemaps.SceneViewOpenTilePaletteHelper.SelectionChanged                             :        2 samples, Peak.  37.5 us (1.9x), Avg.  19.5 us, Total. 39.00 us (0.0%)
[Performance] EditorApplication.hierarchyChanged: UnityEditor.Tilemaps.GridPaintingState.HierarchyChanged                                          :        2 samples, Peak.   175 us (2.0x), Avg.  88.5 us, Total. 176.9 us (0.0%)
[Performance] Inspector.Tick                                                                                                                       :       18 samples, Peak.   155 ms (17.9x), Avg.  8.64 ms, Total. 155.6 ms (0.1%)
[Performance] EditorApplication.delayCall: UnityEditor.ShortcutManagement.ShortcutIntegration.EnsureShortcutsAreInitialized                        :        1 samples, Peak.  41.7 ms (1.0x), Avg.  41.7 ms, Total. 41.68 ms (0.0%)
[Performance] EditorApplication.delayCall: callback in UnityEngine.InputSystem.EnhancedTouch.TouchSimulation                                       :        1 samples, Peak.   105 us (1.0x), Avg.   105 us, Total. 105.1 us (0.0%)
[Performance] EditorApplication.delayCall: UnityEngine.InputSystem.InputSystem.SetUpRemotingInternal                                               :        1 samples, Peak.  7.21 ms (1.0x), Avg.  7.21 ms, Total. 7.210 ms (0.0%)
[Performance] EditorApplication.delayCall: UnityEngine.InputSystem.InputSystem.ShowRestartWarning                                                  :        1 samples, Peak.  10.6 ms (1.0x), Avg.  10.6 ms, Total. 10.60 ms (0.0%)
[Performance] EditorApplication.delayCall: Nytherion.Editor.ChainIgnitionSkillSetup.SetupIfMissing                                                 :       18 samples, Peak.   336 us (16.2x), Avg.  20.7 us, Total. 373.2 us (0.0%)
[Performance] EditorApplication.delayCall: callback in Nytherion.Editor.RelicGachaSync                                                             :        1 samples, Peak.  50.8 ms (1.0x), Avg.  50.8 ms, Total. 50.79 ms (0.0%)
[Performance] EditorApplication.delayCall: Nytherion.Editor.BlastCompanionRelicSetup.TryAutomaticSetup                                             :        1 samples, Peak.   197 us (1.0x), Avg.   197 us, Total. 197.3 us (0.0%)
[Performance] EditorApplication.delayCall: Nytherion.Editor.OpapaRelicSetup.TryAutomaticSetup                                                      :        1 samples, Peak.   120 us (1.0x), Avg.   120 us, Total. 119.8 us (0.0%)
[Performance] EditorApplication.delayCall: Nytherion.Editor.PyroTankSkillSetup.SetupIfMissing                                                      :       18 samples, Peak.   110 us (11.6x), Avg.  9.52 us, Total. 171.4 us (0.0%)
[Performance] EditorApplication.delayCall: Nytherion.Editor.RootiRelicSetup.TryAutomaticSetup                                                      :       18 samples, Peak.   167 us (14.4x), Avg.  11.6 us, Total. 208.4 us (0.0%)
[Performance] EditorApplication.delayCall: callback in Nytherion.Editor.GenerateSkillRelics                                                        :        1 samples, Peak.  41.9 ms (1.0x), Avg.  41.9 ms, Total. 41.86 ms (0.0%)
[Performance] EditorApplication.delayCall: Nytherion.Editor.BoomMakerRelicSetup.TryAutomaticSetup                                                  :        1 samples, Peak.   200 us (1.0x), Avg.   200 us, Total. 200.3 us (0.0%)
[Performance] EditorApplication.delayCall: callback in UnityEditor.AI.NavMeshEditorHelpers                                                         :        1 samples, Peak.  51.4 us (1.0x), Avg.  51.4 us, Total. 51.40 us (0.0%)
[Performance] EditorApplication.delayCall: callback in UnityEditor.EditorTools.ToolShortcutContext                                                 :        1 samples, Peak.   488 us (1.0x), Avg.   488 us, Total. 488.2 us (0.0%)
[Performance] EditorApplication.delayCall: callback in UnityEditor.SceneVisibilityManager                                                          :        1 samples, Peak.   108 us (1.0x), Avg.   108 us, Total. 108.3 us (0.0%)
[Performance] EditorApplication.delayCall: callback in UnityEditor.EditorWindow                                                                    :        1 samples, Peak.  52.4 us (1.0x), Avg.  52.4 us, Total. 52.40 us (0.0%)
[Performance] EditorApplication.delayCall: UnityEditor.EditorTools.EditorToolContext.Activate                                                      :        1 samples, Peak.  1.10 us (1.0x), Avg.  1.10 us, Total. 1.100 us (0.0%)
[Performance] Tooltip.Tick                                                                                                                         :       47 samples, Peak.   101 us (36.2x), Avg.  2.80 us, Total. 131.4 us (0.0%)
[Performance] Application.RequestRepaintForPanels                                                                                                  :     1440 samples, Peak.   432 us (108.0x), Avg.  4.00 us, Total. 5.760 ms (0.0%)
[Performance] Application.UpdateScene                                                                                                              :     1440 samples, Peak.   216 ms (250.5x), Avg.   864 us, Total. 1.244 s (0.8%)
[Performance] PackageImporter.Tick                                                                                                                 :       13 samples, Peak.   900 ns (2.1x), Avg.   431 ns, Total. 5.600 us (0.0%)
[Performance] InspectorBackground.Tick                                                                                                             :       17 samples, Peak.  2.00 us (1.8x), Avg.  1.13 us, Total. 19.20 us (0.0%)
[Performance] BurstDebug.Tick                                                                                                                      :        6 samples, Peak.  1.30 us (1.5x), Avg.   850 ns, Total. 5.100 us (0.0%)
[Performance] Application.ChangeLayoutIfNeeded                                                                                                     :     1440 samples, Peak.   500 ns (6.5x), Avg.  77.4 ns, Total. 111.4 us (0.0%)
[Performance] AsyncReadManager.ForceCloseFiles                                                                                                     :        3 samples, Peak.   107 us (1.9x), Avg.  57.8 us, Total. 173.3 us (0.0%)
[Performance] Application.Shutdown.SaveDefaultWindowPreferences                                                                                    :        1 samples, Peak.   119 us (1.0x), Avg.   119 us, Total. 118.6 us (0.0%)
[Performance] Application.Shutdown.SaveSceneManagerSetup                                                                                           :        1 samples, Peak.   331 us (1.0x), Avg.   331 us, Total. 330.8 us (0.0%)
[Performance] Application.Shutdown.CleanupAllContainerWindows                                                                                      :        1 samples, Peak.   700 ns (1.0x), Avg.   700 ns, Total. 700.0 ns (0.0%)
[Performance] EditorApplication.quitting: Unity.Burst.Editor.BurstLoader.OnEditorApplicationQuitting                                               :        1 samples, Peak.  35.3 us (1.0x), Avg.  35.3 us, Total. 35.30 us (0.0%)
[Performance] EditorApplication.quitting: UnityEditor.Tilemaps.SceneViewGridManager.EditorQuitting                                                 :        1 samples, Peak.  84.9 us (1.0x), Avg.  84.9 us, Total. 84.90 us (0.0%)
[Performance] EditorApplication.quitting: callback in UnityEditor.TextCore.Text.EditorEventCallbacks                                               :        1 samples, Peak.  14.9 ms (1.0x), Avg.  14.9 ms, Total. 14.93 ms (0.0%)
[Performance] Application.Shutdown.PauseProfilerSession                                                                                            :        1 samples, Peak.  32.3 us (1.0x), Avg.  32.3 us, Total. 32.30 us (0.0%)
[Performance] Application.Shutdown.PauseAssetImportWorkers                                                                                         :        1 samples, Peak.   499 us (1.0x), Avg.   499 us, Total. 499.3 us (0.0%)
[Performance] Application.Shutdown.SaveAssets                                                                                                      :        1 samples, Peak.  13.9 ms (1.0x), Avg.  13.9 ms, Total. 13.91 ms (0.0%)
[Performance] PaletteAssetModificationProcessor.OnWillSaveAssets                                                                                   :        1 samples, Peak.   982 us (1.0x), Avg.   982 us, Total. 982.1 us (0.0%)
[Performance] StateMacroSavedEvent.OnWillSaveAssets                                                                                                :        1 samples, Peak.   256 us (1.0x), Avg.   256 us, Total. 255.9 us (0.0%)
[Performance] FlowMacroSavedEvent.OnWillSaveAssets                                                                                                 :        1 samples, Peak.   193 us (1.0x), Avg.   193 us, Total. 193.2 us (0.0%)
[Performance] AssetModificationProcessor.OnWillSaveAssets                                                                                          :        1 samples, Peak.   579 us (1.0x), Avg.   579 us, Total. 579.4 us (0.0%)
[Performance] UnityCloudProjectLinkMonitor.OnWillSaveAssets                                                                                        :        1 samples, Peak.   716 us (1.0x), Avg.   716 us, Total. 715.7 us (0.0%)
[Performance] BuilderAssetModificationProcessor.OnWillSaveAssets                                                                                   :        1 samples, Peak.   558 us (1.0x), Avg.   558 us, Total. 558.0 us (0.0%)
[Performance] TerrainModificationProcessor.OnWillSaveAssets                                                                                        :        1 samples, Peak.   726 us (1.0x), Avg.   726 us, Total. 726.4 us (0.0%)
[Performance] Application.Shutdown.CleanupRenderPipeline                                                                                           :        1 samples, Peak.  17.8 us (1.0x), Avg.  17.8 us, Total. 17.80 us (0.0%)
[Performance] Application.Shutdown.StopPreloadManager                                                                                              :        1 samples, Peak.  9.84 ms (1.0x), Avg.  9.84 ms, Total. 9.838 ms (0.0%)
[Performance] Application.Shutdown.DestroyWorld                                                                                                    :        1 samples, Peak.  58.2 ms (1.0x), Avg.  58.2 ms, Total. 58.19 ms (0.0%)
[Performance] Application.Shutdown.CleanupAfterLoad                                                                                                :        1 samples, Peak.   269 ms (1.0x), Avg.   269 ms, Total. 269.1 ms (0.2%)
[Performance] Application.Shutdown.Progress                                                                                                        :        1 samples, Peak.   350 us (1.0x), Avg.   350 us, Total. 349.7 us (0.0%)
[Performance] Application.Shutdown.GICleanupManagers                                                                                               :        1 samples, Peak.  4.72 ms (1.0x), Avg.  4.72 ms, Total. 4.717 ms (0.0%)
[Performance] Application.Shutdown.MenuCleanupClass                                                                                                :        1 samples, Peak.   359 us (1.0x), Avg.   359 us, Total. 359.0 us (0.0%)
[Performance] Application.Shutdown.ADBSaveStateBeforeShutdown                                                                                      :        1 samples, Peak.  6.20 us (1.0x), Avg.  6.20 us, Total. 6.200 us (0.0%)
[Performance] Application.Shutdown.RemoteShutdown                                                                                                  :        1 samples, Peak.   600 ns (1.0x), Avg.   600 ns, Total. 600.0 ns (0.0%)
[Performance] Application.Shutdown.CleanupVCProvider                                                                                               :        1 samples, Peak.   275 us (1.0x), Avg.   275 us, Total. 275.2 us (0.0%)
[Performance] Application.Shutdown.InputShutdown                                                                                                   :        1 samples, Peak.   400 ns (1.0x), Avg.   400 ns, Total. 400.0 ns (0.0%)
[Performance] Application.Shutdown.GizmoManagerDestroy                                                                                             :        1 samples, Peak.   647 us (1.0x), Avg.   647 us, Total. 647.1 us (0.0%)
[Performance] Application.Shutdown.ProfilerSession                                                                                                 :        1 samples, Peak.  1.05 ms (1.0x), Avg.  1.05 ms, Total. 1.054 ms (0.0%)
[Performance] Application.Shutdown.ReleaseGfxWindowOnAllGUIViews                                                                                   :        1 samples, Peak.   300 ns (1.0x), Avg.   300 ns, Total. 300.0 ns (0.0%)
[Performance] Application.Shutdown.CleanupEngine                                                                                                   :        1 samples, Peak.   137 ms (1.0x), Avg.   137 ms, Total. 136.5 ms (0.1%)
[Performance] Application.Shutdown.CleanupAssetDatabase                                                                                            :        1 samples, Peak.  21.3 ms (1.0x), Avg.  21.3 ms, Total. 21.29 ms (0.0%)
[Performance] Application.Shutdown.ScriptCompilationCleanUp                                                                                        :        1 samples, Peak.  22.5 ms (1.0x), Avg.  22.5 ms, Total. 22.45 ms (0.0%)
[Performance] Application.Shutdown.DestroyJobSystem                                                                                                :        1 samples, Peak.   223 us (1.0x), Avg.   223 us, Total. 223.4 us (0.0%)
[Performance] Application.Shutdown.CleanupPersistentManager                                                                                        :        1 samples, Peak.  4.57 ms (1.0x), Avg.  4.57 ms, Total. 4.575 ms (0.0%)
[Performance] Application.Shutdown.CleanupAsyncReadManager                                                                                         :        1 samples, Peak.   481 us (1.0x), Avg.   481 us, Total. 480.5 us (0.0%)
[Performance] Application.Shutdown.CleanupProgressBar                                                                                              :        1 samples, Peak.   200 ns (1.0x), Avg.   200 ns, Total. 200.0 ns (0.0%)
[Performance] Application.Shutdown.CleanupMono                                                                                                     :        1 samples, Peak.   309 ms (1.0x), Avg.   309 ms, Total. 308.6 ms (0.2%)
[Performance] Application.Shutdown.CleanupStdConverters                                                                                            :        1 samples, Peak.  9.20 us (1.0x), Avg.  9.20 us, Total. 9.200 us (0.0%)
[Performance] Application.Shutdown.UnloadAllPlatformSupportModuleNativeDlls                                                                        :        1 samples, Peak.   400 ns (1.0x), Avg.   400 ns, Total. 400.0 ns (0.0%)
[Performance] Application.Shutdown.UnloadAllPlatformSupportNativeLibraries                                                                         :        1 samples, Peak. 100.0 ns (1.0x), Avg. 100.0 ns, Total. 100.00 ns (0.0%)
[Performance] Application.Shutdown.CleanupAutoDocumentation                                                                                        :        1 samples, Peak.   456 us (1.0x), Avg.   456 us, Total. 456.0 us (0.0%)
[Performance] Application.Shutdown.ShaderNameManagerDestroy                                                                                        :        1 samples, Peak.  55.7 us (1.0x), Avg.  55.7 us, Total. 55.70 us (0.0%)
[Performance] Application.Shutdown.CleanupCacheServer                                                                                              :        1 samples, Peak. 100.0 ns (1.0x), Avg. 100.0 ns, Total. 100.00 ns (0.0%)
[Performance] Application.Shutdown.Virtualization_Shutdown                                                                                         :        1 samples, Peak.   500 ns (1.0x), Avg.   500 ns, Total. 500.0 ns (0.0%)
[Performance] Application.Shutdown.DevConnections                                                                                                  :        1 samples, Peak.  64.5 us (1.0x), Avg.  64.5 us, Total. 64.50 us (0.0%)
Checking for leaked weakptr:
  Found no leaked weakptrs.
[Package Manager] Server::Kill -- Server was shutdown
Memory Statistics:
[ALLOC_TEMP_TLS] TLS Allocator
  StackAllocators : 
    [ALLOC_TEMP_CurlRequest]
      Initial Block Size 64.0 KB
      Current Block Size 64.0 KB
      Peak Allocated Bytes 0 B
      Overflow Count 0
    [ALLOC_TEMP_MAIN]
      Peak usage frame count: [4.0 KB-8.0 KB]: 1437 frames, [8.0 KB-16.0 KB]: 1 frames, [4.0 MB-8.0 MB]: 1 frames, [8.0 MB-16.0 MB]: 1 frames
      Initial Block Size 16.0 MB
      Current Block Size 29.3 MB
      Peak Allocated Bytes 14.6 MB
      Overflow Count 0
    [ALLOC_TEMP_Background Job.Worker 8]
      Initial Block Size 32.0 KB
      Current Block Size 32.0 KB
      Peak Allocated Bytes 54 B
      Overflow Count 0
    [ALLOC_TEMP_Job.Worker 4]
      Initial Block Size 256.0 KB
      Current Block Size 256.0 KB
      Peak Allocated Bytes 109.1 KB
      Overflow Count 1
    [ALLOC_TEMP_AUDIO_FMOD mixer thread]
      Initial Block Size 64.0 KB
      Current Block Size 64.0 KB
      Peak Allocated Bytes 54 B
      Overflow Count 0
    [ALLOC_TEMP_BakingJobs.Worker 5]
      Initial Block Size 256.0 KB
      Current Block Size 256.0 KB
      Peak Allocated Bytes 54 B
      Overflow Count 0
    [ALLOC_TEMP_Background Job.Worker 11]
      Initial Block Size 32.0 KB
      Current Block Size 32.0 KB
      Peak Allocated Bytes 54 B
      Overflow Count 0
    [ALLOC_TEMP_Background Job.Worker 3]
      Initial Block Size 32.0 KB
      Current Block Size 32.0 KB
      Peak Allocated Bytes 54 B
      Overflow Count 0
    [ALLOC_TEMP_BatchDeleteObjects]
      Initial Block Size 64.0 KB
      Current Block Size 64.0 KB
      Peak Allocated Bytes 54 B
      Overflow Count 0
    [ALLOC_TEMP_CoreBusinessMetricsCache]
      Initial Block Size 64.0 KB
      Current Block Size 64.0 KB
      Peak Allocated Bytes 8.0 KB
      Overflow Count 0
    [ALLOC_TEMP_REST Message Handler]
      Initial Block Size 64.0 KB
      Current Block Size 64.0 KB
      Peak Allocated Bytes 54 B
      Overflow Count 0
    [ALLOC_TEMP_AssetDatabase.IOService]
      Initial Block Size 64.0 KB
      Current Block Size 64.0 KB
      Peak Allocated Bytes 54 B
      Overflow Count 0
    [ALLOC_TEMP_Background Job.Worker 2]
      Initial Block Size 32.0 KB
      Current Block Size 32.0 KB
      Peak Allocated Bytes 1.4 KB
      Overflow Count 0
    [ALLOC_TEMP_Job.Worker 10]
      Initial Block Size 256.0 KB
      Current Block Size 292.0 KB
      Peak Allocated Bytes 194.6 KB
      Overflow Count 0
    [ALLOC_TEMP_Loading.PreloadManager] x 2
      Initial Block Size 32.0 MB
      Current Block Size 54.4 MB
      Peak Allocated Bytes 39.5 MB
      Overflow Count 0
    [ALLOC_TEMP_Profiler.Dispatcher]
      Initial Block Size 64.0 KB
      Current Block Size 64.0 KB
      Peak Allocated Bytes 0 B
      Overflow Count 0
    [ALLOC_TEMP_Job.Worker 3]
      Initial Block Size 256.0 KB
      Current Block Size 256.0 KB
      Peak Allocated Bytes 159.3 KB
      Overflow Count 1
    [ALLOC_TEMP_Background Job.Worker 5]
      Initial Block Size 32.0 KB
      Current Block Size 32.0 KB
      Peak Allocated Bytes 54 B
      Overflow Count 0
    [ALLOC_TEMP_CurlRequest]
      Initial Block Size 64.0 KB
      Current Block Size 64.0 KB
      Peak Allocated Bytes 0 B
      Overflow Count 0
    [ALLOC_TEMP_Background Job.Worker 13]
      Initial Block Size 32.0 KB
      Current Block Size 32.0 KB
      Peak Allocated Bytes 54 B
      Overflow Count 0
    [ALLOC_TEMP_Job.Worker 2]
      Initial Block Size 256.0 KB
      Current Block Size 292.0 KB
      Peak Allocated Bytes 194.3 KB
      Overflow Count 1
    [ALLOC_TEMP_Job.Worker 6]
      Initial Block Size 256.0 KB
      Current Block Size 256.0 KB
      Peak Allocated Bytes 66.2 KB
      Overflow Count 1
    [ALLOC_TEMP_Job.Worker 0]
      Initial Block Size 256.0 KB
      Current Block Size 256.0 KB
      Peak Allocated Bytes 100.9 KB
      Overflow Count 1
    [ALLOC_TEMP_Job.Worker 5]
      Initial Block Size 256.0 KB
      Current Block Size 256.0 KB
      Peak Allocated Bytes 133.1 KB
      Overflow Count 1
    [ALLOC_TEMP_ReadCacheIndex] x 2
      Initial Block Size 64.0 KB
      Current Block Size 64.0 KB
      Peak Allocated Bytes 0.7 KB
      Overflow Count 0
    [ALLOC_TEMP_EnlightenWorker] x 12
      Initial Block Size 64.0 KB
      Current Block Size 64.0 KB
      Peak Allocated Bytes 54 B
      Overflow Count 0
    [ALLOC_TEMP_DirMonitor]
      Initial Block Size 64.0 KB
      Current Block Size 64.0 KB
      Peak Allocated Bytes 0.9 KB
      Overflow Count 0
    [ALLOC_TEMP_Job.Worker 9]
      Initial Block Size 256.0 KB
      Current Block Size 308.0 KB
      Peak Allocated Bytes 205.7 KB
      Overflow Count 1
    [ALLOC_TEMP_Background Job.Worker 9]
      Initial Block Size 32.0 KB
      Current Block Size 32.0 KB
      Peak Allocated Bytes 54 B
      Overflow Count 0
    [ALLOC_TEMP_BakingJobs.Worker 1]
      Initial Block Size 256.0 KB
      Current Block Size 256.0 KB
      Peak Allocated Bytes 0.6 KB
      Overflow Count 0
    [ALLOC_TEMP_Loading.AsyncRead]
      Initial Block Size 64.0 KB
      Current Block Size 64.0 KB
      Peak Allocated Bytes 128 B
      Overflow Count 0
    [ALLOC_TEMP_Background Job.Worker 10]
      Initial Block Size 32.0 KB
      Current Block Size 32.0 KB
      Peak Allocated Bytes 54 B
      Overflow Count 0
    [ALLOC_TEMP_Background Job.Worker 6]
      Initial Block Size 32.0 KB
      Current Block Size 32.0 KB
      Peak Allocated Bytes 54 B
      Overflow Count 0
    [ALLOC_TEMP_AUDIO_FMOD (WASAPI) feeder thread]
      Initial Block Size 64.0 KB
      Current Block Size 64.0 KB
      Peak Allocated Bytes 168 B
      Overflow Count 0
    [ALLOC_TEMP_Background Job.Worker 1]
      Initial Block Size 32.0 KB
      Current Block Size 248.0 KB
      Peak Allocated Bytes 191.5 KB
      Overflow Count 2
    [ALLOC_TEMP_AUDIO_FMOD stream thread]
      Initial Block Size 64.0 KB
      Current Block Size 64.0 KB
      Peak Allocated Bytes 54 B
      Overflow Count 0
    [ALLOC_TEMP_BakingJobs.Worker 2]
      Initial Block Size 256.0 KB
      Current Block Size 256.0 KB
      Peak Allocated Bytes 54 B
      Overflow Count 0
    [ALLOC_TEMP_Background Job.Worker 7]
      Initial Block Size 32.0 KB
      Current Block Size 32.0 KB
      Peak Allocated Bytes 54 B
      Overflow Count 0
    [ALLOC_TEMP_Job.Worker 8]
      Initial Block Size 256.0 KB
      Current Block Size 256.0 KB
      Peak Allocated Bytes 152.4 KB
      Overflow Count 1
    [ALLOC_TEMP_Job.Worker 1]
      Initial Block Size 256.0 KB
      Current Block Size 256.0 KB
      Peak Allocated Bytes 114.4 KB
      Overflow Count 1
    [ALLOC_TEMP_BakingJobs.Worker 0]
      Initial Block Size 256.0 KB
      Current Block Size 256.0 KB
      Peak Allocated Bytes 54 B
      Overflow Count 0
    [ALLOC_TEMP_BakingJobs.Worker 3]
      Initial Block Size 256.0 KB
      Current Block Size 256.0 KB
      Peak Allocated Bytes 54 B
      Overflow Count 0
    [ALLOC_TEMP_EditorTaskManager]
      Initial Block Size 64.0 KB
      Current Block Size 68.0 KB
      Peak Allocated Bytes 64.0 KB
      Overflow Count 0
    [ALLOC_TEMP_Background Job.Worker 15]
      Initial Block Size 32.0 KB
      Current Block Size 32.0 KB
      Peak Allocated Bytes 54 B
      Overflow Count 0
    [ALLOC_TEMP_BakingJobs.Worker 4]
      Initial Block Size 256.0 KB
      Current Block Size 256.0 KB
      Peak Allocated Bytes 54 B
      Overflow Count 0
    [ALLOC_TEMP_Background Job.Worker 12]
      Initial Block Size 32.0 KB
      Current Block Size 32.0 KB
      Peak Allocated Bytes 54 B
      Overflow Count 0
    [ALLOC_TEMP_HTTP REST Server]
      Initial Block Size 64.0 KB
      Current Block Size 64.0 KB
      Peak Allocated Bytes 152 B
      Overflow Count 0
    [ALLOC_TEMP_AssetGarbageCollectorHelper] x 11
      Initial Block Size 64.0 KB
      Current Block Size 64.0 KB
      Peak Allocated Bytes 0 B
      Overflow Count 0
    [ALLOC_TEMP_Background Job.Worker 0]
      Initial Block Size 32.0 KB
      Current Block Size 32.0 KB
      Peak Allocated Bytes 54 B
      Overflow Count 0
    [ALLOC_TEMP_Background Job.Worker 4]
      Initial Block Size 32.0 KB
      Current Block Size 32.0 KB
      Peak Allocated Bytes 54 B
      Overflow Count 0
    [ALLOC_TEMP_Background Job.Worker 14]
      Initial Block Size 32.0 KB
      Current Block Size 32.0 KB
      Peak Allocated Bytes 54 B
      Overflow Count 0
    [ALLOC_TEMP_Job.Worker 7]
      Initial Block Size 256.0 KB
      Current Block Size 300.0 KB
      Peak Allocated Bytes 200.4 KB
      Overflow Count 1
    [ALLOC_TEMP_CloudJob.Worker 0]
      Initial Block Size 32.0 KB
      Current Block Size 32.0 KB
      Peak Allocated Bytes 5.0 KB
      Overflow Count 0
[ALLOC_MEMORYPROFILER]
  Peak usage frame count: [1.0 MB-2.0 MB]: 1440 frames
  Requested Block Size 1.0 MB
  Peak Block count 2
  Peak Allocated memory 1.3 MB
  Peak Large allocation bytes 0 B
[ALLOC_DEFAULT] Dual Thread Allocator
  Peak main deferred allocation count 4312
    [ALLOC_BUCKET]
      Large Block size 32.0 MB
      Used Block count 2
      Peak Allocated bytes 20.2 MB
    [ALLOC_DEFAULT_MAIN]
      Peak usage frame count: [128.0 MB-256.0 MB]: 1440 frames
      Requested Block Size 16.0 MB
      Peak Block count 14
      Peak Allocated memory 242.3 MB
      Peak Large allocation bytes 43.6 MB
    [ALLOC_DEFAULT_THREAD]
      Peak usage frame count: [8.0 MB-16.0 MB]: 1439 frames, [128.0 MB-256.0 MB]: 1 frames
      Requested Block Size 16.0 MB
      Peak Block count 2
      Peak Allocated memory 128.3 MB
      Peak Large allocation bytes 128.0 MB
[ALLOC_TEMP_JOB_1_FRAME]
  Initial Block Size 2.0 MB
  Used Block Count 0
  Overflow Count (too large) 0
  Overflow Count (full) 0
[ALLOC_TEMP_JOB_2_FRAMES]
  Initial Block Size 2.0 MB
  Used Block Count 0
  Overflow Count (too large) 0
  Overflow Count (full) 0
[ALLOC_TEMP_JOB_4_FRAMES (JobTemp)]
  Initial Block Size 2.0 MB
  Used Block Count 1
  Overflow Count (too large) 0
  Overflow Count (full) 0
[ALLOC_TEMP_JOB_ASYNC (Background)]
  Initial Block Size 1.0 MB
  Used Block Count 1
  Overflow Count (too large) 5
  Overflow Count (full) 0
[ALLOC_GFX] Dual Thread Allocator
  Peak main deferred allocation count 54
    [ALLOC_BUCKET]
      Large Block size 32.0 MB
      Used Block count 2
      Peak Allocated bytes 20.2 MB
    [ALLOC_GFX_MAIN]
      Peak usage frame count: [32.0 MB-64.0 MB]: 1440 frames
      Requested Block Size 16.0 MB
      Peak Block count 3
      Peak Allocated memory 41.5 MB
      Peak Large allocation bytes 0 B
    [ALLOC_GFX_THREAD]
      Peak usage frame count: [32.0 MB-64.0 MB]: 1440 frames
      Requested Block Size 16.0 MB
      Peak Block count 1
      Peak Allocated memory 32.1 MB
      Peak Large allocation bytes 32.0 MB
[ALLOC_CACHEOBJECTS] Dual Thread Allocator
  Peak main deferred allocation count 3342
    [ALLOC_BUCKET]
      Large Block size 32.0 MB
      Used Block count 2
      Peak Allocated bytes 20.2 MB
    [ALLOC_CACHEOBJECTS_MAIN]
      Peak usage frame count: [32.0 MB-64.0 MB]: 1439 frames, [64.0 MB-128.0 MB]: 1 frames
      Requested Block Size 4.0 MB
      Peak Block count 35
      Peak Allocated memory 93.4 MB
      Peak Large allocation bytes 25.0 MB
    [ALLOC_CACHEOBJECTS_THREAD]
      Peak usage frame count: [16.0 MB-32.0 MB]: 1439 frames, [32.0 MB-64.0 MB]: 1 frames
      Requested Block Size 4.0 MB
      Peak Block count 9
      Peak Allocated memory 50.5 MB
      Peak Large allocation bytes 15.1 MB
[ALLOC_TYPETREE] Dual Thread Allocator
  Peak main deferred allocation count 4168
    [ALLOC_BUCKET]
      Large Block size 32.0 MB
      Used Block count 2
      Peak Allocated bytes 20.2 MB
    [ALLOC_TYPETREE_MAIN]
      Peak usage frame count: [2.0 MB-4.0 MB]: 1439 frames, [32.0 MB-64.0 MB]: 1 frames
      Requested Block Size 2.0 MB
      Peak Block count 20
      Peak Allocated memory 36.2 MB
      Peak Large allocation bytes 0 B
    [ALLOC_TYPETREE_THREAD]
      Peak usage frame count: [0.5 MB-1.0 MB]: 1439 frames, [8.0 MB-16.0 MB]: 1 frames
      Requested Block Size 2.0 MB
      Peak Block count 7
      Peak Allocated memory 12.5 MB
      Peak Large allocation bytes 0 B
[ALLOC_PROFILER]
  Peak usage frame count: [256.0 KB-0.5 MB]: 1440 frames
  Requested Block Size 16.0 MB
  Peak Block count 1
  Peak Allocated memory 489.0 KB
  Peak Large allocation bytes 0 B
    [ALLOC_PROFILER_BUCKET]
      Large Block size 32.0 MB
      Used Block count 1
      Peak Allocated bytes 4.5 KB
[ALLOC_PROFILER_EDITOR]
  Peak usage frame count: [0-1.0 KB]: 1440 frames
  Requested Block Size 1.0 MB
  Peak Block count 0
  Peak Allocated memory 0 B
  Peak Large allocation bytes 0 B
    [ALLOC_PROFILER_BUCKET]
      Large Block size 32.0 MB
      Used Block count 1
      Peak Allocated bytes 4.5 KB
##utp:{"type":"MemoryLeaks","version":2,"phase":"Immediate","time":1791203162896,"processId":58432,"allocatedMemory":36607339,"memoryLabels":[{"Default":20335},{"Permanent":15615},{"NewDelete":82080},{"Thread":4229188},{"Manager":31121},{"VertexData":12},{"Geometry":560},{"Texture":480},{"Shader":68850},{"Material":24},{"GfxDevice":57048},{"Animation":296},{"Audio":3928},{"FontEngine":272},{"Physics":513},{"Serialization":948},{"Input":14744},{"JobScheduler":36368},{"Mono":40},{"ScriptingNativeRuntime":191848},{"BaseObject":1627276},{"Resource":1360},{"Renderer":2304},{"Transform":16},{"File":3805},{"WebCam":96},{"Culling":40},{"Terrain":1137},{"Wind":24},{"STL":48},{"String":31477},{"DynamicArray":130446},{"HashMap":4658664},{"Utility":2662722},{"Curl":1424},{"PoolAlloc":1728},{"AI":104},{"TypeTree":5077},{"ScriptManager":640},{"RuntimeInitializeOnLoadManager":80},{"SpriteAtlas":128},{"GI":4072},{"Director":7960},{"CloudService":3880},{"WebRequest":688},{"VR":46081},{"SceneManager":568},{"Video":72},{"LazyScriptCache":40},{"NativeArray":408},{"Camera":25},{"Secure":1},{"SerializationCache":1584},{"APIUpdating":11872},{"Subsystems":392},{"VirtualTexturing":57896},{"StaticSafetyDebugInfo":327680},{"EditorGui":56},{"EditorUtility":141226},{"VersionControl":4},{"Undo":704},{"AssetDatabase":21134876},{"RestService":1414},{"EditorGi":376},{"License":3584},{"UnityConnect":25344},{"Collab":593},{"Upm":937832},{"DrivenProperties":96},{"LocalIPC":276},{"ProfilerEditor":10943},{"CoreBusinessMetrics":3850},{"AssetReference":40},{"IPCStream":40}]}
