[Licensing::Module] Trying to connect to existing licensing client channel...
[Licensing::IpcConnector] Successfully connected to: "LicenseClient-kyung" at "2026-10-05T12:49:10.702854Z"
[Licensing::Client] Code 10 while verifying Licensing Client signature (process Id: 57992, path: "C:/Program Files/Unity Hub/UnityLicensingClient_V1/Unity.Licensing.Client.exe")
[Licensing::Module] LicensingClient has failed validation; ignoring
[Licensing::Client] Handshaking with LicensingClient:
  Version:                 1.17.4+4293ba1
  Session Id:              da944c48fba34fb59c46c57fa3e03203
  Correlation Id:          3d91975baac454f5671ab4926121f70f
  External correlation Id: 1237108966106994546
  Machine Id:              sgq3U92oUHjAYY2K+5R//JWuJmw=
[Licensing::Module] Successfully connected to LicensingClient on channel: "LicenseClient-kyung" (connect: 0.00s, validation: 0.01s, handshake: 0.04s)
[Licensing::IpcConnector] Successfully connected to: "LicenseClient-kyung-notifications" at "2026-10-05T12:49:10.7546837Z"
[Licensing::Module] Error: Access token is unavailable; failed to update
[Licensing::Client] Successfully updated license
Built from '2022.3/respin/2022.3.62f2-4af31df585-v2' branch; Version is '2022.3.62f2 (7670c08855a9) revision 7762112'; Using compiler version '192829333'; Build Type 'Release'
OS: 'Windows 10  (10.0.19045) 64bit Core' Language: 'ko' Physical Memory: 24514 MB
[Licensing::Client] Successfully resolved entitlement details
[Licensing::Module] Serial number assigned to: "F4-6RG9-4KD6-T4HW-2SXE-XXXX"
[Licensing::Module] Serial number assigned to: "14568601583659-UnityPersXXXX"
BatchMode: 1, IsHumanControllingUs: 0, StartBugReporterOnCrash: 0, Is64bit: 1, IsPro: 0
[Licensing::Client] Successfully resolved entitlement details
[Licensing::Module] Serial number assigned to: "F4-6RG9-4KD6-T4HW-2SXE-XXXX"
[Licensing::Module] Serial number assigned to: "14568601583659-UnityPersXXXX"

COMMAND LINE ARGUMENTS:
C:\Program Files\Unity\Hub\Editor\2022.3.62f2\Editor\Unity.exe
-batchmode
-projectPath
C:/RoguelikePrototype/tmp/laser-offset-check
-executeMethod
LaserOffsetBatch.Start
-logFile
C:/RoguelikePrototype/output/laser-offset/unity-pose-batch.log
Successfully changed project path to: C:/RoguelikePrototype/tmp/laser-offset-check
C:/RoguelikePrototype/tmp/laser-offset-check
[UnityMemory] Configuration Parameters - Can be set up in boot.config
    "memorysetup-bucket-allocator-granularity=16"
    "memorysetup-bucket-allocator-bucket-count=8"
    "memorysetup-bucket-allocator-block-size=33554432"
    "memorysetup-bucket-allocator-block-count=8"
    "memorysetup-main-allocator-block-size=16777216"
    "memorysetup-thread-allocator-block-size=16777216"
    "memorysetup-gfx-main-allocator-block-size=16777216"
    "memorysetup-gfx-thread-allocator-block-size=16777216"
    "memorysetup-cache-allocator-block-size=4194304"
    "memorysetup-typetree-allocator-block-size=2097152"
    "memorysetup-profiler-bucket-allocator-granularity=16"
    "memorysetup-profiler-bucket-allocator-bucket-count=8"
    "memorysetup-profiler-bucket-allocator-block-size=33554432"
    "memorysetup-profiler-bucket-allocator-block-count=8"
    "memorysetup-profiler-allocator-block-size=16777216"
    "memorysetup-profiler-editor-allocator-block-size=1048576"
    "memorysetup-temp-allocator-size-main=16777216"
    "memorysetup-job-temp-allocator-block-size=2097152"
    "memorysetup-job-temp-allocator-block-size-background=1048576"
    "memorysetup-job-temp-allocator-reduction-small-platforms=262144"
    "memorysetup-allocator-temp-initial-block-size-main=262144"
    "memorysetup-allocator-temp-initial-block-size-worker=262144"
    "memorysetup-temp-allocator-size-background-worker=32768"
    "memorysetup-temp-allocator-size-job-worker=262144"
    "memorysetup-temp-allocator-size-preload-manager=33554432"
    "memorysetup-temp-allocator-size-nav-mesh-worker=65536"
    "memorysetup-temp-allocator-size-audio-worker=65536"
    "memorysetup-temp-allocator-size-cloud-worker=32768"
    "memorysetup-temp-allocator-size-gi-baking-worker=262144"
    "memorysetup-temp-allocator-size-gfx=262144"
Player connection [42504]  Target information:

Player connection [42504]  * "[IP] 192.168.0.14 [Port] 55505 [Flags] 2 [Guid] 3112617728 [EditorId] 3112617728 [Version] 1048832 [Id] WindowsEditor(7,DESKTOP-HR3SF2C) [Debug] 1 [PackageName] WindowsEditor [ProjectName] Editor" 

Player connection [42504] Host joined multi-casting on [225.0.0.222:54997]...
Player connection [42504] Host joined alternative multi-casting on [225.0.0.222:34997]...
Input System module state changed to: Initialized.
[PhysX] Initialized MultithreadedTaskDispatcher with 12 workers.
[Package Manager] UpmClient::Connect -- Connected to IPC stream "Upm-9296" after 0.5 seconds.
[Package Manager] Done resolving packages in 0.83 seconds
[Licensing::Client] Successfully resolved entitlement details
[Package Manager] Lock file was modified
[Package Manager] Registered 68 packages:
  Local packages:
    com.h8man.2d.navmeshplus@file:C:\RoguelikePrototype\Library\PackageCache\com.h8man.2d.navmeshplus@53de7d5c64 (location: C:\RoguelikePrototype\Library\PackageCache\com.h8man.2d.navmeshplus@53de7d5c64)
    com.unity.2d.animation@file:C:\RoguelikePrototype\Library\PackageCache\com.unity.2d.animation@9.2.2 (location: C:\RoguelikePrototype\Library\PackageCache\com.unity.2d.animation@9.2.2)
    com.unity.2d.aseprite@file:C:\RoguelikePrototype\Library\PackageCache\com.unity.2d.aseprite@1.1.11 (location: C:\RoguelikePrototype\Library\PackageCache\com.unity.2d.aseprite@1.1.11)
    com.unity.2d.common@file:C:\RoguelikePrototype\Library\PackageCache\com.unity.2d.common@8.1.1 (location: C:\RoguelikePrototype\Library\PackageCache\com.unity.2d.common@8.1.1)
    com.unity.2d.pixel-perfect@file:C:\RoguelikePrototype\Library\PackageCache\com.unity.2d.pixel-perfect@5.1.0 (location: C:\RoguelikePrototype\Library\PackageCache\com.unity.2d.pixel-perfect@5.1.0)
    com.unity.2d.psdimporter@file:C:\RoguelikePrototype\Library\PackageCache\com.unity.2d.psdimporter@8.1.0 (location: C:\RoguelikePrototype\Library\PackageCache\com.unity.2d.psdimporter@8.1.0)
    com.unity.2d.sprite@file:C:\RoguelikePrototype\Library\PackageCache\com.unity.2d.sprite@1.0.0 (location: C:\RoguelikePrototype\Library\PackageCache\com.unity.2d.sprite@1.0.0)
    com.unity.2d.spriteshape@file:C:\RoguelikePrototype\Library\PackageCache\com.unity.2d.spriteshape@9.1.0 (location: C:\RoguelikePrototype\Library\PackageCache\com.unity.2d.spriteshape@9.1.0)
    com.unity.2d.tilemap.extras@file:C:\RoguelikePrototype\Library\PackageCache\com.unity.2d.tilemap.extras@3.1.3 (location: C:\RoguelikePrototype\Library\PackageCache\com.unity.2d.tilemap.extras@3.1.3)
    com.unity.2d.tilemap@file:C:\RoguelikePrototype\Library\PackageCache\com.unity.2d.tilemap@1.0.0 (location: C:\RoguelikePrototype\Library\PackageCache\com.unity.2d.tilemap@1.0.0)
    com.unity.addressables@file:C:\RoguelikePrototype\Library\PackageCache\com.unity.addressables@1.22.3 (location: C:\RoguelikePrototype\Library\PackageCache\com.unity.addressables@1.22.3)
    com.unity.ai.navigation@file:C:\RoguelikePrototype\Library\PackageCache\com.unity.ai.navigation@1.1.7 (location: C:\RoguelikePrototype\Library\PackageCache\com.unity.ai.navigation@1.1.7)
    com.unity.burst@file:C:\RoguelikePrototype\Library\PackageCache\com.unity.burst@1.8.21 (location: C:\RoguelikePrototype\Library\PackageCache\com.unity.burst@1.8.21)
    com.unity.collab-proxy@file:C:\RoguelikePrototype\Library\PackageCache\com.unity.collab-proxy@2.8.2 (location: C:\RoguelikePrototype\Library\PackageCache\com.unity.collab-proxy@2.8.2)
    com.unity.collections@file:C:\RoguelikePrototype\Library\PackageCache\com.unity.collections@1.2.4 (location: C:\RoguelikePrototype\Library\PackageCache\com.unity.collections@1.2.4)
    com.unity.ext.nunit@file:C:\RoguelikePrototype\Library\PackageCache\com.unity.ext.nunit@1.0.6 (location: C:\RoguelikePrototype\Library\PackageCache\com.unity.ext.nunit@1.0.6)
    com.unity.feature.2d@file:C:\RoguelikePrototype\Library\PackageCache\com.unity.feature.2d@2.0.1 (location: C:\RoguelikePrototype\Library\PackageCache\com.unity.feature.2d@2.0.1)
    com.unity.ide.rider@file:C:\RoguelikePrototype\Library\PackageCache\com.unity.ide.rider@3.0.36 (location: C:\RoguelikePrototype\Library\PackageCache\com.unity.ide.rider@3.0.36)
    com.unity.ide.visualstudio@file:C:\RoguelikePrototype\Library\PackageCache\com.unity.ide.visualstudio@2.0.22 (location: C:\RoguelikePrototype\Library\PackageCache\com.unity.ide.visualstudio@2.0.22)
    com.unity.ide.windsurf@file:C:\RoguelikePrototype\Library\PackageCache\com.unity.ide.windsurf@6161accf3e (location: C:\RoguelikePrototype\Library\PackageCache\com.unity.ide.windsurf@6161accf3e)
    com.unity.inputsystem@file:C:\RoguelikePrototype\Library\PackageCache\com.unity.inputsystem@1.14.0 (location: C:\RoguelikePrototype\Library\PackageCache\com.unity.inputsystem@1.14.0)
    com.unity.localization@file:C:\RoguelikePrototype\Library\PackageCache\com.unity.localization@1.4.3 (location: C:\RoguelikePrototype\Library\PackageCache\com.unity.localization@1.4.3)
    com.unity.mathematics@file:C:\RoguelikePrototype\Library\PackageCache\com.unity.mathematics@1.2.6 (location: C:\RoguelikePrototype\Library\PackageCache\com.unity.mathematics@1.2.6)
    com.unity.modules.ai@file:C:\RoguelikePrototype\Library\PackageCache\com.unity.modules.ai@1.0.0 (location: C:\RoguelikePrototype\Library\PackageCache\com.unity.modules.ai@1.0.0)
    com.unity.modules.androidjni@file:C:\RoguelikePrototype\Library\PackageCache\com.unity.modules.androidjni@1.0.0 (location: C:\RoguelikePrototype\Library\PackageCache\com.unity.modules.androidjni@1.0.0)
    com.unity.modules.animation@file:C:\RoguelikePrototype\Library\PackageCache\com.unity.modules.animation@1.0.0 (location: C:\RoguelikePrototype\Library\PackageCache\com.unity.modules.animation@1.0.0)
    com.unity.modules.assetbundle@file:C:\RoguelikePrototype\Library\PackageCache\com.unity.modules.assetbundle@1.0.0 (location: C:\RoguelikePrototype\Library\PackageCache\com.unity.modules.assetbundle@1.0.0)
    com.unity.modules.audio@file:C:\RoguelikePrototype\Library\PackageCache\com.unity.modules.audio@1.0.0 (location: C:\RoguelikePrototype\Library\PackageCache\com.unity.modules.audio@1.0.0)
    com.unity.modules.cloth@file:C:\RoguelikePrototype\Library\PackageCache\com.unity.modules.cloth@1.0.0 (location: C:\RoguelikePrototype\Library\PackageCache\com.unity.modules.cloth@1.0.0)
    com.unity.modules.director@file:C:\RoguelikePrototype\Library\PackageCache\com.unity.modules.director@1.0.0 (location: C:\RoguelikePrototype\Library\PackageCache\com.unity.modules.director@1.0.0)
    com.unity.modules.imageconversion@file:C:\RoguelikePrototype\Library\PackageCache\com.unity.modules.imageconversion@1.0.0 (location: C:\RoguelikePrototype\Library\PackageCache\com.unity.modules.imageconversion@1.0.0)
    com.unity.modules.imgui@file:C:\RoguelikePrototype\Library\PackageCache\com.unity.modules.imgui@1.0.0 (location: C:\RoguelikePrototype\Library\PackageCache\com.unity.modules.imgui@1.0.0)
    com.unity.modules.jsonserialize@file:C:\RoguelikePrototype\Library\PackageCache\com.unity.modules.jsonserialize@1.0.0 (location: C:\RoguelikePrototype\Library\PackageCache\com.unity.modules.jsonserialize@1.0.0)
    com.unity.modules.particlesystem@file:C:\RoguelikePrototype\Library\PackageCache\com.unity.modules.particlesystem@1.0.0 (location: C:\RoguelikePrototype\Library\PackageCache\com.unity.modules.particlesystem@1.0.0)
    com.unity.modules.physics@file:C:\RoguelikePrototype\Library\PackageCache\com.unity.modules.physics@1.0.0 (location: C:\RoguelikePrototype\Library\PackageCache\com.unity.modules.physics@1.0.0)
    com.unity.modules.physics2d@file:C:\RoguelikePrototype\Library\PackageCache\com.unity.modules.physics2d@1.0.0 (location: C:\RoguelikePrototype\Library\PackageCache\com.unity.modules.physics2d@1.0.0)
    com.unity.modules.screencapture@file:C:\RoguelikePrototype\Library\PackageCache\com.unity.modules.screencapture@1.0.0 (location: C:\RoguelikePrototype\Library\PackageCache\com.unity.modules.screencapture@1.0.0)
    com.unity.modules.subsystems@file:C:\RoguelikePrototype\Library\PackageCache\com.unity.modules.subsystems@1.0.0 (location: C:\RoguelikePrototype\Library\PackageCache\com.unity.modules.subsystems@1.0.0)
    com.unity.modules.terrain@file:C:\RoguelikePrototype\Library\PackageCache\com.unity.modules.terrain@1.0.0 (location: C:\RoguelikePrototype\Library\PackageCache\com.unity.modules.terrain@1.0.0)
    com.unity.modules.terrainphysics@file:C:\RoguelikePrototype\Library\PackageCache\com.unity.modules.terrainphysics@1.0.0 (location: C:\RoguelikePrototype\Library\PackageCache\com.unity.modules.terrainphysics@1.0.0)
    com.unity.modules.tilemap@file:C:\RoguelikePrototype\Library\PackageCache\com.unity.modules.tilemap@1.0.0 (location: C:\RoguelikePrototype\Library\PackageCache\com.unity.modules.tilemap@1.0.0)
    com.unity.modules.ui@file:C:\RoguelikePrototype\Library\PackageCache\com.unity.modules.ui@1.0.0 (location: C:\RoguelikePrototype\Library\PackageCache\com.unity.modules.ui@1.0.0)
    com.unity.modules.uielements@file:C:\RoguelikePrototype\Library\PackageCache\com.unity.modules.uielements@1.0.0 (location: C:\RoguelikePrototype\Library\PackageCache\com.unity.modules.uielements@1.0.0)
    com.unity.modules.umbra@file:C:\RoguelikePrototype\Library\PackageCache\com.unity.modules.umbra@1.0.0 (location: C:\RoguelikePrototype\Library\PackageCache\com.unity.modules.umbra@1.0.0)
    com.unity.modules.unityanalytics@file:C:\RoguelikePrototype\Library\PackageCache\com.unity.modules.unityanalytics@1.0.0 (location: C:\RoguelikePrototype\Library\PackageCache\com.unity.modules.unityanalytics@1.0.0)
    com.unity.modules.unitywebrequest@file:C:\RoguelikePrototype\Library\PackageCache\com.unity.modules.unitywebrequest@1.0.0 (location: C:\RoguelikePrototype\Library\PackageCache\com.unity.modules.unitywebrequest@1.0.0)
    com.unity.modules.unitywebrequestassetbundle@file:C:\RoguelikePrototype\Library\PackageCache\com.unity.modules.unitywebrequestassetbundle@1.0.0 (location: C:\RoguelikePrototype\Library\PackageCache\com.unity.modules.unitywebrequestassetbundle@1.0.0)
    com.unity.modules.unitywebrequestaudio@file:C:\RoguelikePrototype\Library\PackageCache\com.unity.modules.unitywebrequestaudio@1.0.0 (location: C:\RoguelikePrototype\Library\PackageCache\com.unity.modules.unitywebrequestaudio@1.0.0)
    com.unity.modules.unitywebrequesttexture@file:C:\RoguelikePrototype\Library\PackageCache\com.unity.modules.unitywebrequesttexture@1.0.0 (location: C:\RoguelikePrototype\Library\PackageCache\com.unity.modules.unitywebrequesttexture@1.0.0)
    com.unity.modules.unitywebrequestwww@file:C:\RoguelikePrototype\Library\PackageCache\com.unity.modules.unitywebrequestwww@1.0.0 (location: C:\RoguelikePrototype\Library\PackageCache\com.unity.modules.unitywebrequestwww@1.0.0)
    com.unity.modules.vehicles@file:C:\RoguelikePrototype\Library\PackageCache\com.unity.modules.vehicles@1.0.0 (location: C:\RoguelikePrototype\Library\PackageCache\com.unity.modules.vehicles@1.0.0)
    com.unity.modules.video@file:C:\RoguelikePrototype\Library\PackageCache\com.unity.modules.video@1.0.0 (location: C:\RoguelikePrototype\Library\PackageCache\com.unity.modules.video@1.0.0)
    com.unity.modules.vr@file:C:\RoguelikePrototype\Library\PackageCache\com.unity.modules.vr@1.0.0 (location: C:\RoguelikePrototype\Library\PackageCache\com.unity.modules.vr@1.0.0)
    com.unity.modules.wind@file:C:\RoguelikePrototype\Library\PackageCache\com.unity.modules.wind@1.0.0 (location: C:\RoguelikePrototype\Library\PackageCache\com.unity.modules.wind@1.0.0)
    com.unity.modules.xr@file:C:\RoguelikePrototype\Library\PackageCache\com.unity.modules.xr@1.0.0 (location: C:\RoguelikePrototype\Library\PackageCache\com.unity.modules.xr@1.0.0)
    com.unity.nuget.newtonsoft-json@file:C:\RoguelikePrototype\Library\PackageCache\com.unity.nuget.newtonsoft-json@3.2.1 (location: C:\RoguelikePrototype\Library\PackageCache\com.unity.nuget.newtonsoft-json@3.2.1)
    com.unity.render-pipelines.core@file:C:\RoguelikePrototype\Library\PackageCache\com.unity.render-pipelines.core@14.0.12 (location: C:\RoguelikePrototype\Library\PackageCache\com.unity.render-pipelines.core@14.0.12)
    com.unity.render-pipelines.universal-config@file:C:\RoguelikePrototype\Library\PackageCache\com.unity.render-pipelines.universal-config@14.0.10 (location: C:\RoguelikePrototype\Library\PackageCache\com.unity.render-pipelines.universal-config@14.0.10)
    com.unity.render-pipelines.universal@file:C:\RoguelikePrototype\Library\PackageCache\com.unity.render-pipelines.universal@14.0.12 (location: C:\RoguelikePrototype\Library\PackageCache\com.unity.render-pipelines.universal@14.0.12)
    com.unity.scriptablebuildpipeline@file:C:\RoguelikePrototype\Library\PackageCache\com.unity.scriptablebuildpipeline@1.21.25 (location: C:\RoguelikePrototype\Library\PackageCache\com.unity.scriptablebuildpipeline@1.21.25)
    com.unity.searcher@file:C:\RoguelikePrototype\Library\PackageCache\com.unity.searcher@4.9.2 (location: C:\RoguelikePrototype\Library\PackageCache\com.unity.searcher@4.9.2)
    com.unity.shadergraph@file:C:\RoguelikePrototype\Library\PackageCache\com.unity.shadergraph@14.0.12 (location: C:\RoguelikePrototype\Library\PackageCache\com.unity.shadergraph@14.0.12)
    com.unity.test-framework@file:C:\RoguelikePrototype\Library\PackageCache\com.unity.test-framework@1.1.33 (location: C:\RoguelikePrototype\Library\PackageCache\com.unity.test-framework@1.1.33)
    com.unity.textmeshpro@file:C:\RoguelikePrototype\Library\PackageCache\com.unity.textmeshpro@3.0.7 (location: C:\RoguelikePrototype\Library\PackageCache\com.unity.textmeshpro@3.0.7)
    com.unity.timeline@file:C:\RoguelikePrototype\Library\PackageCache\com.unity.timeline@1.7.7 (location: C:\RoguelikePrototype\Library\PackageCache\com.unity.timeline@1.7.7)
    com.unity.ugui@file:C:\RoguelikePrototype\Library\PackageCache\com.unity.ugui@1.0.0 (location: C:\RoguelikePrototype\Library\PackageCache\com.unity.ugui@1.0.0)
    com.unity.visualscripting@file:C:\RoguelikePrototype\Library\PackageCache\com.unity.visualscripting@1.9.4 (location: C:\RoguelikePrototype\Library\PackageCache\com.unity.visualscripting@1.9.4)
    jp.hadashikick.vcontainer@file:C:\RoguelikePrototype\Library\PackageCache\jp.hadashikick.vcontainer@1.17.0 (location: C:\RoguelikePrototype\Library\PackageCache\jp.hadashikick.vcontainer@1.17.0)
[Subsystems] No new subsystems found in resolved package list.
Package Manager log level set to [2]
[Package Manager] Done registering packages in 0.23 seconds
Artifact Garbage Collection - Removed 59 unused hashed content files
Refreshing native plugins compatible for Editor in 17.70 ms, found 4 plugins.
Preloading 0 native plugins for Editor in 0.00 ms.
Initialize engine version: 2022.3.62f2 (7670c08855a9)
[Subsystems] Discovering subsystems at path C:/Program Files/Unity/Hub/Editor/2022.3.62f2/Editor/Data/Resources/UnitySubsystems
[Subsystems] Discovering subsystems at path C:/RoguelikePrototype/tmp/laser-offset-check/Assets
GfxDevice: creating device client; threaded=0; jobified=0
Direct3D:
    Version:  Direct3D 11.0 [level 11.1]
    Renderer: NVIDIA GeForce GTX 1660 Ti (ID=0x2182)
    Vendor:   NVIDIA
    VRAM:     5966 MB
    Driver:   32.0.16.1088
[Licensing::Client] Successfully resolved entitlement details
[Licensing::Module] Serial number assigned to: "F4-6RG9-4KD6-T4HW-2SXE-XXXX"
[Licensing::Module] Serial number assigned to: "14568601583659-UnityPersXXXX"
Initialize mono
Mono path[0] = 'C:/Program Files/Unity/Hub/Editor/2022.3.62f2/Editor/Data/Managed'
Mono path[1] = 'C:/Program Files/Unity/Hub/Editor/2022.3.62f2/Editor/Data/MonoBleedingEdge/lib/mono/unityjit-win32'
Mono config path = 'C:/Program Files/Unity/Hub/Editor/2022.3.62f2/Editor/Data/MonoBleedingEdge/etc'
Using monoOptions --debugger-agent=transport=dt_socket,embedding=1,server=y,suspend=n,address=127.0.0.1:56296
Using cacheserver namespaces - metadata:defaultmetadata, artifacts:defaultartifacts
Using cacheserver namespaces - metadata:defaultmetadata, artifacts:defaultartifacts
ImportWorker Server TCP listen port: 0
Begin MonoManager ReloadAssembly
Registering precompiled unity dll's ...
Register platform support module: C:/Program Files/Unity/Hub/Editor/2022.3.62f2/Editor/Data/PlaybackEngines/WindowsStandaloneSupport/UnityEditor.WindowsStandalone.Extensions.dll
Registered in 0.011376 seconds.
- Loaded All Assemblies, in  0.416 seconds
Native extension for WindowsStandalone target not found
Mono: successfully reloaded assembly
- Finished resetting the current domain, in  0.308 seconds
Domain Reload Profiling: 721ms
	BeginReloadAssembly (127ms)
		ExecutionOrderSort (0ms)
		DisableScriptedObjects (0ms)
		BackupInstance (0ms)
		ReleaseScriptingObjects (0ms)
		CreateAndSetChildDomain (1ms)
	RebuildCommonClasses (40ms)
	RebuildNativeTypeToScriptingClass (12ms)
	initialDomainReloadingComplete (75ms)
	LoadAllAssembliesAndSetupDomain (159ms)
		LoadAssemblies (123ms)
		RebuildTransferFunctionScriptingTraits (0ms)
		AnalyzeDomain (157ms)
			TypeCache.Refresh (155ms)
				TypeCache.ScanAssembly (141ms)
			ScanForSourceGeneratedMonoScriptInfo (0ms)
			ResolveRequiredComponents (0ms)
	FinalizeReload (309ms)
		ReleaseScriptCaches (0ms)
		RebuildScriptCaches (0ms)
		SetupLoadedEditorAssemblies (255ms)
			LogAssemblyErrors (0ms)
			InitializePlatformSupportModulesInManaged (12ms)
			SetLoadedEditorAssemblies (7ms)
			RefreshPlugins (0ms)
			BeforeProcessingInitializeOnLoad (3ms)
			ProcessInitializeOnLoadAttributes (165ms)
			ProcessInitializeOnLoadMethodAttributes (67ms)
			AfterProcessingInitializeOnLoad (0ms)
			EditorAssembliesLoaded (0ms)
		ExecutionOrderSort2 (0ms)
		AwakeInstancesAfterBackupRestoration (0ms)
[Licensing::Client] Successfully resolved entitlement details
[Licensing::Module] Serial number assigned to: "F4-6RG9-4KD6-T4HW-2SXE-XXXX"
[Licensing::Module] Serial number assigned to: "14568601583659-UnityPersXXXX"
Application.AssetDatabase Initial Refresh Start
[ScriptCompilation] Requested script compilation because: Assetdatabase observed changes in script compilation related files
Found a lingering IL Post Processing runner process with PID 24768. Killing it.
UnityEngine.StackTraceUtility:ExtractStackTrace ()
UnityEngine.DebugLogHandler:LogFormat (UnityEngine.LogType,UnityEngine.Object,string,object[])
UnityEngine.Logger:Log (UnityEngine.LogType,object)
UnityEngine.Debug:Log (object)
UnityEditor.Scripting.ScriptCompilation.ILPostProcessingProgram:KillLingeringILPPRunner ()
UnityEditor.Scripting.ScriptCompilation.ILPostProcessingProgram:EnsureRunningAndGetSocketOrNamedPipe ()
UnityEditor.Scripting.ScriptCompilation.UnityBeeDriver:BuildRequestFor (Bee.BeeDriver.RunnableProgram,string,string,bool,string,UnityEditor.Scripting.ScriptCompilation.ILPostProcessingProgram,UnityEditor.Scripting.ScriptCompilation.UnityBeeDriver/CacheMode,Bee.BeeDriver.StdOutMode,Bee.BeeDriver.RunnableProgram)
UnityEditor.Scripting.ScriptCompilation.UnityBeeDriver:BuildRequestFor (Bee.BeeDriver.RunnableProgram,UnityEditor.Scripting.ScriptCompilation.EditorCompilation,string,UnityEditor.Scripting.ScriptCompilation.UnityBeeDriver/CacheMode,string,bool)
UnityEditor.Scripting.ScriptCompilation.EditorCompilation:CompileScriptsWithSettings (UnityEditor.Scripting.ScriptCompilation.ScriptAssemblySettings)
UnityEditor.Scripting.ScriptCompilation.EditorCompilation:CompileScripts (UnityEditor.Scripting.ScriptCompilation.EditorScriptCompilationOptions,UnityEditor.BuildTargetGroup,UnityEditor.BuildTarget,int,string[])
UnityEditor.Scripting.ScriptCompilation.EditorCompilationInterface/<>c__DisplayClass21_0:<CompileScripts>b__0 ()
UnityEditor.Scripting.ScriptCompilation.EditorCompilationInterface:EmitExceptionAsError<UnityEditor.Scripting.ScriptCompilation.EditorCompilation/CompileStatus> (System.Func`1<UnityEditor.Scripting.ScriptCompilation.EditorCompilation/CompileStatus>,UnityEditor.Scripting.ScriptCompilation.EditorCompilation/CompileStatus)
UnityEditor.Scripting.ScriptCompilation.EditorCompilationInterface:CompileScripts (UnityEditor.Scripting.ScriptCompilation.EditorScriptCompilationOptions,UnityEditor.BuildTargetGroup,UnityEditor.BuildTarget,int,string[])

Starting: C:\Program Files\Unity\Hub\Editor\2022.3.62f2\Editor\Data\bee_backend.exe --ipc --defer-dag-verification --dagfile="Library/Bee/1900b0aE.dag" --continue-on-failure --profile="Library/Bee/backend1.traceevents" ScriptAssemblies
WorkingDir: C:/RoguelikePrototype/tmp/laser-offset-check
ExitCode: 4 Duration: 0s52ms
[             ] Require frontend run.  Library/Bee/1900b0aE.dag couldn't be loaded
DisplayProgressbar: Compiling Scripts
Starting: C:\Program Files\Unity\Hub\Editor\2022.3.62f2\Editor\Data\Tools\netcorerun\netcorerun.exe "C:\Program Files\Unity\Hub\Editor\2022.3.62f2\Editor\Data\Tools\BuildPipeline\ScriptCompilationBuildProgram.exe" "Library/Bee/1900b0aE.dag.json" "Library/Bee/1900b0aE-inputdata.json" "Library\Bee\buildprogram0.traceevents"
WorkingDir: C:/RoguelikePrototype/tmp/laser-offset-check
ExitCode: 0 Duration: 0s963ms
Starting: C:\Program Files\Unity\Hub\Editor\2022.3.62f2\Editor\Data\bee_backend.exe --ipc --defer-dag-verification --dagfile="Library/Bee/1900b0aE.dag" --continue-on-failure --dagfilejson="Library\Bee\1900b0aE.dag.json" --profile="Library/Bee/backend2.traceevents" ScriptAssemblies
WorkingDir: C:/RoguelikePrototype/tmp/laser-offset-check
STDOUT:
[ApiUpdater] Total time: 5503ms, Parse response file: 128ms, Collect updater configs: 767ms, Update: 4587ms, Save: 21ms Files: 1 modified / 1 visited / 59 total (Library/Bee/artifacts/1900b0aE.dag/Unity.TextMeshPro.dll).
STDERR:
[Script Updater] Failed to resolve type 'UnityEngine.UIElements.BaseCompositeField<TValueType,TField,TFieldValue>'
[Script Updater] Failed to resolve type 'UnityEngine.UIElements.BasePopupField<TValueType,TValueChoice>'
[Script Updater] Failed to resolve type 'UnityEngine.UIElements.PopupField<T>'
[Script Updater] Failed to resolve type 'UnityEngine.UIElements.IValueField<T>'
[Script Updater] Failed to resolve type 'UnityEngine.UIElements.TextValueField<TValueType>'
[Script Updater] Failed to resolve type 'UnityEngine.UIElements.TextValueFieldTraits<TValueType,TValueUxmlAttributeType>'
[Script Updater] Failed to resolve type 'UnityEngine.UIElements.FieldMouseDragger<T>'
[Script Updater] Failed to resolve type 'UnityEditor.TerrainTools.TerrainPaintTool<T>'
[ApiUpdater] Total time: 5395ms, Parse response file: 131ms, Collect updater configs: 511ms, Update: 4742ms, Save: 11ms Files: 2 modified / 2 visited / 48 total (Library/Bee/artifacts/1900b0aE.dag/Unity.TextMeshPro.Editor.dll).
STDOUT:
[ApiUpdater] Total time: 5510ms, Parse response file: 108ms, Collect updater configs: 534ms, Update: 4860ms, Save: 8ms Files: 1 modified / 1 visited / 170 total (Library/Bee/artifacts/1900b0aE.dag/Unity.Localization.Editor.dll).
STDERR:
[Script Updater] Failed to resolve type 'UnityEngine.UIElements.BaseCompositeField<TValueType,TField,TFieldValue>'
[Script Updater] Failed to resolve type 'UnityEngine.UIElements.BasePopupField<TValueType,TValueChoice>'
[Script Updater] Failed to resolve type 'UnityEngine.UIElements.PopupField<T>'
[Script Updater] Failed to resolve type 'UnityEngine.UIElements.IValueField<T>'
[Script Updater] Failed to resolve type 'UnityEngine.UIElements.TextValueField<TValueType>'
[Script Updater] Failed to resolve type 'UnityEngine.UIElements.TextValueFieldTraits<TValueType,TValueUxmlAttributeType>'
[Script Updater] Failed to resolve type 'UnityEngine.UIElements.FieldMouseDragger<T>'
[Script Updater] Failed to resolve type 'UnityEditor.TerrainTools.TerrainPaintTool<T>'
ExitCode: 0 Duration: 21s
Finished compiling graph: 1049 nodes, 15546 flattened edges (12386 ToBuild, 176 ToUse), maximum node priority 1084
[   1/1046  0s] WriteText Library/Bee/artifacts/1900b0aE.dag/UnityEngine.TestRunner.UnityAdditionalFile.txt
[   2/1046  0s] WriteText Library/Bee/artifacts/1900b0aE.dag/UnityEngine.TestRunner.rsp2
[   3/1046  0s] MovedFromExtractor Library/Bee/artifacts/mvdfrm/UnityEditor.PresetsUIModule.dll_8543097247A90CF5.mvfrm
[   4/1046  0s] MovedFromExtractor Library/Bee/artifacts/mvdfrm/UnityEditor.EditorToolbarModule.dll_B15C70AA7361151B.mvfrm
[   5/1046  0s] MovedFromExtractor Library/Bee/artifacts/mvdfrm/UnityEditor.TextCoreTextEngineModule.dll_6FA62290D2B828D2.mvfrm
[   6/1046  0s] MovedFromExtractor Library/Bee/artifacts/mvdfrm/UnityEditor.SceneViewModule.dll_088CB3983A7381FE.mvfrm
[   7/1046  0s] MovedFromExtractor Library/Bee/artifacts/mvdfrm/UnityEditor.TextCoreFontEngineModule.dll_27BDEC1F43346FB4.mvfrm
[   8/1046  0s] MovedFromExtractor Library/Bee/artifacts/mvdfrm/UnityEditor.UIBuilderModule.dll_1E657DACB8092E24.mvfrm
[   9/1046  0s] MovedFromExtractor Library/Bee/artifacts/mvdfrm/UnityEditor.DiagnosticsModule.dll_D3157FC3BA269E39.mvfrm
[  10/1046  0s] MovedFromExtractor Library/Bee/artifacts/mvdfrm/UnityEditor.UIElementsModule.dll_DA70328D37AAD272.mvfrm
[  11/1046  0s] MovedFromExtractor Library/Bee/artifacts/mvdfrm/UnityEditor.GraphViewModule.dll_C9DCD0904550B4F0.mvfrm
[  12/1046  0s] MovedFromExtractor Library/Bee/artifacts/mvdfrm/UnityEditor.dll_AF5430CAE4054CBF.mvfrm
[  13/1046  0s] MovedFromExtractor Library/Bee/artifacts/mvdfrm/UnityEditor.SceneTemplateModule.dll_D4FBE168724DBF53.mvfrm
[  14/1046  0s] MovedFromExtractor Library/Bee/artifacts/mvdfrm/UnityEditor.QuickSearchModule.dll_5E2500D112FD9A92.mvfrm
[  15/1046  0s] MovedFromExtractor Library/Bee/artifacts/mvdfrm/UnityEditor.UIElementsSamplesModule.dll_24156F8719DCFC1B.mvfrm
[  16/1046  0s] MovedFromExtractor Library/Bee/artifacts/mvdfrm/UnityEditor.UnityConnectModule.dll_F5A9B64BC40954AC.mvfrm
[  17/1046  0s] MovedFromExtractor Library/Bee/artifacts/mvdfrm/UnityEngine.AccessibilityModule.dll_07A14CFF72C3E6F0.mvfrm
[  18/1046  0s] MovedFromExtractor Library/Bee/artifacts/mvdfrm/UnityEngine.AndroidJNIModule.dll_58B91B6080CA4148.mvfrm
[  19/1046  0s] MovedFromExtractor Library/Bee/artifacts/mvdfrm/UnityEngine.ARModule.dll_B5852DCFD5679553.mvfrm
[  20/1046  0s] MovedFromExtractor Library/Bee/artifacts/mvdfrm/UnityEngine.AIModule.dll_FC1268CC784A368A.mvfrm
[  21/1046  0s] MovedFromExtractor Library/Bee/artifacts/mvdfrm/UnityEngine.AssetBundleModule.dll_A20E33C275644F84.mvfrm
[  22/1046  0s] MovedFromExtractor Library/Bee/artifacts/mvdfrm/UnityEngine.ClothModule.dll_53100082D2BE73EC.mvfrm
[  23/1046  0s] MovedFromExtractor Library/Bee/artifacts/mvdfrm/UnityEngine.AudioModule.dll_EC27A387F8A19508.mvfrm
[  24/1046  0s] MovedFromExtractor Library/Bee/artifacts/mvdfrm/UnityEngine.ClusterInputModule.dll_75462B6175912772.mvfrm
[  25/1046  0s] MovedFromExtractor Library/Bee/artifacts/mvdfrm/UnityEngine.AnimationModule.dll_98624CB91FAD8996.mvfrm
[  26/1046  0s] MovedFromExtractor Library/Bee/artifacts/mvdfrm/UnityEngine.ClusterRendererModule.dll_4FB0F92751899C2F.mvfrm
[  27/1046  0s] MovedFromExtractor Library/Bee/artifacts/mvdfrm/UnityEngine.ContentLoadModule.dll_3B248D0343E6F771.mvfrm
[  28/1046  0s] MovedFromExtractor Library/Bee/artifacts/mvdfrm/UnityEngine.dll_E1F877A34278D9A4.mvfrm
[  29/1046  0s] MovedFromExtractor Library/Bee/artifacts/mvdfrm/UnityEngine.CrashReportingModule.dll_0DD56CB30C1DC859.mvfrm
[  30/1046  0s] MovedFromExtractor Library/Bee/artifacts/mvdfrm/UnityEngine.DirectorModule.dll_7422B0DBC846E47E.mvfrm
[  31/1046  0s] MovedFromExtractor Library/Bee/artifacts/mvdfrm/UnityEngine.DSPGraphModule.dll_797412453AA7B59F.mvfrm
[  32/1046  0s] MovedFromExtractor Library/Bee/artifacts/mvdfrm/UnityEngine.CoreModule.dll_243E80E42C3A9621.mvfrm
[  33/1046  0s] MovedFromExtractor Library/Bee/artifacts/mvdfrm/UnityEngine.GIModule.dll_944EB1DA13F91EA4.mvfrm
[  34/1046  0s] MovedFromExtractor Library/Bee/artifacts/mvdfrm/UnityEngine.GameCenterModule.dll_8306657B470B3239.mvfrm
[  35/1046  0s] MovedFromExtractor Library/Bee/artifacts/mvdfrm/UnityEngine.HotReloadModule.dll_19AB0ABEFAE0A518.mvfrm
[  36/1046  0s] MovedFromExtractor Library/Bee/artifacts/mvdfrm/UnityEngine.GridModule.dll_01AF9CD2448F2C18.mvfrm
[  37/1046  0s] MovedFromExtractor Library/Bee/artifacts/mvdfrm/UnityEngine.ImageConversionModule.dll_BBA2F6D7D3AE5423.mvfrm
[  38/1046  0s] MovedFromExtractor Library/Bee/artifacts/mvdfrm/UnityEngine.IMGUIModule.dll_248742EEBED328E9.mvfrm
[  39/1046  0s] MovedFromExtractor Library/Bee/artifacts/mvdfrm/UnityEngine.InputLegacyModule.dll_33534EE10D560575.mvfrm
[  40/1046  0s] MovedFromExtractor Library/Bee/artifacts/mvdfrm/UnityEngine.JSONSerializeModule.dll_67B8D63B71FF477A.mvfrm
[  41/1046  0s] MovedFromExtractor Library/Bee/artifacts/mvdfrm/UnityEngine.InputModule.dll_529D6B386ED9B9AC.mvfrm
[  42/1046  0s] MovedFromExtractor Library/Bee/artifacts/mvdfrm/UnityEngine.LocalizationModule.dll_B392F5B40D0D1A6B.mvfrm
[  43/1046  0s] MovedFromExtractor Library/Bee/artifacts/mvdfrm/UnityEngine.ProfilerModule.dll_A668EA1261A06B8B.mvfrm
[  44/1046  0s] MovedFromExtractor Library/Bee/artifacts/mvdfrm/UnityEngine.PerformanceReportingModule.dll_68F09A95F4BE8BE0.mvfrm
[  45/1046  0s] MovedFromExtractor Library/Bee/artifacts/mvdfrm/UnityEngine.PhysicsModule.dll_ABB222567829B0D9.mvfrm
[  46/1046  0s] MovedFromExtractor Library/Bee/artifacts/mvdfrm/UnityEngine.ParticleSystemModule.dll_60E7B5FF7A2F53E7.mvfrm
[  47/1046  0s] MovedFromExtractor Library/Bee/artifacts/mvdfrm/UnityEngine.Physics2DModule.dll_E5083CA9C0AA812B.mvfrm
[  48/1046  0s] MovedFromExtractor Library/Bee/artifacts/mvdfrm/UnityEngine.RuntimeInitializeOnLoadManagerInitializerModule.dll_5DB7B113E976C7F4.mvfrm
[  49/1046  0s] MovedFromExtractor Library/Bee/artifacts/mvdfrm/UnityEngine.PropertiesModule.dll_B041A4B9B9F69675.mvfrm
[  50/1046  0s] MovedFromExtractor Library/Bee/artifacts/mvdfrm/UnityEngine.ScreenCaptureModule.dll_81A083C0866B73DC.mvfrm
[  51/1046  0s] MovedFromExtractor Library/Bee/artifacts/mvdfrm/UnityEngine.SharedInternalsModule.dll_3FB435AD4ADC4F73.mvfrm
[  52/1046  0s] MovedFromExtractor Library/Bee/artifacts/mvdfrm/UnityEngine.SpriteMaskModule.dll_6C32D80B687AC7B3.mvfrm
[  53/1046  0s] MovedFromExtractor Library/Bee/artifacts/mvdfrm/UnityEngine.SpriteShapeModule.dll_BB6F611D2B06878E.mvfrm
[  54/1046  0s] MovedFromExtractor Library/Bee/artifacts/mvdfrm/UnityEngine.StreamingModule.dll_4CF73A096F3540D4.mvfrm
[  55/1046  0s] MovedFromExtractor Library/Bee/artifacts/mvdfrm/UnityEngine.SubstanceModule.dll_29A24E52BA883EE2.mvfrm
[  56/1046  0s] MovedFromExtractor Library/Bee/artifacts/mvdfrm/UnityEngine.SubsystemsModule.dll_D6E03E6D36C2AFC6.mvfrm
[  57/1046  0s] MovedFromExtractor Library/Bee/artifacts/mvdfrm/UnityEngine.TextCoreTextEngineModule.dll_EE059DE3E5B5E79D.mvfrm
[  58/1046  0s] MovedFromExtractor Library/Bee/artifacts/mvdfrm/UnityEngine.TextCoreFontEngineModule.dll_A61D677256322E7F.mvfrm
[  59/1046  0s] MovedFromExtractor Library/Bee/artifacts/mvdfrm/UnityEngine.TerrainPhysicsModule.dll_61625ED293724E74.mvfrm
[  60/1046  0s] MovedFromExtractor Library/Bee/artifacts/mvdfrm/UnityEngine.TerrainModule.dll_C5F89DC54DE7F9C7.mvfrm
[  61/1046  0s] MovedFromExtractor Library/Bee/artifacts/mvdfrm/UnityEngine.TextRenderingModule.dll_AADFF5CB3DA2F3D1.mvfrm
[  62/1046  0s] MovedFromExtractor Library/Bee/artifacts/mvdfrm/UnityEngine.TilemapModule.dll_64F5054665A4DAD0.mvfrm
[  63/1046  0s] MovedFromExtractor Library/Bee/artifacts/mvdfrm/UnityEngine.UIModule.dll_F78606F9D4913C36.mvfrm
[  64/1046  0s] MovedFromExtractor Library/Bee/artifacts/mvdfrm/UnityEngine.TLSModule.dll_5E7EBD795DEAA36D.mvfrm
[  65/1046  0s] MovedFromExtractor Library/Bee/artifacts/mvdfrm/UnityEngine.UIElementsModule.dll_DB1E9FD539EEEBBD.mvfrm
[  66/1046  0s] MovedFromExtractor Library/Bee/artifacts/mvdfrm/UnityEngine.UnityTestProtocolModule.dll_DFD8257973D85171.mvfrm
[  67/1046  0s] MovedFromExtractor Library/Bee/artifacts/mvdfrm/UnityEngine.UnityAnalyticsModule.dll_808726C92656A5E3.mvfrm
[  68/1046  0s] MovedFromExtractor Library/Bee/artifacts/mvdfrm/UnityEngine.UmbraModule.dll_66FC4FA085C8407B.mvfrm
[  69/1046  0s] MovedFromExtractor Library/Bee/artifacts/mvdfrm/UnityEngine.UnityConnectModule.dll_E3093A5ABE915557.mvfrm
[  70/1046  0s] MovedFromExtractor Library/Bee/artifacts/mvdfrm/UnityEngine.UnityCurlModule.dll_CB7EEDEA8FC17B83.mvfrm
[  71/1046  0s] MovedFromExtractor Library/Bee/artifacts/mvdfrm/UnityEngine.UnityWebRequestAssetBundleModule.dll_2FC707824843FAF4.mvfrm
[  72/1046  0s] MovedFromExtractor Library/Bee/artifacts/mvdfrm/UnityEngine.UnityWebRequestAudioModule.dll_E0ECEE747B295678.mvfrm
[  73/1046  0s] MovedFromExtractor Library/Bee/artifacts/mvdfrm/UnityEngine.UnityWebRequestModule.dll_CD41FE81DEA2EEA2.mvfrm
[  74/1046  0s] MovedFromExtractor Library/Bee/artifacts/mvdfrm/UnityEngine.UnityWebRequestTextureModule.dll_C1A9E7EEBDE3EB4D.mvfrm
[  75/1046  0s] MovedFromExtractor Library/Bee/artifacts/mvdfrm/UnityEngine.UnityWebRequestWWWModule.dll_B8C7E33FD575A409.mvfrm
[  76/1046  0s] MovedFromExtractor Library/Bee/artifacts/mvdfrm/UnityEngine.VirtualTexturingModule.dll_0D696CA1E6B3917F.mvfrm
[  77/1046  0s] WriteText Library/Bee/artifacts/1900b0aE.dag/UnityEngine.UI.UnityAdditionalFile.txt
[  78/1046  0s] WriteText Library/Bee/artifacts/1900b0aE.dag/UnityEngine.UI.rsp2
[  79/1046  0s] WriteText Library/Bee/artifacts/1900b0aE.dag/UnityEngine.TestRunner.dll.mvfrm.rsp
[  80/1046  0s] WriteText Library/Bee/artifacts/1900b0aE.dag/UnityEngine.TestRunner.rsp
[  81/1046  0s] MovedFromExtractor Library/Bee/artifacts/mvdfrm/UnityEngine.VFXModule.dll_DF5D55E834580CDA.mvfrm
[  82/1046  0s] MovedFromExtractor Library/Bee/artifacts/mvdfrm/UnityEngine.VRModule.dll_4A582D7F764BC1AE.mvfrm
[  83/1046  0s] MovedFromExtractor Library/Bee/artifacts/mvdfrm/UnityEngine.VehiclesModule.dll_EBE5AA5B4270B419.mvfrm
[  84/1046  0s] MovedFromExtractor Library/Bee/artifacts/mvdfrm/UnityEngine.VideoModule.dll_113127F2BB33B0AD.mvfrm
[  85/1046  0s] MovedFromExtractor Library/Bee/artifacts/mvdfrm/UnityEditor.DeviceSimulatorModule.dll_4A0436B5E1CE8EAB.mvfrm
[  86/1046  0s] MovedFromExtractor Library/Bee/artifacts/mvdfrm/UnityEngine.WindModule.dll_9A8D5C0CBD71148A.mvfrm
[  87/1046  0s] MovedFromExtractor Library/Bee/artifacts/mvdfrm/UnityEngine.XRModule.dll_7D16F083FF860F0C.mvfrm
[  88/1046  0s] WriteText Library/Bee/artifacts/1900b0aE.dag/UnityEditor.TestRunner.UnityAdditionalFile.txt
[  89/1046  0s] WriteText Library/Bee/artifacts/1900b0aE.dag/UnityEditor.TestRunner.rsp2
[  90/1046  0s] WriteText Library/Bee/artifacts/1900b0aE.dag/UnityEngine.UI.dll.mvfrm.rsp
[  91/1046  0s] WriteText Library/Bee/artifacts/1900b0aE.dag/UnityEngine.UI.rsp
[  92/1046  0s] MovedFromExtractor Library/Bee/artifacts/mvdfrm/UnityEngine.UnityAnalyticsCommonModule.dll_042F57DA0EA72A3E.mvfrm
[  93/1046  0s] WriteText Library/Bee/artifacts/1900b0aE.dag/UnityEditor.TestRunner.dll.mvfrm.rsp
[  94/1046  0s] WriteText Library/Bee/artifacts/1900b0aE.dag/UnityEditor.TestRunner.rsp
[  95/1046  0s] WriteText Library/Bee/artifacts/1900b0aE.dag/UnityEditor.UI.UnityAdditionalFile.txt
[  96/1046  0s] WriteText Library/Bee/artifacts/1900b0aE.dag/UnityEditor.UI.rsp2
[  97/1046  0s] WriteText Library/Bee/artifacts/1900b0aE.dag/UnityEditor.UI.dll.mvfrm.rsp
[  98/1046  0s] WriteText Library/Bee/artifacts/1900b0aE.dag/UnityEditor.UI.rsp
[  99/1046  0s] WriteText Library/Bee/artifacts/1900b0aE.dag/Unity.Burst.rsp2
[ 100/1046  0s] WriteText Library/Bee/artifacts/1900b0aE.dag/Unity.Burst.UnityAdditionalFile.txt
[ 101/1046  0s] MovedFromExtractor Library/Bee/artifacts/mvdfrm/UnityEditor.CoreModule.dll_011DAD9184352AF6.mvfrm
[ 102/1046  0s] WriteText Library/Bee/artifacts/1900b0aE.dag/Unity.Burst.dll.mvfrm.rsp
[ 103/1046  0s] WriteText Library/Bee/artifacts/1900b0aE.dag/Unity.Burst.rsp
[ 104/1046  0s] WriteText Library/Bee/artifacts/1900b0aE.dag/Unity.Burst.CodeGen.UnityAdditionalFile.txt
[ 105/1046  0s] WriteText Library/Bee/artifacts/1900b0aE.dag/Unity.Burst.CodeGen.rsp2
[ 106/1046  0s] WriteText Library/Bee/artifacts/1900b0aE.dag/Unity.InputSystem.UnityAdditionalFile.txt
[ 107/1046  0s] WriteText Library/Bee/artifacts/1900b0aE.dag/Unity.InputSystem.rsp2
[ 108/1046  0s] WriteText Library/Bee/artifacts/1900b0aE.dag/Unity.Mathematics.UnityAdditionalFile.txt
[ 109/1046  0s] WriteText Library/Bee/artifacts/1900b0aE.dag/Unity.Mathematics.rsp2
[ 110/1046  0s] MovedFromExtractor Library/Bee/artifacts/mvdfrm/UnityEditor.WindowsStandalone.Extensions.dll_6A03437AC4F33C0A.mvfrm
[ 111/1046  0s] MovedFromExtractor Library/Bee/artifacts/mvdfrm/UnityEditor.Graphs.dll_315E33F71D893F28.mvfrm
[ 112/1046  0s] MovedFromExtractor Library/Bee/artifacts/mvdfrm/Unity.VisualScripting.Antlr3.Runtime.dll_EE8C0D964F57701A.mvfrm
[ 113/1046  0s] MovedFromExtractor Library/Bee/artifacts/mvdfrm/Unity.Collections.LowLevel.ILSupport.dll_A9D1CE943CFA8017.mvfrm
[ 114/1046  0s] MovedFromExtractor Library/Bee/artifacts/mvdfrm/Unity.VisualScripting.YamlDotNet.dll_3D1EE6B51E8E5FFB.mvfrm
[ 115/1046  0s] MovedFromExtractor Library/Bee/artifacts/mvdfrm/Unity.VisualScripting.TextureAssets.dll_D43D1008DF5BBDF3.mvfrm
[ 116/1046  0s] WriteText Library/Bee/artifacts/1900b0aE.dag/Unity.Burst.CodeGen.dll.mvfrm.rsp
[ 117/1046  0s] WriteText Library/Bee/artifacts/1900b0aE.dag/Unity.Burst.CodeGen.rsp
[ 118/1046  0s] WriteText Library/Bee/artifacts/1900b0aE.dag/Unity.InputSystem.dll.mvfrm.rsp
[ 119/1046  0s] MovedFromExtractor Library/Bee/artifacts/mvdfrm/Unity.VisualScripting.IonicZip.dll_4F180BDCC9CF00D1.mvfrm
[ 120/1046  0s] WriteText Library/Bee/artifacts/1900b0aE.dag/Unity.InputSystem.rsp
[ 121/1046  0s] WriteText Library/Bee/artifacts/1900b0aE.dag/Unity.Mathematics.rsp
[ 122/1046  0s] WriteText Library/Bee/artifacts/1900b0aE.dag/Unity.Mathematics.dll.mvfrm.rsp
[ 123/1046  0s] WriteText Library/Bee/artifacts/1900b0aE.dag/Unity.RenderPipelines.Core.Runtime.UnityAdditionalFile.txt
[ 124/1046  0s] WriteText Library/Bee/artifacts/1900b0aE.dag/Unity.RenderPipelines.Core.Runtime.rsp2
[ 125/1046  0s] WriteText Library/Bee/artifacts/1900b0aE.dag/Unity.VisualScripting.Core.UnityAdditionalFile.txt
[ 126/1046  0s] WriteText Library/Bee/artifacts/1900b0aE.dag/Unity.VisualScripting.Core.rsp2
[ 127/1046  0s] WriteText Library/Bee/artifacts/1900b0aE.dag/Unity.RenderPipelines.Core.Runtime.dll.mvfrm.rsp
[ 128/1046  0s] WriteText Library/Bee/artifacts/1900b0aE.dag/Unity.VisualScripting.Core.dll.mvfrm.rsp
[ 129/1046  0s] WriteText Library/Bee/artifacts/1900b0aE.dag/Unity.2D.Sprite.Editor.rsp2
[ 130/1046  0s] WriteText Library/Bee/artifacts/1900b0aE.dag/Unity.2D.Sprite.Editor.UnityAdditionalFile.txt
[ 131/1046  0s] WriteText Library/Bee/artifacts/1900b0aE.dag/Unity.VisualScripting.Core.rsp
[ 132/1046  0s] WriteText Library/Bee/artifacts/1900b0aE.dag/Unity.RenderPipelines.Core.Runtime.rsp
[ 133/1046  0s] WriteText Library/Bee/artifacts/1900b0aE.dag/Unity.2D.Common.Runtime.UnityAdditionalFile.txt
[ 134/1046  0s] WriteText Library/Bee/artifacts/1900b0aE.dag/Unity.2D.Common.Runtime.rsp2
[ 135/1046  0s] WriteText Library/Bee/artifacts/1900b0aE.dag/Unity.Collections.rsp2
[ 136/1046  0s] WriteText Library/Bee/artifacts/1900b0aE.dag/Unity.ResourceManager.UnityAdditionalFile.txt
[ 137/1046  0s] WriteText Library/Bee/artifacts/1900b0aE.dag/Unity.Collections.UnityAdditionalFile.txt
[ 138/1046  0s] WriteText Library/Bee/artifacts/1900b0aE.dag/Unity.ResourceManager.rsp2
[ 139/1046  0s] WriteText Library/Bee/artifacts/1900b0aE.dag/Unity.InternalAPIEngineBridge.001.rsp2
[ 140/1046  0s] WriteText Library/Bee/artifacts/1900b0aE.dag/Unity.2D.Sprite.Editor.dll.mvfrm.rsp
[ 141/1046  0s] WriteText Library/Bee/artifacts/1900b0aE.dag/Unity.VisualScripting.Flow.rsp2
[ 142/1046  0s] WriteText Library/Bee/artifacts/1900b0aE.dag/Unity.VisualScripting.Flow.UnityAdditionalFile.txt
[ 143/1046  0s] WriteText Library/Bee/artifacts/1900b0aE.dag/Unity.2D.Sprite.Editor.rsp
[ 144/1046  0s] WriteText Library/Bee/artifacts/1900b0aE.dag/Unity.2D.Common.Runtime.dll.mvfrm.rsp
[ 145/1046  0s] WriteText Library/Bee/artifacts/1900b0aE.dag/Unity.VisualScripting.Core.Editor.UnityAdditionalFile.txt
[ 146/1046  0s] WriteText Library/Bee/artifacts/1900b0aE.dag/Unity.VisualScripting.Core.Editor.rsp2
[ 147/1046  0s] WriteText Library/Bee/artifacts/1900b0aE.dag/Unity.RenderPipelines.Universal.2D.Internal.UnityAdditionalFile.txt
[ 148/1046  0s] WriteText Library/Bee/artifacts/1900b0aE.dag/Unity.RenderPipelines.Universal.2D.Internal.rsp2
[ 149/1046  0s] WriteText Library/Bee/artifacts/1900b0aE.dag/Unity.2D.Common.Runtime.rsp
[ 150/1046  0s] WriteText Library/Bee/artifacts/1900b0aE.dag/Unity.RenderPipeline.Universal.ShaderLibrary.UnityAdditionalFile.txt
[ 151/1046  0s] WriteText Library/Bee/artifacts/1900b0aE.dag/Unity.RenderPipelines.Universal.Config.Runtime.rsp2
[ 152/1046  0s] WriteText Library/Bee/artifacts/1900b0aE.dag/Unity.RenderPipeline.Universal.ShaderLibrary.rsp2
[ 153/1046  0s] WriteText Library/Bee/artifacts/1900b0aE.dag/Unity.RenderPipelines.Universal.Config.Runtime.UnityAdditionalFile.txt
[ 154/1046  0s] WriteText Library/Bee/artifacts/1900b0aE.dag/Unity.ResourceManager.dll.mvfrm.rsp
[ 155/1046  0s] WriteText Library/Bee/artifacts/1900b0aE.dag/Unity.RenderPipelines.Core.Editor.rsp2
[ 156/1046  0s] WriteText Library/Bee/artifacts/1900b0aE.dag/Unity.RenderPipelines.Core.Editor.UnityAdditionalFile.txt
[ 157/1046  0s] WriteText Library/Bee/artifacts/1900b0aE.dag/Unity.ScriptableBuildPipeline.UnityAdditionalFile.txt
[ 158/1046  0s] WriteText Library/Bee/artifacts/1900b0aE.dag/Unity.ScriptableBuildPipeline.rsp2
[ 159/1046  0s] WriteText Library/Bee/artifacts/1900b0aE.dag/Unity.ResourceManager.rsp
[ 160/1046  0s] WriteText Library/Bee/artifacts/1900b0aE.dag/Unity.Collections.dll.mvfrm.rsp
[ 161/1046  0s] WriteText Library/Bee/artifacts/1900b0aE.dag/Unity.Collections.rsp
[ 162/1046  0s] WriteText Library/Bee/artifacts/1900b0aE.dag/Unity.InternalAPIEngineBridge.001.dll.mvfrm.rsp
[ 163/1046  0s] WriteText Library/Bee/artifacts/1900b0aE.dag/Unity.VisualScripting.Flow.dll.mvfrm.rsp
[ 164/1046  0s] WriteText Library/Bee/artifacts/1900b0aE.dag/Unity.InternalAPIEngineBridge.001.rsp
[ 165/1046  0s] WriteText Library/Bee/artifacts/1900b0aE.dag/Unity.Searcher.Editor.rsp2
[ 166/1046  0s] WriteText Library/Bee/artifacts/1900b0aE.dag/Unity.Searcher.Editor.UnityAdditionalFile.txt
[ 167/1046  0s] WriteText Library/Bee/artifacts/1900b0aE.dag/Unity.RenderPipelines.Universal.Config.Runtime.dll.mvfrm.rsp
[ 168/1046  0s] WriteText Library/Bee/artifacts/1900b0aE.dag/Unity.VisualScripting.Flow.rsp
[ 169/1046  0s] WriteText Library/Bee/artifacts/1900b0aE.dag/Unity.RenderPipeline.Universal.ShaderLibrary.dll.mvfrm.rsp
[ 170/1046  0s] WriteText Library/Bee/artifacts/1900b0aE.dag/Unity.RenderPipelines.Universal.2D.Internal.dll.mvfrm.rsp
[ 171/1046  0s] WriteResponseFile Library/Bee/artifacts/rsp/4747638433968585886.rsp
[ 172/1046  0s] WriteText Library/Bee/artifacts/1900b0aE.dag/Unity.VisualScripting.Core.Editor.dll.mvfrm.rsp
[ 173/1046  0s] WriteText Library/Bee/artifacts/1900b0aE.dag/Unity.RenderPipelines.Universal.2D.Internal.rsp
[ 174/1046  0s] WriteText Library/Bee/artifacts/1900b0aE.dag/Unity.RenderPipelines.Universal.Config.Runtime.rsp
[ 175/1046  0s] WriteText Library/Bee/artifacts/1900b0aE.dag/Unity.RenderPipeline.Universal.ShaderLibrary.rsp
[ 176/1046  0s] WriteText Library/Bee/artifacts/1900b0aE.dag/Unity.InternalAPIEditorBridge.001.rsp2
[ 177/1046  0s] WriteText Library/Bee/artifacts/1900b0aE.dag/Unity.VisualScripting.Core.Editor.rsp
[ 178/1046  0s] WriteText Library/Bee/artifacts/1900b0aE.dag/Unity.InternalAPIEditorBridge.001.UnityAdditionalFile.txt
[ 179/1046  0s] WriteText Library/Bee/artifacts/1900b0aE.dag/Unity.ScriptableBuildPipeline.dll.mvfrm.rsp
[ 180/1046  0s] WriteText Library/Bee/artifacts/1900b0aE.dag/Unity.RenderPipelines.Core.Editor.dll.mvfrm.rsp
[ 181/1046  0s] WriteText Library/Bee/artifacts/1900b0aE.dag/Unity.ShaderGraph.Utilities.rsp2
[ 182/1046  0s] WriteText Library/Bee/artifacts/1900b0aE.dag/Unity.ShaderGraph.Utilities.UnityAdditionalFile.txt
[ 183/1046  0s] WriteText Library/Bee/artifacts/1900b0aE.dag/Unity.RenderPipelines.Core.Editor.rsp
[ 184/1046  0s] WriteText Library/Bee/artifacts/1900b0aE.dag/Unity.ScriptableBuildPipeline.rsp
[ 185/1046  0s] WriteText Library/Bee/artifacts/1900b0aE.dag/Unity.Addressables.rsp2
[ 186/1046  0s] WriteText Library/Bee/artifacts/1900b0aE.dag/Unity.2D.Common.Editor.rsp2
[ 187/1046  0s] WriteText Library/Bee/artifacts/1900b0aE.dag/Unity.2D.Common.Editor.UnityAdditionalFile.txt
[ 188/1046  0s] WriteText Library/Bee/artifacts/1900b0aE.dag/Unity.Searcher.Editor.dll.mvfrm.rsp
[ 189/1046  0s] WriteText Library/Bee/artifacts/1900b0aE.dag/Unity.RenderPipelines.Universal.Runtime.rsp2
[ 190/1046  0s] WriteText Library/Bee/artifacts/1900b0aE.dag/Unity.RenderPipelines.Universal.Runtime.UnityAdditionalFile.txt
[ 191/1046  0s] WriteText Library/Bee/artifacts/1900b0aE.dag/Unity.Addressables.UnityAdditionalFile.txt
[ 192/1046  0s] WriteText Library/Bee/artifacts/1900b0aE.dag/Unity.Searcher.Editor.rsp
[ 193/1046  0s] WriteText Library/Bee/artifacts/1900b0aE.dag/Unity.ShaderGraph.Utilities.dll.mvfrm.rsp
[ 194/1046  0s] WriteText Library/Bee/artifacts/1900b0aE.dag/Unity.ShaderGraph.Utilities.rsp
[ 195/1046  0s] WriteText Library/Bee/artifacts/1900b0aE.dag/Unity.TextMeshPro.UnityAdditionalFile.txt
[ 196/1046  0s] WriteText Library/Bee/artifacts/1900b0aE.dag/Unity.VisualScripting.Flow.Editor.UnityAdditionalFile.txt
[ 197/1046  0s] WriteText Library/Bee/artifacts/1900b0aE.dag/Unity.TextMeshPro.rsp2
[ 198/1046  0s] WriteText Library/Bee/artifacts/1900b0aE.dag/Unity.VisualScripting.Flow.Editor.rsp2
[ 199/1046  0s] WriteText Library/Bee/artifacts/1900b0aE.dag/Unity.2D.Animation.Runtime.rsp2
[ 200/1046  0s] WriteText Library/Bee/artifacts/1900b0aE.dag/Unity.ScriptableBuildPipeline.Editor.UnityAdditionalFile.txt
[ 201/1046  0s] WriteText Library/Bee/artifacts/1900b0aE.dag/Unity.2D.Animation.Runtime.UnityAdditionalFile.txt
[ 202/1046  0s] WriteText Library/Bee/artifacts/1900b0aE.dag/Unity.ScriptableBuildPipeline.Editor.rsp2
[ 203/1046  0s] WriteText Library/Bee/artifacts/1900b0aE.dag/Unity.VisualScripting.State.UnityAdditionalFile.txt
[ 204/1046  0s] WriteText Library/Bee/artifacts/1900b0aE.dag/Unity.VisualScripting.State.rsp2
[ 205/1046  0s] WriteText Library/Bee/artifacts/1900b0aE.dag/Unity.InternalAPIEditorBridge.001.dll.mvfrm.rsp
[ 206/1046  0s] WriteText Library/Bee/artifacts/1900b0aE.dag/Unity.InternalAPIEditorBridge.001.rsp
[ 207/1046  0s] WriteText Library/Bee/artifacts/1900b0aE.dag/Unity.Mathematics.Editor.UnityAdditionalFile.txt
[ 208/1046  0s] WriteText Library/Bee/artifacts/1900b0aE.dag/Unity.Burst.Editor.UnityAdditionalFile.txt
[ 209/1046  0s] WriteText Library/Bee/artifacts/1900b0aE.dag/Unity.Burst.Editor.rsp2
[ 210/1046  0s] WriteText Library/Bee/artifacts/1900b0aE.dag/Unity.Mathematics.Editor.rsp2
[ 211/1046  0s] WriteText Library/Bee/artifacts/1900b0aE.dag/Unity.ShaderGraph.Editor.UnityAdditionalFile.txt
[ 212/1046  0s] WriteText Library/Bee/artifacts/1900b0aE.dag/Unity.ShaderGraph.Editor.rsp2
[ 213/1046  0s] WriteText Library/Bee/artifacts/1900b0aE.dag/Unity.2D.Common.Editor.dll.mvfrm.rsp
[ 214/1046  0s] WriteText Library/Bee/artifacts/1900b0aE.dag/Unity.Addressables.dll.mvfrm.rsp
[ 215/1046  0s] WriteText Library/Bee/artifacts/1900b0aE.dag/Unity.RenderPipelines.Universal.Runtime.dll.mvfrm.rsp
[ 216/1046  0s] WriteText Library/Bee/artifacts/1900b0aE.dag/Unity.AI.Navigation.UnityAdditionalFile.txt
[ 217/1046  0s] WriteText Library/Bee/artifacts/1900b0aE.dag/Unity.AI.Navigation.Editor.ConversionSystem.UnityAdditionalFile.txt
[ 218/1046  0s] WriteText Library/Bee/artifacts/1900b0aE.dag/Unity.AI.Navigation.rsp2
[ 219/1046  0s] WriteText Library/Bee/artifacts/1900b0aE.dag/Unity.AI.Navigation.Editor.ConversionSystem.rsp2
[ 220/1046  0s] WriteText Library/Bee/artifacts/1900b0aE.dag/Unity.2D.Common.Editor.rsp
[ 221/1046  0s] WriteText Library/Bee/artifacts/1900b0aE.dag/Unity.RenderPipelines.Universal.Runtime.rsp
[ 222/1046  0s] WriteText Library/Bee/artifacts/1900b0aE.dag/Unity.Addressables.rsp
[ 223/1046  0s] WriteText Library/Bee/artifacts/1900b0aE.dag/Unity.ScriptableBuildPipeline.Editor.dll.mvfrm.rsp
[ 224/1046  0s] WriteText Library/Bee/artifacts/1900b0aE.dag/Unity.2D.Animation.Runtime.dll.mvfrm.rsp
[ 225/1046  0s] WriteText Library/Bee/artifacts/1900b0aE.dag/Unity.TextMeshPro.dll.mvfrm.rsp
[ 226/1046  0s] WriteText Library/Bee/artifacts/1900b0aE.dag/Unity.VisualScripting.State.dll.mvfrm.rsp
[ 227/1046  0s] WriteText Library/Bee/artifacts/1900b0aE.dag/Unity.VisualScripting.Flow.Editor.dll.mvfrm.rsp
[ 228/1046  0s] WriteText Library/Bee/artifacts/1900b0aE.dag/Unity.Mathematics.Editor.dll.mvfrm.rsp
[ 229/1046  0s] WriteText Library/Bee/artifacts/1900b0aE.dag/Unity.InternalAPIEngineBridge.001.UnityAdditionalFile.txt
[ 230/1046  0s] WriteText Library/Bee/artifacts/1900b0aE.dag/Unity.Burst.Editor.dll.mvfrm.rsp
[ 231/1046  0s] WriteText Library/Bee/artifacts/1900b0aE.dag/Unity.ShaderGraph.Editor.dll.mvfrm.rsp
[ 232/1046  0s] WriteText Library/Bee/artifacts/1900b0aE.dag/Unity.ScriptableBuildPipeline.Editor.rsp
[ 233/1046  0s] WriteText Library/Bee/artifacts/1900b0aE.dag/Unity.2D.Animation.Runtime.rsp
[ 234/1046  0s] WriteText Library/Bee/artifacts/1900b0aE.dag/Unity.VisualScripting.State.rsp
[ 235/1046  0s] WriteText Library/Bee/artifacts/1900b0aE.dag/Unity.VisualScripting.Flow.Editor.rsp
[ 236/1046  0s] WriteText Library/Bee/artifacts/1900b0aE.dag/Unity.TextMeshPro.rsp
[ 237/1046  0s] WriteText Library/Bee/artifacts/1900b0aE.dag/Unity.ShaderGraph.Editor.rsp
[ 238/1046  0s] WriteText Library/Bee/artifacts/1900b0aE.dag/Unity.Mathematics.Editor.rsp
[ 239/1046  0s] WriteText Library/Bee/artifacts/1900b0aE.dag/Unity.AI.Navigation.dll.mvfrm.rsp
[ 240/1046  0s] WriteText Library/Bee/artifacts/1900b0aE.dag/Unity.AI.Navigation.Editor.ConversionSystem.dll.mvfrm.rsp
[ 241/1046  0s] WriteText Library/Bee/artifacts/1900b0aE.dag/Unity.Burst.Editor.rsp
[ 242/1046  0s] WriteText Library/Bee/artifacts/1900b0aE.dag/Unity.InternalAPIEngineBridge.013.rsp2
[ 243/1046  0s] WriteText Library/Bee/artifacts/1900b0aE.dag/Unity.AI.Navigation.rsp
[ 244/1046  0s] WriteText Library/Bee/artifacts/1900b0aE.dag/Unity.AI.Navigation.Editor.ConversionSystem.rsp
[ 245/1046  0s] WriteText Library/Bee/artifacts/1900b0aE.dag/Unity.InternalAPIEngineBridge.013.dll.mvfrm.rsp
[ 246/1046  0s] WriteText Library/Bee/artifacts/1900b0aE.dag/Unity.Addressables.Editor.UnityAdditionalFile.txt
[ 247/1046  0s] WriteText Library/Bee/artifacts/1900b0aE.dag/Unity.RenderPipelines.Universal.Editor.UnityAdditionalFile.txt
[ 248/1046  0s] WriteText Library/Bee/artifacts/1900b0aE.dag/Unity.2D.Animation.Editor.rsp2
[ 249/1046  0s] WriteText Library/Bee/artifacts/1900b0aE.dag/Unity.Addressables.Editor.rsp2
[ 250/1046  0s] WriteText Library/Bee/artifacts/1900b0aE.dag/Unity.2D.Animation.Editor.UnityAdditionalFile.txt
[ 251/1046  0s] WriteText Library/Bee/artifacts/1900b0aE.dag/Unity.InternalAPIEngineBridge.013.rsp
[ 252/1046  0s] WriteText Library/Bee/artifacts/1900b0aE.dag/Unity.RenderPipelines.Universal.Editor.rsp2
[ 253/1046  0s] WriteText Library/Bee/artifacts/1900b0aE.dag/Unity.2D.PixelPerfect.rsp2
[ 254/1046  0s] WriteText Library/Bee/artifacts/1900b0aE.dag/Unity.2D.PixelPerfect.UnityAdditionalFile.txt
[ 255/1046  0s] WriteText Library/Bee/artifacts/1900b0aE.dag/Unity.2D.IK.Runtime.rsp2
[ 256/1046  0s] WriteText Library/Bee/artifacts/1900b0aE.dag/Unity.2D.IK.Runtime.UnityAdditionalFile.txt
[ 257/1046  0s] WriteText Library/Bee/artifacts/1900b0aE.dag/Unity.2D.Aseprite.Common.rsp2
[ 258/1046  0s] WriteText Library/Bee/artifacts/1900b0aE.dag/Unity.2D.Aseprite.Common.UnityAdditionalFile.txt
[ 259/1046  0s] WriteText Library/Bee/artifacts/1900b0aE.dag/Unity.Localization.rsp2
[ 260/1046  0s] WriteText Library/Bee/artifacts/1900b0aE.dag/Unity.Localization.UnityAdditionalFile.txt
[ 261/1046  0s] WriteText Library/Bee/artifacts/1900b0aE.dag/Unity.2D.SpriteShape.Runtime.rsp2
[ 262/1046  0s] WriteText Library/Bee/artifacts/1900b0aE.dag/Unity.2D.SpriteShape.Runtime.UnityAdditionalFile.txt
[ 263/1046  0s] WriteText Library/Bee/artifacts/1900b0aE.dag/Unity.2D.Common.Path.Editor.rsp2
[ 264/1046  0s] WriteText Library/Bee/artifacts/1900b0aE.dag/Unity.2D.Common.Path.Editor.UnityAdditionalFile.txt
[ 265/1046  0s] WriteText Library/Bee/artifacts/1900b0aE.dag/Unity.AI.Navigation.Editor.rsp2
[ 266/1046  0s] WriteText Library/Bee/artifacts/1900b0aE.dag/Unity.AI.Navigation.Editor.UnityAdditionalFile.txt
[ 267/1046  0s] WriteText Library/Bee/artifacts/1900b0aE.dag/Unity.Timeline.rsp2
[ 268/1046  0s] WriteText Library/Bee/artifacts/1900b0aE.dag/Unity.Timeline.UnityAdditionalFile.txt
[ 269/1046  0s] WriteText Library/Bee/artifacts/1900b0aE.dag/Unity.2D.Tilemap.Extras.rsp2
[ 270/1046  0s] WriteText Library/Bee/artifacts/1900b0aE.dag/Unity.2D.Tilemap.Extras.UnityAdditionalFile.txt
[ 271/1046  0s] WriteText Library/Bee/artifacts/1900b0aE.dag/Unity.2D.Tilemap.Editor.rsp2
[ 272/1046  0s] WriteText Library/Bee/artifacts/1900b0aE.dag/Unity.2D.Tilemap.Editor.UnityAdditionalFile.txt
[ 273/1046  0s] WriteText Library/Bee/artifacts/1900b0aE.dag/Unity.VisualScripting.State.Editor.rsp2
[ 274/1046  0s] WriteText Library/Bee/artifacts/1900b0aE.dag/Unity.VisualScripting.State.Editor.UnityAdditionalFile.txt
[ 275/1046  0s] WriteText Library/Bee/artifacts/1900b0aE.dag/Unity.Addressables.Editor.dll.mvfrm.rsp
[ 276/1046  0s] WriteText Library/Bee/artifacts/1900b0aE.dag/Unity.RenderPipelines.Universal.Editor.dll.mvfrm.rsp
[ 277/1046  0s] WriteText Library/Bee/artifacts/1900b0aE.dag/Unity.2D.Animation.Editor.dll.mvfrm.rsp
[ 278/1046  0s] WriteText Library/Bee/artifacts/1900b0aE.dag/Unity.Addressables.Editor.rsp
[ 279/1046  0s] WriteText Library/Bee/artifacts/1900b0aE.dag/Unity.RenderPipelines.Universal.Editor.rsp
[ 280/1046  0s] WriteText Library/Bee/artifacts/1900b0aE.dag/Unity.2D.Animation.Editor.rsp
[ 281/1046  0s] WriteText Library/Bee/artifacts/1900b0aE.dag/Unity.2D.IK.Runtime.dll.mvfrm.rsp
[ 282/1046  0s] WriteText Library/Bee/artifacts/1900b0aE.dag/Unity.2D.Tilemap.Editor.dll.mvfrm.rsp
[ 283/1046  0s] WriteText Library/Bee/artifacts/1900b0aE.dag/Unity.VisualScripting.State.Editor.dll.mvfrm.rsp
[ 284/1046  0s] WriteText Library/Bee/artifacts/1900b0aE.dag/Unity.2D.PixelPerfect.dll.mvfrm.rsp
[ 285/1046  0s] WriteText Library/Bee/artifacts/1900b0aE.dag/Unity.Localization.dll.mvfrm.rsp
[ 286/1046  0s] WriteText Library/Bee/artifacts/1900b0aE.dag/Unity.InternalAPIEditorBridge.013.UnityAdditionalFile.txt
[ 287/1046  0s] WriteText Library/Bee/artifacts/1900b0aE.dag/Unity.Timeline.dll.mvfrm.rsp
[ 288/1046  0s] WriteText Library/Bee/artifacts/1900b0aE.dag/Unity.InternalAPIEditorBridge.013.rsp2
[ 289/1046  0s] WriteText Library/Bee/artifacts/1900b0aE.dag/Unity.2D.Aseprite.Common.dll.mvfrm.rsp
[ 290/1046  0s] WriteText Library/Bee/artifacts/1900b0aE.dag/Unity.2D.Tilemap.Extras.dll.mvfrm.rsp
[ 291/1046  0s] WriteText Library/Bee/artifacts/1900b0aE.dag/Unity.2D.SpriteShape.Runtime.dll.mvfrm.rsp
[ 292/1046  0s] WriteText Library/Bee/artifacts/1900b0aE.dag/Unity.AI.Navigation.Editor.dll.mvfrm.rsp
[ 293/1046  0s] WriteText Library/Bee/artifacts/1900b0aE.dag/Unity.2D.Common.Path.Editor.dll.mvfrm.rsp
[ 294/1046  0s] WriteText Library/Bee/artifacts/1900b0aE.dag/Unity.Localization.rsp
[ 295/1046  0s] WriteText Library/Bee/artifacts/1900b0aE.dag/Unity.AI.Navigation.Editor.rsp
[ 296/1046  0s] WriteText Library/Bee/artifacts/1900b0aE.dag/Unity.Timeline.rsp
[ 297/1046  0s] WriteText Library/Bee/artifacts/1900b0aE.dag/Unity.2D.PixelPerfect.rsp
[ 298/1046  0s] WriteText Library/Bee/artifacts/1900b0aE.dag/Unity.2D.Tilemap.Extras.rsp
[ 299/1046  0s] WriteText Library/Bee/artifacts/1900b0aE.dag/Unity.2D.Tilemap.Editor.rsp
[ 300/1046  0s] WriteText Library/Bee/artifacts/1900b0aE.dag/Unity.VisualScripting.State.Editor.rsp
[ 301/1046  0s] WriteText Library/Bee/artifacts/1900b0aE.dag/Unity.2D.SpriteShape.Runtime.rsp
[ 302/1046  0s] WriteText Library/Bee/artifacts/1900b0aE.dag/Unity.2D.IK.Runtime.rsp
[ 303/1046  0s] WriteText Library/Bee/artifacts/1900b0aE.dag/Unity.2D.Common.Path.Editor.rsp
[ 304/1046  0s] WriteText Library/Bee/artifacts/1900b0aE.dag/Unity.2D.Aseprite.Common.rsp
[ 305/1046  0s] WriteText Library/Bee/artifacts/1900b0aE.dag/PsdPlugin.UnityAdditionalFile.txt
[ 306/1046  0s] WriteText Library/Bee/artifacts/1900b0aE.dag/PsdPlugin.rsp2
[ 307/1046  0s] WriteText Library/Bee/artifacts/1900b0aE.dag/Unity.InternalAPIEditorBridge.013.dll.mvfrm.rsp
[ 308/1046  0s] WriteText Library/Bee/artifacts/1900b0aE.dag/Unity.InternalAPIEditorBridge.013.rsp
[ 309/1046  0s] WriteText Library/Bee/artifacts/1900b0aE.dag/Unity.PlasticSCM.Editor.rsp2
[ 310/1046  0s] WriteText Library/Bee/artifacts/1900b0aE.dag/Unity.PlasticSCM.Editor.UnityAdditionalFile.txt
[ 311/1046  0s] WriteText Library/Bee/artifacts/1900b0aE.dag/PsdPlugin.dll.mvfrm.rsp
[ 312/1046  0s] WriteText Library/Bee/artifacts/1900b0aE.dag/NavMeshPlus.rsp2
[ 313/1046  0s] WriteText Library/Bee/artifacts/1900b0aE.dag/VContainer.UnityAdditionalFile.txt
[ 314/1046  0s] WriteText Library/Bee/artifacts/1900b0aE.dag/Unity.InternalAPIEngineBridge.013.UnityAdditionalFile.txt
[ 315/1046  0s] WriteText Library/Bee/artifacts/1900b0aE.dag/Unity.Rider.Editor.UnityAdditionalFile.txt
[ 316/1046  0s] WriteText Library/Bee/artifacts/1900b0aE.dag/NavMeshPlus.UnityAdditionalFile.txt
[ 317/1046  0s] WriteText Library/Bee/artifacts/1900b0aE.dag/Unity.Rider.Editor.rsp2
[ 318/1046  0s] WriteText Library/Bee/artifacts/1900b0aE.dag/Unity.VisualStudio.Editor.UnityAdditionalFile.txt
[ 319/1046  0s] WriteText Library/Bee/artifacts/1900b0aE.dag/PsdPlugin.rsp
[ 320/1046  0s] WriteText Library/Bee/artifacts/1900b0aE.dag/VContainer.rsp2
[ 321/1046  0s] WriteText Library/Bee/artifacts/1900b0aE.dag/Unity.2D.Aseprite.Editor.rsp2
[ 322/1046  0s] WriteText Library/Bee/artifacts/1900b0aE.dag/Unity.2D.IK.Editor.rsp2
[ 323/1046  0s] WriteText Library/Bee/artifacts/1900b0aE.dag/Unity.AI.Navigation.Updater.UnityAdditionalFile.txt
[ 324/1046  0s] WriteText Library/Bee/artifacts/1900b0aE.dag/Unity.2D.PixelPerfect.Editor.UnityAdditionalFile.txt
[ 325/1046  0s] WriteText Library/Bee/artifacts/1900b0aE.dag/Unity.2D.PixelPerfect.Editor.rsp2
[ 326/1046  0s] WriteText Library/Bee/artifacts/1900b0aE.dag/Unity.Timeline.Editor.rsp2
[ 327/1046  0s] WriteText Library/Bee/artifacts/1900b0aE.dag/Unity.2D.Psdimporter.Editor.UnityAdditionalFile.txt
[ 328/1046  0s] WriteText Library/Bee/artifacts/1900b0aE.dag/Unity.2D.Psdimporter.Editor.rsp2
[ 329/1046  0s] WriteText Library/Bee/artifacts/1900b0aE.dag/Unity.2D.SpriteShape.Editor.UnityAdditionalFile.txt
[ 330/1046  0s] WriteText Library/Bee/artifacts/1900b0aE.dag/Unity.VisualScripting.SettingsProvider.Editor.UnityAdditionalFile.txt
[ 331/1046  0s] WriteText Library/Bee/artifacts/1900b0aE.dag/Unity.2D.Tilemap.Extras.Editor.rsp2
[ 332/1046  0s] WriteText Library/Bee/artifacts/1900b0aE.dag/Unity.2D.SpriteShape.Editor.rsp2
[ 333/1046  0s] WriteText Library/Bee/artifacts/1900b0aE.dag/Unity.2D.IK.Editor.UnityAdditionalFile.txt
[ 334/1046  0s] WriteText Library/Bee/artifacts/1900b0aE.dag/Unity.RenderPipelines.ShaderGraph.ShaderGraphLibrary.UnityAdditionalFile.txt
[ 335/1046  0s] WriteText Library/Bee/artifacts/1900b0aE.dag/Unity.VisualScripting.SettingsProvider.Editor.rsp2
[ 336/1046  0s] WriteText Library/Bee/artifacts/1900b0aE.dag/Unity.RenderPipelines.ShaderGraph.ShaderGraphLibrary.rsp2
[ 337/1046  0s] WriteText Library/Bee/artifacts/1900b0aE.dag/Unity.VisualScripting.Shared.Editor.UnityAdditionalFile.txt
[ 338/1046  0s] WriteText Library/Bee/artifacts/1900b0aE.dag/Unity.RenderPipelines.Universal.Shaders.UnityAdditionalFile.txt
[ 339/1046  0s] WriteText Library/Bee/artifacts/1900b0aE.dag/Unity.VisualScripting.Shared.Editor.rsp2
[ 340/1046  0s] WriteText Library/Bee/artifacts/1900b0aE.dag/Unity.RenderPipelines.Universal.Shaders.rsp2
[ 341/1046  0s] WriteText Library/Bee/artifacts/1900b0aE.dag/Unity.Localization.Editor.rsp2
[ 342/1046  0s] WriteText Library/Bee/artifacts/1900b0aE.dag/Unity.RenderPipelines.Core.ShaderLibrary.UnityAdditionalFile.txt
[ 343/1046  0s] WriteText Library/Bee/artifacts/1900b0aE.dag/Unity.RenderPipelines.Core.ShaderLibrary.rsp2
[ 344/1046  0s] WriteText Library/Bee/artifacts/1900b0aE.dag/Unity.Localization.Editor.UnityAdditionalFile.txt
[ 345/1046  0s] WriteText Library/Bee/artifacts/1900b0aE.dag/Unity.2D.Tilemap.Extras.Editor.UnityAdditionalFile.txt
[ 346/1046  0s] WriteText Library/Bee/artifacts/1900b0aE.dag/Unity.Windsurf.Editor.UnityAdditionalFile.txt
[ 347/1046  0s] WriteText Library/Bee/artifacts/1900b0aE.dag/Unity.InputSystem.ForUI.rsp2
[ 348/1046  0s] WriteText Library/Bee/artifacts/1900b0aE.dag/Unity.2D.Aseprite.Editor.UnityAdditionalFile.txt
[ 349/1046  0s] WriteText Library/Bee/artifacts/1900b0aE.dag/Unity.Windsurf.Editor.rsp2
[ 350/1046  0s] WriteText Library/Bee/artifacts/1900b0aE.dag/Unity.TextMeshPro.Editor.UnityAdditionalFile.txt
[ 351/1046  0s] MovedFromExtractor Library/Bee/artifacts/mvdfrm/Unity.Plastic.Newtonsoft.Json.dll_9E613837ED2F7C82.mvfrm
[ 352/1046  0s] WriteText Library/Bee/artifacts/1900b0aE.dag/Unity.InputSystem.ForUI.UnityAdditionalFile.txt
[ 353/1046  0s] WriteText Library/Bee/artifacts/1900b0aE.dag/Unity.TextMeshPro.Editor.rsp2
[ 354/1046  0s] WriteText Library/Bee/artifacts/1900b0aE.dag/Unity.AI.Navigation.Updater.rsp2
[ 355/1046  0s] WriteText Library/Bee/artifacts/1900b0aE.dag/Unity.Timeline.Editor.UnityAdditionalFile.txt
[ 356/1046  0s] WriteText Library/Bee/artifacts/1900b0aE.dag/Unity.VisualStudio.Editor.rsp2
[ 357/1046  0s] WriteText Library/Bee/artifacts/1900b0aE.dag/Unity.Rider.Editor.dll.mvfrm.rsp
[ 358/1046  0s] WriteText Library/Bee/artifacts/1900b0aE.dag/Unity.PlasticSCM.Editor.dll.mvfrm.rsp
[ 359/1046  0s] WriteText Library/Bee/artifacts/1900b0aE.dag/VContainer.dll.mvfrm.rsp
[ 360/1046  0s] WriteText Library/Bee/artifacts/1900b0aE.dag/Unity.PlasticSCM.Editor.rsp
[ 361/1046  0s] WriteText Library/Bee/artifacts/1900b0aE.dag/Unity.VisualStudio.Editor.dll.mvfrm.rsp
[ 362/1046  0s] WriteText Library/Bee/artifacts/1900b0aE.dag/NavMeshPlus.dll.mvfrm.rsp
[ 363/1046  0s] WriteText Library/Bee/artifacts/1900b0aE.dag/Unity.2D.IK.Editor.dll.mvfrm.rsp
[ 364/1046  0s] WriteText Library/Bee/artifacts/1900b0aE.dag/Unity.2D.Aseprite.Editor.dll.mvfrm.rsp
[ 365/1046  0s] WriteText Library/Bee/artifacts/1900b0aE.dag/Unity.2D.PixelPerfect.Editor.dll.mvfrm.rsp
[ 366/1046  0s] WriteText Library/Bee/artifacts/1900b0aE.dag/Unity.RenderPipelines.Universal.Shaders.dll.mvfrm.rsp
[ 367/1046  0s] WriteText Library/Bee/artifacts/1900b0aE.dag/Unity.2D.Psdimporter.Editor.dll.mvfrm.rsp
[ 368/1046  0s] WriteText Library/Bee/artifacts/1900b0aE.dag/Unity.RenderPipelines.ShaderGraph.ShaderGraphLibrary.dll.mvfrm.rsp
[ 369/1046  0s] WriteText Library/Bee/artifacts/1900b0aE.dag/Unity.InputSystem.ForUI.dll.mvfrm.rsp
[ 370/1046  0s] WriteText Library/Bee/artifacts/1900b0aE.dag/Unity.Timeline.Editor.dll.mvfrm.rsp
[ 371/1046  0s] WriteText Library/Bee/artifacts/1900b0aE.dag/Unity.AI.Navigation.Updater.dll.mvfrm.rsp
[ 372/1046  0s] WriteText Library/Bee/artifacts/1900b0aE.dag/Unity.Localization.Editor.dll.mvfrm.rsp
[ 373/1046  0s] WriteText Library/Bee/artifacts/1900b0aE.dag/Unity.2D.Tilemap.Extras.Editor.dll.mvfrm.rsp
[ 374/1046  0s] WriteText Library/Bee/artifacts/1900b0aE.dag/Unity.2D.SpriteShape.Editor.dll.mvfrm.rsp
[ 375/1046  0s] WriteText Library/Bee/artifacts/1900b0aE.dag/Unity.VisualScripting.SettingsProvider.Editor.dll.mvfrm.rsp
[ 376/1046  0s] WriteText Library/Bee/artifacts/1900b0aE.dag/Unity.RenderPipelines.Core.ShaderLibrary.dll.mvfrm.rsp
[ 377/1046  0s] WriteText Library/Bee/artifacts/1900b0aE.dag/Unity.Windsurf.Editor.dll.mvfrm.rsp
[ 378/1046  0s] WriteText Library/Bee/artifacts/1900b0aE.dag/Unity.VisualScripting.Shared.Editor.dll.mvfrm.rsp
[ 379/1046  0s] WriteText Library/Bee/artifacts/1900b0aE.dag/NavMeshPlus.rsp
[ 380/1046  0s] WriteText Library/Bee/artifacts/1900b0aE.dag/VContainer.rsp
[ 381/1046  0s] WriteText Library/Bee/artifacts/1900b0aE.dag/Unity.Rider.Editor.rsp
[ 382/1046  0s] WriteText Library/Bee/artifacts/1900b0aE.dag/Unity.VisualStudio.Editor.rsp
[ 383/1046  0s] WriteText Library/Bee/artifacts/1900b0aE.dag/Unity.2D.IK.Editor.rsp
[ 384/1046  0s] WriteText Library/Bee/artifacts/1900b0aE.dag/Unity.2D.PixelPerfect.Editor.rsp
[ 385/1046  0s] WriteText Library/Bee/artifacts/1900b0aE.dag/Unity.2D.Psdimporter.Editor.rsp
[ 386/1046  0s] WriteText Library/Bee/artifacts/1900b0aE.dag/Unity.2D.SpriteShape.Editor.rsp
[ 387/1046  0s] WriteText Library/Bee/artifacts/1900b0aE.dag/Unity.2D.Tilemap.Extras.Editor.rsp
[ 388/1046  0s] WriteText Library/Bee/artifacts/1900b0aE.dag/Unity.AI.Navigation.Updater.rsp
[ 389/1046  0s] WriteText Library/Bee/artifacts/1900b0aE.dag/Unity.InputSystem.ForUI.rsp
[ 390/1046  0s] WriteText Library/Bee/artifacts/1900b0aE.dag/Unity.Localization.Editor.rsp
[ 391/1046  0s] WriteText Library/Bee/artifacts/1900b0aE.dag/Unity.RenderPipelines.Core.ShaderLibrary.rsp
[ 392/1046  0s] WriteText Library/Bee/artifacts/1900b0aE.dag/Unity.RenderPipelines.ShaderGraph.ShaderGraphLibrary.rsp
[ 393/1046  0s] WriteText Library/Bee/artifacts/1900b0aE.dag/Unity.RenderPipelines.Universal.Shaders.rsp
[ 394/1046  0s] WriteText Library/Bee/artifacts/1900b0aE.dag/Unity.TextMeshPro.Editor.dll.mvfrm.rsp
[ 395/1046  0s] WriteText Library/Bee/artifacts/1900b0aE.dag/Unity.TextMeshPro.Editor.rsp
[ 396/1046  0s] WriteText Library/Bee/artifacts/1900b0aE.dag/Unity.Timeline.Editor.rsp
[ 397/1046  0s] WriteText Library/Bee/artifacts/1900b0aE.dag/Unity.VisualScripting.Shared.Editor.rsp
[ 398/1046  0s] WriteText Library/Bee/artifacts/1900b0aE.dag/Unity.Windsurf.Editor.rsp
[ 399/1046  0s] WriteText Library/Bee/artifacts/1900b0aE.dag/Unity.2D.Aseprite.Editor.rsp
[ 400/1046  0s] WriteText Library/Bee/artifacts/1900b0aE.dag/PPv2URPConverters.rsp2
[ 401/1046  0s] WriteText Library/Bee/artifacts/1900b0aE.dag/VContainer.Editor.UnityAdditionalFile.txt
[ 402/1046  0s] WriteText Library/Bee/artifacts/1900b0aE.dag/NavMeshPlusEditor.rsp2
[ 403/1046  0s] WriteText Library/Bee/artifacts/1900b0aE.dag/PPv2URPConverters.UnityAdditionalFile.txt
[ 404/1046  0s] WriteText Library/Bee/artifacts/1900b0aE.dag/NavMeshPlusEditor.UnityAdditionalFile.txt
[ 405/1046  0s] WriteText Library/Bee/artifacts/1900b0aE.dag/VContainer.Editor.rsp2
[ 406/1046  0s] WriteText Library/Bee/artifacts/1900b0aE.dag/PPv2URPConverters.dll.mvfrm.rsp
[ 407/1046  0s] WriteText Library/Bee/artifacts/1900b0aE.dag/VContainer.Editor.dll.mvfrm.rsp
[ 408/1046  0s] WriteText Library/Bee/artifacts/1900b0aE.dag/NavMeshPlusEditor.dll.mvfrm.rsp
[ 409/1046  0s] WriteText Library/Bee/artifacts/1900b0aE.dag/PPv2URPConverters.rsp
[ 410/1046  0s] WriteText Library/Bee/artifacts/1900b0aE.dag/VContainer.Editor.rsp
[ 411/1046  0s] WriteText Library/Bee/artifacts/1900b0aE.dag/NavMeshPlusEditor.rsp
[ 412/1046  0s] WriteText Library/Bee/artifacts/1900b0aE.dag/Assembly-CSharp.rsp2
[ 413/1046  0s] WriteText Library/Bee/artifacts/1900b0aE.dag/Assembly-CSharp.UnityAdditionalFile.txt
[ 414/1046  0s] WriteText Library/Bee/artifacts/1900b0aE.dag/Assembly-CSharp.dll.mvfrm.rsp
[ 415/1046  0s] WriteText Library/Bee/artifacts/1900b0aE.dag/Assembly-CSharp.rsp
[ 416/1046  0s] WriteText Library/Bee/artifacts/1900b0aE.dag/Unity.InputSystem.TestFramework.dll.mvfrm.rsp
[ 417/1046  0s] WriteText Library/Bee/artifacts/1900b0aE.dag/Unity.InputSystem.DocCodeSamples.dll.mvfrm.rsp
[ 418/1046  0s] WriteText Library/Bee/artifacts/1900b0aE.dag/Unity.VisualScripting.SettingsProvider.Editor.rsp
[ 419/1046  0s] WriteText Library/Bee/artifacts/1900b0aE.dag/Unity.InputSystem.TestFramework.rsp2
[ 420/1046  0s] WriteText Library/Bee/artifacts/1900b0aE.dag/Unity.Collections.DocCodeSamples.dll.mvfrm.rsp
[ 421/1046  0s] MovedFromExtractor Library/Bee/artifacts/mvdfrm/UnityEngine.NVIDIAModule.dll_44BAE9DB6B8148AD.mvfrm
[ 422/1046  0s] WriteText Library/Bee/artifacts/1900b0aE.dag/Unity.CollabProxy.Editor.dll.mvfrm.rsp
[ 423/1046  0s] WriteText Library/Bee/artifacts/1900b0aE.dag/Unity.Collections.BurstCompatibilityGen.dll.mvfrm.rsp
[ 424/1046  0s] WriteText Library/Bee/artifacts/1900b0aE.dag/Unity.Addressables.Editor.Tests.DocExampleCode.dll.mvfrm.rsp
[ 425/1046  0s] WriteText Library/Bee/artifacts/1900b0aE.dag/Assembly-CSharp-Editor.dll.mvfrm.rsp
[ 426/1046  0s] WriteText Library/Bee/artifacts/1900b0aE.dag/Unity.InputSystem.DocCodeSamples.rsp2
[ 427/1046  0s] WriteText Library/Bee/artifacts/1900b0aE.dag/Unity.Addressables.Editor.Tests.DocExampleCode.UnityAdditionalFile.txt
[ 428/1046  0s] WriteText Library/Bee/artifacts/1900b0aE.dag/Unity.Collections.DocCodeSamples.rsp2
[ 429/1046  0s] WriteText Library/Bee/artifacts/1900b0aE.dag/Unity.Collections.BurstCompatibilityGen.UnityAdditionalFile.txt
[ 430/1046  0s] WriteText Library/Bee/artifacts/1900b0aE.dag/Unity.InputSystem.DocCodeSamples.UnityAdditionalFile.txt
[ 431/1046  0s] WriteText Library/Bee/artifacts/1900b0aE.dag/Unity.InputSystem.TestFramework.rsp
[ 432/1046  0s] WriteText Library/Bee/artifacts/1900b0aE.dag/Unity.Collections.DocCodeSamples.UnityAdditionalFile.txt
[ 433/1046  0s] WriteText Library/Bee/artifacts/1900b0aE.dag/Unity.Addressables.Editor.Tests.DocExampleCode.rsp2
[ 434/1046  0s] WriteText Library/Bee/artifacts/1900b0aE.dag/Unity.InputSystem.TestFramework.UnityAdditionalFile.txt
[ 435/1046  0s] WriteText Library/Bee/artifacts/1900b0aE.dag/Unity.Collections.BurstCompatibilityGen.rsp2
[ 436/1046  0s] WriteText Library/Bee/artifacts/1900b0aE.dag/Unity.CollabProxy.Editor.UnityAdditionalFile.txt
[ 437/1046  0s] WriteText Library/Bee/artifacts/1900b0aE.dag/Unity.CollabProxy.Editor.rsp2
[ 438/1046  0s] WriteText Library/Bee/artifacts/1900b0aE.dag/Assembly-CSharp-Editor.rsp2
[ 439/1046  0s] WriteText Library/Bee/artifacts/1900b0aE.dag/Unity.InputSystem.DocCodeSamples.rsp
[ 440/1046  0s] WriteText Library/Bee/artifacts/1900b0aE.dag/Unity.Collections.BurstCompatibilityGen.rsp
[ 441/1046  0s] WriteText Library/Bee/artifacts/1900b0aE.dag/Unity.CollabProxy.Editor.rsp
[ 442/1046  0s] WriteText Library/Bee/artifacts/1900b0aE.dag/Unity.Addressables.Editor.Tests.DocExampleCode.rsp
[ 443/1046  0s] WriteText Library/Bee/artifacts/1900b0aE.dag/Assembly-CSharp-Editor.rsp
[ 444/1046  0s] WriteText Library/Bee/artifacts/1900b0aE.dag/Unity.Collections.DocCodeSamples.rsp
[ 445/1046  0s] WriteResponseFile Library/Bee/artifacts/rsp/11169319360261780333.rsp
[ 446/1046  0s] WriteResponseFile Library/Bee/artifacts/rsp/5916180605834378387.rsp
[ 447/1046  0s] WriteResponseFile Library/Bee/artifacts/rsp/9870516708743257357.rsp
[ 448/1046  0s] WriteResponseFile Library/Bee/artifacts/rsp/18218310762646611085.rsp
[ 449/1046  0s] WriteResponseFile Library/Bee/artifacts/rsp/3961525668064847622.rsp
[ 450/1046  0s] WriteResponseFile Library/Bee/artifacts/rsp/5803490648119114145.rsp
[ 451/1046  0s] WriteResponseFile Library/Bee/artifacts/rsp/7038082120299526273.rsp
[ 452/1046  0s] WriteResponseFile Library/Bee/artifacts/rsp/10242357726576751070.rsp
[ 453/1046  0s] WriteResponseFile Library/Bee/artifacts/rsp/5546506141355401238.rsp
[ 454/1046  0s] WriteResponseFile Library/Bee/artifacts/rsp/3258459190130463912.rsp
[ 455/1046  0s] WriteResponseFile Library/Bee/artifacts/rsp/10654825778349625970.rsp
[ 456/1046  0s] WriteResponseFile Library/Bee/artifacts/rsp/2157608619508796868.rsp
[ 457/1046  0s] WriteResponseFile Library/Bee/artifacts/rsp/3064155424177982801.rsp
[ 458/1046  0s] WriteResponseFile Library/Bee/artifacts/rsp/11294775302662683298.rsp
[ 459/1046  0s] WriteResponseFile Library/Bee/artifacts/rsp/4014436084419441659.rsp
[ 460/1046  0s] WriteResponseFile Library/Bee/artifacts/rsp/8899139255040401798.rsp
[ 461/1046  0s] WriteResponseFile Library/Bee/artifacts/rsp/10571807241835812913.rsp
[ 462/1046  0s] WriteResponseFile Library/Bee/artifacts/rsp/11932646040550446581.rsp
[ 463/1046  0s] WriteResponseFile Library/Bee/artifacts/rsp/4691676790321305727.rsp
[ 464/1046  0s] WriteResponseFile Library/Bee/artifacts/rsp/13124968201089780350.rsp
[ 465/1046  0s] WriteResponseFile Library/Bee/artifacts/rsp/1410676725171572189.rsp
[ 466/1046  0s] WriteResponseFile Library/Bee/artifacts/rsp/17525389461119239690.rsp
[ 467/1046  0s] WriteResponseFile Library/Bee/artifacts/rsp/15085861467720516389.rsp
[ 468/1046  0s] WriteResponseFile Library/Bee/artifacts/rsp/5249134988916615986.rsp
[ 469/1046  0s] WriteResponseFile Library/Bee/artifacts/rsp/3410860103080533286.rsp
[ 470/1046  0s] WriteResponseFile Library/Bee/artifacts/rsp/11399202204774354758.rsp
[ 471/1046  0s] WriteResponseFile Library/Bee/artifacts/rsp/16539590602096838037.rsp
[ 472/1046  0s] WriteResponseFile Library/Bee/artifacts/rsp/10010842633742469623.rsp
[ 473/1046  0s] WriteResponseFile Library/Bee/artifacts/rsp/10654656162358534522.rsp
[ 474/1046  0s] WriteResponseFile Library/Bee/artifacts/rsp/12743953686143551850.rsp
[ 475/1046  0s] WriteResponseFile Library/Bee/artifacts/rsp/10678863128556690338.rsp
[ 476/1046  0s] WriteResponseFile Library/Bee/artifacts/rsp/14832617886295879631.rsp
[ 477/1046  0s] WriteResponseFile Library/Bee/artifacts/rsp/1418726328684876121.rsp
[ 478/1046  0s] WriteResponseFile Library/Bee/artifacts/rsp/17346584914308636752.rsp
[ 479/1046  0s] WriteResponseFile Library/Bee/artifacts/rsp/11344994280883157806.rsp
[ 480/1046  0s] WriteResponseFile Library/Bee/artifacts/rsp/13686715218353603589.rsp
[ 481/1046  0s] WriteResponseFile Library/Bee/artifacts/rsp/3648465134513896125.rsp
[ 482/1046  0s] WriteResponseFile Library/Bee/artifacts/rsp/17766336155681823506.rsp
[ 483/1046  0s] WriteResponseFile Library/Bee/artifacts/rsp/12697856024727907050.rsp
[ 484/1046  0s] WriteResponseFile Library/Bee/artifacts/rsp/10292501669419677951.rsp
[ 485/1046  0s] WriteResponseFile Library/Bee/artifacts/rsp/7902948547077102519.rsp
[ 486/1046  0s] WriteResponseFile Library/Bee/artifacts/rsp/13439087796855272166.rsp
[ 487/1046  0s] WriteResponseFile Library/Bee/artifacts/rsp/17738801749825545598.rsp
[ 488/1046  0s] WriteResponseFile Library/Bee/artifacts/rsp/8863518860715653438.rsp
[ 489/1046  0s] WriteResponseFile Library/Bee/artifacts/rsp/3938377011463375229.rsp
[ 490/1046  0s] WriteResponseFile Library/Bee/artifacts/rsp/14402696373757716438.rsp
[ 491/1046  0s] WriteResponseFile Library/Bee/artifacts/rsp/12248871281822510316.rsp
[ 492/1046  0s] WriteResponseFile Library/Bee/artifacts/rsp/6667537176526942323.rsp
[ 493/1046  0s] WriteResponseFile Library/Bee/artifacts/rsp/2748579161423703319.rsp
[ 494/1046  0s] WriteResponseFile Library/Bee/artifacts/rsp/14814235663552238418.rsp
[ 495/1046  0s] WriteResponseFile Library/Bee/artifacts/rsp/6841316898876630997.rsp
[ 496/1046  0s] WriteResponseFile Library/Bee/artifacts/rsp/16942202937359522267.rsp
[ 497/1046  0s] WriteResponseFile Library/Bee/artifacts/rsp/4772145154433932943.rsp
[ 498/1046  0s] WriteResponseFile Library/Bee/artifacts/rsp/5521740788080646575.rsp
[ 499/1046  0s] WriteResponseFile Library/Bee/artifacts/rsp/2499735490941455596.rsp
[ 500/1046  0s] WriteResponseFile Library/Bee/artifacts/rsp/16830984227833555321.rsp
[ 501/1046  0s] WriteResponseFile Library/Bee/artifacts/rsp/17023088025787609436.rsp
[ 502/1046  0s] WriteResponseFile Library/Bee/artifacts/rsp/13161074935061860464.rsp
[ 503/1046  0s] WriteResponseFile Library/Bee/artifacts/rsp/6210570011482043853.rsp
[ 504/1046  0s] WriteResponseFile Library/Bee/artifacts/rsp/13445476680238899994.rsp
[ 505/1046  0s] WriteResponseFile Library/Bee/artifacts/rsp/3043913547040211301.rsp
[ 506/1046  0s] WriteResponseFile Library/Bee/artifacts/rsp/15183149355271759364.rsp
[ 507/1046  0s] WriteResponseFile Library/Bee/artifacts/rsp/1723042715960067801.rsp
[ 508/1046  0s] WriteResponseFile Library/Bee/artifacts/rsp/7759033573704817190.rsp
[ 509/1046  0s] WriteResponseFile Library/Bee/artifacts/rsp/9675442845102135732.rsp
[ 510/1046  0s] WriteResponseFile Library/Bee/artifacts/rsp/15394042617203071315.rsp
[ 511/1046  0s] WriteResponseFile Library/Bee/artifacts/rsp/9111662996337956171.rsp
[ 512/1046  0s] WriteResponseFile Library/Bee/artifacts/rsp/7168266853217099875.rsp
[ 513/1046  0s] WriteResponseFile Library/Bee/artifacts/rsp/6947401630772442630.rsp
[ 514/1046  0s] WriteResponseFile Library/Bee/artifacts/rsp/7634377931854478575.rsp
[ 515/1046  0s] WriteResponseFile Library/Bee/artifacts/rsp/2240406767038398906.rsp
[ 516/1046  0s] WriteResponseFile Library/Bee/artifacts/rsp/11120222558271035938.rsp
[ 517/1046  0s] WriteResponseFile Library/Bee/artifacts/rsp/16285879237017002407.rsp
[ 518/1046  0s] WriteResponseFile Library/Bee/artifacts/rsp/11295897478892413411.rsp
[ 519/1046  0s] WriteResponseFile Library/Bee/artifacts/rsp/5806762800881712256.rsp
[ 520/1046  0s] WriteResponseFile Library/Bee/artifacts/rsp/3818794330681902346.rsp
[ 521/1046  0s] WriteResponseFile Library/Bee/artifacts/rsp/2400031028012695012.rsp
[ 522/1046  0s] WriteResponseFile Library/Bee/artifacts/rsp/8336928665352126947.rsp
[ 523/1046  0s] WriteResponseFile Library/Bee/artifacts/rsp/9703144790800738880.rsp
[ 524/1046  0s] WriteResponseFile Library/Bee/artifacts/rsp/3388064732626934676.rsp
[ 525/1046  0s] WriteResponseFile Library/Bee/artifacts/rsp/2781082588993088484.rsp
[ 526/1046  0s] WriteResponseFile Library/Bee/artifacts/rsp/12812556936427222528.rsp
[ 527/1046  0s] WriteResponseFile Library/Bee/artifacts/rsp/15312589170787849123.rsp
[ 528/1046  0s] WriteText Library/Bee/artifacts/1900b0aE.dag/Assembly-CSharp-Editor.UnityAdditionalFile.txt
[ 529/1046  0s] MovedFromExtractor Library/Bee/artifacts/mvdfrm/Unity.Burst.Unsafe.dll_A517FB761D8E7EB1.mvfrm
[ 530/1046  0s] MovedFromExtractor Library/Bee/artifacts/mvdfrm/Unity.Plastic.Antlr3.Runtime.dll_CAF2879A0E529303.mvfrm
[ 531/1046  0s] MovedFromExtractorCombine Library/Bee/artifacts/1900b0aE.dag/UnityEngine.TestRunner.dll.mvfrm
[ 532/1046  0s] MovedFromExtractor Library/Bee/artifacts/mvdfrm/Unity.Burst.Cecil.Pdb.dll_7772DEB86CC6F682.mvfrm
[ 533/1046  0s] MovedFromExtractor Library/Bee/artifacts/mvdfrm/Unity.Burst.Cecil.Mdb.dll_60206648EE11F4FF.mvfrm
[ 534/1046  0s] MovedFromExtractor Library/Bee/artifacts/mvdfrm/Unity.Burst.Cecil.dll_71CBC90510A57142.mvfrm
[ 535/1046  0s] MovedFromExtractor Library/Bee/artifacts/mvdfrm/Unity.Burst.Cecil.Rocks.dll_27DE205084783AE2.mvfrm
[ 536/1046  0s] MovedFromExtractor Library/Bee/artifacts/mvdfrm/Unity.CompilationPipeline.Common.dll_A133A979469224E4.mvfrm
[ 536/1046  0s] Csc Library/Bee/artifacts/1900b0aE.dag/UnityEngine.TestRunner.dll (+2 others) [CacheHit 1cce13d8e3e675d0f23328e574a8045d00000000000000000000000000000003]
[ 537/1046 1791204562s] Csc Library/Bee/artifacts/1900b0aE.dag/UnityEngine.TestRunner.dll (+2 others)
[ 539/1046  0s] CopyFiles Library/ScriptAssemblies/UnityEngine.TestRunner.pdb
[ 540/1046  0s] MovedFromExtractorCombine Library/Bee/artifacts/1900b0aE.dag/UnityEngine.UI.dll.mvfrm
[ 539/1046  0s] Csc Library/Bee/artifacts/1900b0aE.dag/UnityEngine.UI.dll (+2 others) [CacheHit 9285f83f93534361047e6b000fe9108a00000000000000000000000000000003]
[ 541/1046 1791204562s] Csc Library/Bee/artifacts/1900b0aE.dag/UnityEngine.UI.dll (+2 others)
[ 543/1046  0s] MovedFromExtractor Library/Bee/artifacts/mvdfrm/Unity.Localization.ThirdParty.Editor.dll_3DE1849169A657DD.mvfrm
[ 544/1046  0s] CopyFiles Library/ScriptAssemblies/UnityEngine.TestRunner.dll
[ 545/1046  0s] MovedFromExtractor Library/Bee/artifacts/mvdfrm/UnityEngine.TestRunner.ref.dll_E55D0F7C63F01D9E.mvfrm
[ 546/1046  0s] MovedFromExtractor Library/Bee/artifacts/mvdfrm/UnityEngine.UI.ref.dll_08FEAA520A2EFD60.mvfrm
[ 547/1046  0s] MovedFromExtractorCombine Library/Bee/artifacts/1900b0aE.dag/UnityEditor.TestRunner.dll.mvfrm
[ 545/1046  0s] Csc Library/Bee/artifacts/1900b0aE.dag/UnityEditor.TestRunner.dll (+2 others) [CacheHit 546c34e7a75b8489954c8ea63a31e80500000000000000000000000000000003]
[ 548/1046 1791204562s] Csc Library/Bee/artifacts/1900b0aE.dag/UnityEditor.TestRunner.dll (+2 others)
C:\RoguelikePrototype\Library\PackageCache\com.unity.test-framework@1.1.33\UnityEditor.TestRunner\TestLaunchers\PlatformSetup\PlatformSpecificSetup.cs(118,18): warning CS0618: 'BuildTarget.Lumin' is obsolete: 'Lumin has been removed in 2022.2'


C:\RoguelikePrototype\Library\PackageCache\com.unity.test-framework@1.1.33\UnityEditor.TestRunner\TestLaunchers\PlatformSetup\UwpPlatformSetup.cs(26,17): warning CS0618: 'EditorUserBuildSettings.wsaSubtarget' is obsolete: 'EditorUserBuildSettings.wsaSubtarget is obsolete and has no effect. It will be removed in a subsequent Unity release.'


C:\RoguelikePrototype\Library\PackageCache\com.unity.test-framework@1.1.33\UnityEditor.TestRunner\TestLaunchers\PlatformSetup\UwpPlatformSetup.cs(26,56): warning CS0618: 'WSASubtarget' is obsolete: 'WSASubtarget is obsolete and has no effect. It will be removed in a subsequent Unity release.'


C:\RoguelikePrototype\Library\PackageCache\com.unity.test-framework@1.1.33\UnityEditor.TestRunner\TestLaunchers\PlayerLauncher.cs(138,59): warning CS0618: 'BuildTarget.Lumin' is obsolete: 'Lumin has been removed in 2022.2'
C:\RoguelikePrototype\Library\PackageCache\com.unity.test-framework@1.1.33\UnityEditor.TestRunner\TestLaunchers\PlatformSetup\PlatformSpecificSetup.cs(118,18): warning CS0618: 'BuildTarget.Lumin' is obsolete: 'Lumin has been removed in 2022.2'


C:\RoguelikePrototype\Library\PackageCache\com.unity.test-framework@1.1.33\UnityEditor.TestRunner\TestLaunchers\PlatformSetup\UwpPlatformSetup.cs(26,17): warning CS0618: 'EditorUserBuildSettings.wsaSubtarget' is obsolete: 'EditorUserBuildSettings.wsaSubtarget is obsolete and has no effect. It will be removed in a subsequent Unity release.'


C:\RoguelikePrototype\Library\PackageCache\com.unity.test-framework@1.1.33\UnityEditor.TestRunner\TestLaunchers\PlatformSetup\UwpPlatformSetup.cs(26,56): warning CS0618: 'WSASubtarget' is obsolete: 'WSASubtarget is obsolete and has no effect. It will be removed in a subsequent Unity release.'


C:\RoguelikePrototype\Library\PackageCache\com.unity.test-framework@1.1.33\UnityEditor.TestRunner\TestLaunchers\PlayerLauncher.cs(138,59): warning CS0618: 'BuildTarget.Lumin' is obsolete: 'Lumin has been removed in 2022.2'
[ 550/1046  0s] CopyFiles Library/ScriptAssemblies/UnityEditor.TestRunner.pdb
[ 551/1046  0s] CopyFiles Library/ScriptAssemblies/UnityEditor.TestRunner.dll
[ 552/1046  0s] MovedFromExtractor Library/Bee/artifacts/mvdfrm/UnityEditor.TestRunner.ref.dll_193EC4CE382CBFB3.mvfrm
[ 553/1046  0s] MovedFromExtractorCombine Library/Bee/artifacts/1900b0aE.dag/UnityEditor.UI.dll.mvfrm
[ 550/1046  0s] Csc Library/Bee/artifacts/1900b0aE.dag/UnityEditor.UI.dll (+2 others) [CacheHit ff7059918db30352807115571c83894000000000000000000000000000000003]
[ 554/1046 1791204562s] Csc Library/Bee/artifacts/1900b0aE.dag/UnityEditor.UI.dll (+2 others)
[ 556/1046  0s] MovedFromExtractor Library/Bee/artifacts/mvdfrm/UnityEditor.UI.ref.dll_4C98D3F7040CD4F5.mvfrm
[ 557/1046  0s] MovedFromExtractorCombine Library/Bee/artifacts/1900b0aE.dag/Unity.Mathematics.dll.mvfrm
[ 558/1046  0s] MovedFromExtractorCombine Library/Bee/artifacts/1900b0aE.dag/Unity.ShaderGraph.Utilities.dll.mvfrm
[ 559/1046  0s] MovedFromExtractorCombine Library/Bee/artifacts/1900b0aE.dag/Unity.TextMeshPro.dll.mvfrm
[ 560/1046  0s] MovedFromExtractorCombine Library/Bee/artifacts/1900b0aE.dag/Unity.InputSystem.dll.mvfrm
[ 561/1046  0s] MovedFromExtractorCombine Library/Bee/artifacts/1900b0aE.dag/Unity.InternalAPIEngineBridge.001.dll.mvfrm
[ 562/1046  0s] MovedFromExtractorCombine Library/Bee/artifacts/1900b0aE.dag/Unity.ScriptableBuildPipeline.dll.mvfrm
[ 563/1046  0s] MovedFromExtractorCombine Library/Bee/artifacts/1900b0aE.dag/Unity.AI.Navigation.dll.mvfrm
[ 564/1046  0s] MovedFromExtractorCombine Library/Bee/artifacts/1900b0aE.dag/Unity.Burst.dll.mvfrm
[ 565/1046  0s] MovedFromExtractorCombine Library/Bee/artifacts/1900b0aE.dag/Unity.2D.Sprite.Editor.dll.mvfrm
[ 566/1046  0s] MovedFromExtractorCombine Library/Bee/artifacts/1900b0aE.dag/Unity.RenderPipelines.Universal.2D.Internal.dll.mvfrm
[ 567/1046  0s] MovedFromExtractorCombine Library/Bee/artifacts/1900b0aE.dag/Unity.ResourceManager.dll.mvfrm
[ 568/1046  0s] MovedFromExtractorCombine Library/Bee/artifacts/1900b0aE.dag/Unity.Searcher.Editor.dll.mvfrm
[ 564/1046  0s] Csc Library/Bee/artifacts/1900b0aE.dag/Unity.InternalAPIEngineBridge.001.dll (+2 others) [CacheHit 9aa103e37172dbad83dd059fe77f33dc00000000000000000000000000000003]
[ 569/1046 1791204563s] Csc Library/Bee/artifacts/1900b0aE.dag/Unity.InternalAPIEngineBridge.001.dll (+2 others)
[ 565/1046  0s] Csc Library/Bee/artifacts/1900b0aE.dag/Unity.ShaderGraph.Utilities.dll (+2 others) [CacheHit ba8fec1a51bcffe2fd898d7e509164d400000000000000000000000000000003]
[ 571/1046 1791204563s] Csc Library/Bee/artifacts/1900b0aE.dag/Unity.ShaderGraph.Utilities.dll (+2 others)
[ 566/1046  0s] Csc Library/Bee/artifacts/1900b0aE.dag/Unity.Mathematics.dll (+2 others) [CacheHit 8a1b0261a6ac499fb598e4200fe8009000000000000000000000000000000003]
[ 573/1046 1791204563s] Csc Library/Bee/artifacts/1900b0aE.dag/Unity.Mathematics.dll (+2 others)
[ 567/1046  0s] Csc Library/Bee/artifacts/1900b0aE.dag/Unity.TextMeshPro.dll (+2 others) [CacheHit 47522065a0d755f68a4cc026d1dac78500000000000000000000000000000003]
[ 575/1046 1791204563s] Csc Library/Bee/artifacts/1900b0aE.dag/Unity.TextMeshPro.dll (+2 others)
C:\RoguelikePrototype\Library\PackageCache\com.unity.textmeshpro@3.0.7\Scripts\Runtime\TMP_FontAsset.cs(1508,17): warning CS0618: 'Texture2D.Resize(int, int)' is obsolete: 'Texture2D.Resize(int, int) has been deprecated because it actually reinitializes the texture. Use Texture2D.Reinitialize(int, int) instead (UnityUpgradable) -> Reinitialize([*] System.Int32, [*] System.Int32)'


C:\RoguelikePrototype\Library\PackageCache\com.unity.textmeshpro@3.0.7\Scripts\Runtime\TMP_FontAsset.cs(1730,17): warning CS0618: 'Texture2D.Resize(int, int)' is obsolete: 'Texture2D.Resize(int, int) has been deprecated because it actually reinitializes the texture. Use Texture2D.Reinitialize(int, int) instead (UnityUpgradable) -> Reinitialize([*] System.Int32, [*] System.Int32)'


C:\RoguelikePrototype\Library\PackageCache\com.unity.textmeshpro@3.0.7\Scripts\Runtime\TMP_FontAsset.cs(2074,17): warning CS0618: 'Texture2D.Resize(int, int)' is obsolete: 'Texture2D.Resize(int, int) has been deprecated because it actually reinitializes the texture. Use Texture2D.Reinitialize(int, int) instead (UnityUpgradable) -> Reinitialize([*] System.Int32, [*] System.Int32)'


C:\RoguelikePrototype\Library\PackageCache\com.unity.textmeshpro@3.0.7\Scripts\Runtime\TMP_FontAsset.cs(2444,17): warning CS0618: 'Texture2D.Resize(int, int)' is obsolete: 'Texture2D.Resize(int, int) has been deprecated because it actually reinitializes the texture. Use Texture2D.Reinitialize(int, int) instead (UnityUpgradable) -> Reinitialize([*] System.Int32, [*] System.Int32)'


C:\RoguelikePrototype\Library\PackageCache\com.unity.textmeshpro@3.0.7\Scripts\Runtime\TMP_FontAsset.cs(2846,17): warning CS0618: 'Texture2D.Resize(int, int, TextureFormat, bool)' is obsolete: 'Texture2D.Resize(int, int, TextureFormat, bool) has been deprecated because it actually reinitializes the texture. Use Texture2D.Reinitialize(int, int, TextureFormat, bool) instead (UnityUpgradable) -> Reinitialize([*] System.Int32, [*] System.Int32, UnityEngine.TextureFormat, [*] System.Boolean)'


C:\RoguelikePrototype\Library\PackageCache\com.unity.textmeshpro@3.0.7\Scripts\Runtime\TMP_FontAsset.cs(2850,17): warning CS0618: 'Texture2D.Resize(int, int, TextureFormat, bool)' is obsolete: 'Texture2D.Resize(int, int, TextureFormat, bool) has been deprecated because it actually reinitializes the texture. Use Texture2D.Reinitialize(int, int, TextureFormat, bool) instead (UnityUpgradable) -> Reinitialize([*] System.Int32, [*] System.Int32, UnityEngine.TextureFormat, [*] System.Boolean)'
C:\RoguelikePrototype\Library\PackageCache\com.unity.textmeshpro@3.0.7\Scripts\Runtime\TMP_FontAsset.cs(1508,17): warning CS0618: 'Texture2D.Resize(int, int)' is obsolete: 'Texture2D.Resize(int, int) has been deprecated because it actually reinitializes the texture. Use Texture2D.Reinitialize(int, int) instead (UnityUpgradable) -> Reinitialize([*] System.Int32, [*] System.Int32)'


C:\RoguelikePrototype\Library\PackageCache\com.unity.textmeshpro@3.0.7\Scripts\Runtime\TMP_FontAsset.cs(1730,17): warning CS0618: 'Texture2D.Resize(int, int)' is obsolete: 'Texture2D.Resize(int, int) has been deprecated because it actually reinitializes the texture. Use Texture2D.Reinitialize(int, int) instead (UnityUpgradable) -> Reinitialize([*] System.Int32, [*] System.Int32)'


C:\RoguelikePrototype\Library\PackageCache\com.unity.textmeshpro@3.0.7\Scripts\Runtime\TMP_FontAsset.cs(2074,17): warning CS0618: 'Texture2D.Resize(int, int)' is obsolete: 'Texture2D.Resize(int, int) has been deprecated because it actually reinitializes the texture. Use Texture2D.Reinitialize(int, int) instead (UnityUpgradable) -> Reinitialize([*] System.Int32, [*] System.Int32)'


C:\RoguelikePrototype\Library\PackageCache\com.unity.textmeshpro@3.0.7\Scripts\Runtime\TMP_FontAsset.cs(2444,17): warning CS0618: 'Texture2D.Resize(int, int)' is obsolete: 'Texture2D.Resize(int, int) has been deprecated because it actually reinitializes the texture. Use Texture2D.Reinitialize(int, int) instead (UnityUpgradable) -> Reinitialize([*] System.Int32, [*] System.Int32)'


C:\RoguelikePrototype\Library\PackageCache\com.unity.textmeshpro@3.0.7\Scripts\Runtime\TMP_FontAsset.cs(2846,17): warning CS0618: 'Texture2D.Resize(int, int, TextureFormat, bool)' is obsolete: 'Texture2D.Resize(int, int, TextureFormat, bool) has been deprecated because it actually reinitializes the texture. Use Texture2D.Reinitialize(int, int, TextureFormat, bool) instead (UnityUpgradable) -> Reinitialize([*] System.Int32, [*] System.Int32, UnityEngine.TextureFormat, [*] System.Boolean)'


C:\RoguelikePrototype\Library\PackageCache\com.unity.textmeshpro@3.0.7\Scripts\Runtime\TMP_FontAsset.cs(2850,17): warning CS0618: 'Texture2D.Resize(int, int, TextureFormat, bool)' is obsolete: 'Texture2D.Resize(int, int, TextureFormat, bool) has been deprecated because it actually reinitializes the texture. Use Texture2D.Reinitialize(int, int, TextureFormat, bool) instead (UnityUpgradable) -> Reinitialize([*] System.Int32, [*] System.Int32, UnityEngine.TextureFormat, [*] System.Boolean)'
[ 568/1046  0s] Csc Library/Bee/artifacts/1900b0aE.dag/Unity.Burst.dll (+2 others) [CacheHit 3c1d13d12e8acb885c7b40503c13916100000000000000000000000000000003]
[ 577/1046 1791204563s] Csc Library/Bee/artifacts/1900b0aE.dag/Unity.Burst.dll (+2 others)
[ 569/1046  0s] Csc Library/Bee/artifacts/1900b0aE.dag/Unity.ScriptableBuildPipeline.dll (+2 others) [CacheHit 88a6440c352da7d0f637cdcc0f62c2d200000000000000000000000000000003]
[ 579/1046 1791204563s] Csc Library/Bee/artifacts/1900b0aE.dag/Unity.ScriptableBuildPipeline.dll (+2 others)
[ 570/1046  0s] Csc Library/Bee/artifacts/1900b0aE.dag/Unity.2D.Sprite.Editor.dll (+2 others) [CacheHit f5ed892c9749562cbbc13e0eec2d055100000000000000000000000000000003]
[ 581/1046 1791204563s] Csc Library/Bee/artifacts/1900b0aE.dag/Unity.2D.Sprite.Editor.dll (+2 others)
[ 571/1046  0s] Csc Library/Bee/artifacts/1900b0aE.dag/Unity.ResourceManager.dll (+2 others) [CacheHit b03b11dbe92af3f11cf839d10ffd5fa300000000000000000000000000000003]
[ 583/1046 1791204563s] Csc Library/Bee/artifacts/1900b0aE.dag/Unity.ResourceManager.dll (+2 others)
[ 572/1046  0s] Csc Library/Bee/artifacts/1900b0aE.dag/Unity.RenderPipelines.Universal.2D.Internal.dll (+2 others) [CacheHit 743b28ee22b3f14c5eefbe1417dfd20a00000000000000000000000000000003]
[ 585/1046 1791204563s] Csc Library/Bee/artifacts/1900b0aE.dag/Unity.RenderPipelines.Universal.2D.Internal.dll (+2 others)
[ 573/1046  0s] Csc Library/Bee/artifacts/1900b0aE.dag/Unity.InputSystem.dll (+2 others) [CacheHit 22595e7aabbef1e5c2811f186d8cfc4000000000000000000000000000000003]
[ 587/1046 1791204563s] Csc Library/Bee/artifacts/1900b0aE.dag/Unity.InputSystem.dll (+2 others)
[ 574/1046  0s] Csc Library/Bee/artifacts/1900b0aE.dag/Unity.Searcher.Editor.dll (+2 others) [CacheHit 034b3d3f1acf70b5e7b9c6d1cef384bb00000000000000000000000000000003]
[ 589/1046 1791204563s] Csc Library/Bee/artifacts/1900b0aE.dag/Unity.Searcher.Editor.dll (+2 others)
C:\RoguelikePrototype\Library\PackageCache\com.unity.searcher@4.9.2\Editor\Searcher\SearcherControl.cs(73,17): warning CS0618: 'BaseVerticalCollectionView.onItemsChosen' is obsolete: 'onItemsChosen is deprecated, use itemsChosen instead'


C:\RoguelikePrototype\Library\PackageCache\com.unity.searcher@4.9.2\Editor\Searcher\SearcherControl.cs(74,17): warning CS0618: 'BaseVerticalCollectionView.onSelectionChange' is obsolete: 'onSelectionChange is deprecated, use selectionChanged instead'
C:\RoguelikePrototype\Library\PackageCache\com.unity.searcher@4.9.2\Editor\Searcher\SearcherControl.cs(73,17): warning CS0618: 'BaseVerticalCollectionView.onItemsChosen' is obsolete: 'onItemsChosen is deprecated, use itemsChosen instead'


C:\RoguelikePrototype\Library\PackageCache\com.unity.searcher@4.9.2\Editor\Searcher\SearcherControl.cs(74,17): warning CS0618: 'BaseVerticalCollectionView.onSelectionChange' is obsolete: 'onSelectionChange is deprecated, use selectionChanged instead'
[ 575/1046  0s] Csc Library/Bee/artifacts/1900b0aE.dag/Unity.AI.Navigation.dll (+2 others) [CacheHit a4e0ded7b573aa36058ab0b8d4e7d70400000000000000000000000000000003]
[ 591/1046 1791204563s] Csc Library/Bee/artifacts/1900b0aE.dag/Unity.AI.Navigation.dll (+2 others)
[ 593/1046  0s] MovedFromExtractorCombine Library/Bee/artifacts/1900b0aE.dag/Unity.AI.Navigation.Editor.ConversionSystem.dll.mvfrm
[ 577/1046  0s] Csc Library/Bee/artifacts/1900b0aE.dag/Unity.AI.Navigation.Editor.ConversionSystem.dll (+2 others) [CacheHit 19275ed22e85be953f536bf8e991833100000000000000000000000000000003]
[ 594/1046 1791204563s] Csc Library/Bee/artifacts/1900b0aE.dag/Unity.AI.Navigation.Editor.ConversionSystem.dll (+2 others)
[ 596/1046  0s] MovedFromExtractor Library/Bee/artifacts/mvdfrm/Unity.Mathematics.ref.dll_E8EFDB1B8D5C174E.mvfrm
[ 597/1046  0s] MovedFromExtractor Library/Bee/artifacts/mvdfrm/Unity.InternalAPIEngineBridge.001.ref.dll_B4F0ACC15A996E43.mvfrm
[ 598/1046  0s] MovedFromExtractorCombine Library/Bee/artifacts/1900b0aE.dag/Unity.InternalAPIEngineBridge.013.dll.mvfrm
[ 599/1046  0s] MovedFromExtractor Library/Bee/artifacts/mvdfrm/Unity.RenderPipelines.Universal.2D.Internal.ref.dll_EF7AD60E316C51AB.mvfrm
[ 600/1046  0s] MovedFromExtractor Library/Bee/artifacts/mvdfrm/Unity.ScriptableBuildPipeline.ref.dll_27C8026E25690113.mvfrm
[ 601/1046  0s] MovedFromExtractor Library/Bee/artifacts/mvdfrm/Unity.2D.Sprite.Editor.ref.dll_DDBAA27A82CE9E28.mvfrm
[ 602/1046  0s] MovedFromExtractor Library/Bee/artifacts/mvdfrm/Unity.ResourceManager.ref.dll_56EDCE417F1B8EC7.mvfrm
[ 603/1046  0s] MovedFromExtractor Library/Bee/artifacts/mvdfrm/Unity.Burst.ref.dll_F30DFA20C0DD1968.mvfrm
[ 586/1046  0s] Csc Library/Bee/artifacts/1900b0aE.dag/Unity.InternalAPIEngineBridge.013.dll (+2 others) [CacheHit 0e49c51ef2a6d8521f901c648db269a500000000000000000000000000000003]
[ 604/1046 1791204564s] Csc Library/Bee/artifacts/1900b0aE.dag/Unity.InternalAPIEngineBridge.013.dll (+2 others)
[ 606/1046  0s] MovedFromExtractor Library/Bee/artifacts/mvdfrm/Unity.ShaderGraph.Utilities.ref.dll_0524057423981A9D.mvfrm
[ 607/1046  0s] MovedFromExtractor Library/Bee/artifacts/mvdfrm/Unity.InputSystem.ref.dll_FD2EC87C14EBE081.mvfrm
[ 608/1046  0s] MovedFromExtractor Library/Bee/artifacts/mvdfrm/Unity.Searcher.Editor.ref.dll_12B7E1785E41BE0E.mvfrm
[ 609/1046  0s] MovedFromExtractorCombine Library/Bee/artifacts/1900b0aE.dag/Unity.Mathematics.Editor.dll.mvfrm
[ 610/1046  0s] MovedFromExtractorCombine Library/Bee/artifacts/1900b0aE.dag/Unity.InternalAPIEditorBridge.001.dll.mvfrm
[ 611/1046  0s] MovedFromExtractorCombine Library/Bee/artifacts/1900b0aE.dag/Unity.2D.Common.Runtime.dll.mvfrm
[ 612/1046  0s] MovedFromExtractorCombine Library/Bee/artifacts/1900b0aE.dag/Unity.ScriptableBuildPipeline.Editor.dll.mvfrm
[ 613/1046  0s] MovedFromExtractor Library/Bee/artifacts/mvdfrm/Unity.TextMeshPro.ref.dll_84A4293DBDD182DB.mvfrm
[ 614/1046  0s] MovedFromExtractorCombine Library/Bee/artifacts/1900b0aE.dag/Unity.Addressables.dll.mvfrm
[ 615/1046  0s] MovedFromExtractorCombine Library/Bee/artifacts/1900b0aE.dag/Unity.Burst.CodeGen.dll.mvfrm
[ 616/1046  0s] MovedFromExtractorCombine Library/Bee/artifacts/1900b0aE.dag/Unity.VisualScripting.Core.dll.mvfrm
[ 617/1046  0s] MovedFromExtractor Library/Bee/artifacts/mvdfrm/Unity.AI.Navigation.Editor.ConversionSystem.ref.dll_D58562F0DF82BCBA.mvfrm
[ 599/1046  0s] Csc Library/Bee/artifacts/1900b0aE.dag/Unity.InternalAPIEditorBridge.001.dll (+2 others) [CacheHit 27fb94ff05087bca6701dd9a9a62ed2200000000000000000000000000000003]
[ 618/1046 1791204564s] Csc Library/Bee/artifacts/1900b0aE.dag/Unity.InternalAPIEditorBridge.001.dll (+2 others)
[ 620/1046  0s] MovedFromExtractorCombine Library/Bee/artifacts/1900b0aE.dag/Unity.Collections.dll.mvfrm
[ 601/1046  0s] Csc Library/Bee/artifacts/1900b0aE.dag/Unity.2D.Common.Runtime.dll (+2 others) [CacheHit 2adc920173f6b7b14daf3c91b55e322100000000000000000000000000000003]
[ 621/1046 1791204564s] Csc Library/Bee/artifacts/1900b0aE.dag/Unity.2D.Common.Runtime.dll (+2 others)
[ 602/1046  0s] Csc Library/Bee/artifacts/1900b0aE.dag/Unity.ScriptableBuildPipeline.Editor.dll (+2 others) [CacheHit a62b8cd246158647f7b983534ae56c6400000000000000000000000000000003]
[ 602/1046  0s] Csc Library/Bee/artifacts/1900b0aE.dag/Unity.Mathematics.Editor.dll (+2 others) [CacheHit 1a4f1d0ad3761a8ba2abb7f0f427dca600000000000000000000000000000003]
[ 623/1046 1791204564s] Csc Library/Bee/artifacts/1900b0aE.dag/Unity.ScriptableBuildPipeline.Editor.dll (+2 others)
[ 625/1046 1791204564s] Csc Library/Bee/artifacts/1900b0aE.dag/Unity.Mathematics.Editor.dll (+2 others)
[ 627/1046  0s] MovedFromExtractorCombine Library/Bee/artifacts/1900b0aE.dag/Unity.RenderPipelines.Core.Runtime.dll.mvfrm
[ 628/1046  0s] MovedFromExtractorCombine Library/Bee/artifacts/1900b0aE.dag/Unity.Burst.Editor.dll.mvfrm
[ 606/1046  0s] Csc Library/Bee/artifacts/1900b0aE.dag/Unity.Burst.CodeGen.dll (+2 others) [CacheHit b16c073d8dfec5761f42db6a8a2f6ba700000000000000000000000000000003]
[ 629/1046 1791204564s] Csc Library/Bee/artifacts/1900b0aE.dag/Unity.Burst.CodeGen.dll (+2 others)
[ 607/1046  0s] Csc Library/Bee/artifacts/1900b0aE.dag/Unity.Addressables.dll (+2 others) [CacheHit e4a0dcf425adbe26fa1f5b77d764f54c00000000000000000000000000000003]
[ 631/1046 1791204564s] Csc Library/Bee/artifacts/1900b0aE.dag/Unity.Addressables.dll (+2 others)
[ 608/1046  0s] Csc Library/Bee/artifacts/1900b0aE.dag/Unity.Burst.Editor.dll (+2 others) [CacheHit af1883638729a0b248ec39f791c5be8600000000000000000000000000000003]
[ 633/1046 1791204564s] Csc Library/Bee/artifacts/1900b0aE.dag/Unity.Burst.Editor.dll (+2 others)
[ 609/1046  0s] Csc Library/Bee/artifacts/1900b0aE.dag/Unity.VisualScripting.Core.dll (+2 others) [CacheHit 2112b8e48ba5b532b4a3bb654983ebd500000000000000000000000000000003]
[ 635/1046 1791204564s] Csc Library/Bee/artifacts/1900b0aE.dag/Unity.VisualScripting.Core.dll (+2 others)
[ 610/1046  0s] Csc Library/Bee/artifacts/1900b0aE.dag/Unity.Collections.dll (+2 others) [CacheHit bb7313bb27df79f8c1179d82c209a7f000000000000000000000000000000003]
[ 637/1046 1791204564s] Csc Library/Bee/artifacts/1900b0aE.dag/Unity.Collections.dll (+2 others)
[ 639/1046  0s] MovedFromExtractor Library/Bee/artifacts/mvdfrm/Unity.AI.Navigation.ref.dll_407F07063643C512.mvfrm
[ 612/1046  0s] Csc Library/Bee/artifacts/1900b0aE.dag/Unity.RenderPipelines.Core.Runtime.dll (+2 others) [CacheHit 01dc9dc5b58f61b7924f17db0ad22e5200000000000000000000000000000003]
[ 640/1046 1791204564s] Csc Library/Bee/artifacts/1900b0aE.dag/Unity.RenderPipelines.Core.Runtime.dll (+2 others)
[ 642/1046  0s] MovedFromExtractor Library/Bee/artifacts/mvdfrm/Unity.InternalAPIEditorBridge.001.ref.dll_C275F416F58A86FE.mvfrm
[ 643/1046  0s] MovedFromExtractor Library/Bee/artifacts/mvdfrm/Unity.InternalAPIEngineBridge.013.ref.dll_5ACF494D54C72A54.mvfrm
[ 644/1046  0s] MovedFromExtractor Library/Bee/artifacts/mvdfrm/Unity.2D.Common.Runtime.ref.dll_77798F371487C3E9.mvfrm
[ 645/1046  0s] MovedFromExtractor Library/Bee/artifacts/mvdfrm/Unity.Mathematics.Editor.ref.dll_9A20CFD48BC11F43.mvfrm
[ 646/1046  0s] MovedFromExtractor Library/Bee/artifacts/mvdfrm/Unity.ScriptableBuildPipeline.Editor.ref.dll_4B3FCA9E6B3358CE.mvfrm
[ 647/1046  0s] MovedFromExtractor Library/Bee/artifacts/mvdfrm/Unity.Addressables.ref.dll_E8DB4810C9946D63.mvfrm
[ 648/1046  0s] MovedFromExtractorCombine Library/Bee/artifacts/1900b0aE.dag/Unity.AI.Navigation.Editor.dll.mvfrm
[ 649/1046  0s] MovedFromExtractor Library/Bee/artifacts/mvdfrm/Unity.Burst.Editor.ref.dll_E2F92DAB6C167CC9.mvfrm
[ 650/1046  0s] MovedFromExtractor Library/Bee/artifacts/mvdfrm/Unity.Collections.ref.dll_656D7410E7809ECD.mvfrm
[ 651/1046  0s] MovedFromExtractorCombine Library/Bee/artifacts/1900b0aE.dag/Unity.2D.Aseprite.Common.dll.mvfrm
[ 652/1046  0s] MovedFromExtractorCombine Library/Bee/artifacts/1900b0aE.dag/Unity.2D.IK.Runtime.dll.mvfrm
[ 653/1046  0s] MovedFromExtractor Library/Bee/artifacts/mvdfrm/Unity.VisualScripting.Core.ref.dll_D75DF4EA1AFE54F4.mvfrm
[ 654/1046  0s] MovedFromExtractorCombine Library/Bee/artifacts/1900b0aE.dag/Unity.2D.Common.Editor.dll.mvfrm
[ 655/1046  0s] MovedFromExtractor Library/Bee/artifacts/mvdfrm/Unity.RenderPipelines.Core.Runtime.ref.dll_CE6A42C97D96EB0A.mvfrm
[ 656/1046  0s] MovedFromExtractorCombine Library/Bee/artifacts/1900b0aE.dag/Unity.2D.Common.Path.Editor.dll.mvfrm
[ 657/1046  0s] MovedFromExtractorCombine Library/Bee/artifacts/1900b0aE.dag/Unity.2D.SpriteShape.Runtime.dll.mvfrm
[ 658/1046  0s] MovedFromExtractorCombine Library/Bee/artifacts/1900b0aE.dag/Unity.Addressables.Editor.dll.mvfrm
[ 659/1046  0s] MovedFromExtractorCombine Library/Bee/artifacts/1900b0aE.dag/Unity.Localization.dll.mvfrm
[ 660/1046  0s] MovedFromExtractorCombine Library/Bee/artifacts/1900b0aE.dag/Unity.2D.Animation.Runtime.dll.mvfrm
[ 661/1046  0s] MovedFromExtractorCombine Library/Bee/artifacts/1900b0aE.dag/Unity.VisualScripting.Flow.dll.mvfrm
[ 662/1046  0s] MovedFromExtractorCombine Library/Bee/artifacts/1900b0aE.dag/Unity.2D.Tilemap.Editor.dll.mvfrm
[ 663/1046  0s] MovedFromExtractorCombine Library/Bee/artifacts/1900b0aE.dag/Unity.2D.Tilemap.Extras.dll.mvfrm
[ 664/1046  0s] MovedFromExtractorCombine Library/Bee/artifacts/1900b0aE.dag/Unity.2D.PixelPerfect.dll.mvfrm
[ 636/1046  0s] Csc Library/Bee/artifacts/1900b0aE.dag/Unity.2D.Common.Editor.dll (+2 others) [CacheHit 0e15203c698c06c487a21cfab005680300000000000000000000000000000003]
[ 665/1046 1791204565s] Csc Library/Bee/artifacts/1900b0aE.dag/Unity.2D.Common.Editor.dll (+2 others)
[ 637/1046  0s] Csc Library/Bee/artifacts/1900b0aE.dag/Unity.Addressables.Editor.dll (+2 others) [CacheHit 5d3b00f6b677b67d8009e3105019ed3a00000000000000000000000000000003]
[ 667/1046 1791204565s] Csc Library/Bee/artifacts/1900b0aE.dag/Unity.Addressables.Editor.dll (+2 others)
[ 669/1046  0s] MovedFromExtractorCombine Library/Bee/artifacts/1900b0aE.dag/Unity.VisualScripting.Core.Editor.dll.mvfrm
[ 639/1046  0s] Csc Library/Bee/artifacts/1900b0aE.dag/Unity.2D.Animation.Runtime.dll (+2 others) [CacheHit 7bed31f4b59312e3a3a3a83c80d6d46e00000000000000000000000000000003]
[ 670/1046 1791204565s] Csc Library/Bee/artifacts/1900b0aE.dag/Unity.2D.Animation.Runtime.dll (+2 others)
[ 672/1046  0s] MovedFromExtractorCombine Library/Bee/artifacts/1900b0aE.dag/Unity.RenderPipelines.Universal.Config.Runtime.dll.mvfrm
[ 673/1046  0s] MovedFromExtractorCombine Library/Bee/artifacts/1900b0aE.dag/Unity.RenderPipeline.Universal.ShaderLibrary.dll.mvfrm
[ 642/1046  0s] Csc Library/Bee/artifacts/1900b0aE.dag/Unity.2D.Tilemap.Editor.dll (+2 others) [CacheHit aa83979d958d955695e9bc89d516ea7c00000000000000000000000000000003]
[ 674/1046 1791204565s] Csc Library/Bee/artifacts/1900b0aE.dag/Unity.2D.Tilemap.Editor.dll (+2 others)
[ 643/1046  0s] Csc Library/Bee/artifacts/1900b0aE.dag/Unity.2D.PixelPerfect.dll (+2 others) [CacheHit 24622e6222c9e693dd13b74e9857b31b00000000000000000000000000000003]
[ 676/1046 1791204565s] Csc Library/Bee/artifacts/1900b0aE.dag/Unity.2D.PixelPerfect.dll (+2 others)
[ 678/1046  0s] MovedFromExtractorCombine Library/Bee/artifacts/1900b0aE.dag/Unity.RenderPipelines.Core.Editor.dll.mvfrm
[ 645/1046  0s] Csc Library/Bee/artifacts/1900b0aE.dag/Unity.2D.Tilemap.Extras.dll (+2 others) [CacheHit 1f9ad0479388a343cbee5b46684649bd00000000000000000000000000000003]
[ 679/1046 1791204565s] Csc Library/Bee/artifacts/1900b0aE.dag/Unity.2D.Tilemap.Extras.dll (+2 others)
[ 646/1046  0s] Csc Library/Bee/artifacts/1900b0aE.dag/Unity.VisualScripting.Core.Editor.dll (+2 others) [CacheHit 15abceb15feca5eb45363f7523d1182a00000000000000000000000000000003]
[ 681/1046 1791204565s] Csc Library/Bee/artifacts/1900b0aE.dag/Unity.VisualScripting.Core.Editor.dll (+2 others)
[ 647/1046  0s] Csc Library/Bee/artifacts/1900b0aE.dag/Unity.RenderPipeline.Universal.ShaderLibrary.dll (+2 others) [CacheHit 66f7262e7b425bd79ff36e58a256ed6900000000000000000000000000000003]
[ 683/1046 1791204565s] Csc Library/Bee/artifacts/1900b0aE.dag/Unity.RenderPipeline.Universal.ShaderLibrary.dll (+2 others)
[ 648/1046  0s] Csc Library/Bee/artifacts/1900b0aE.dag/Unity.VisualScripting.Flow.dll (+2 others) [CacheHit a9822bbd9698789974f4b51682e06c6c00000000000000000000000000000003]
[ 685/1046 1791204565s] Csc Library/Bee/artifacts/1900b0aE.dag/Unity.VisualScripting.Flow.dll (+2 others)
[ 649/1046  0s] Csc Library/Bee/artifacts/1900b0aE.dag/Unity.RenderPipelines.Universal.Config.Runtime.dll (+2 others) [CacheHit 4422653158f812b0359a7d4608215f2e00000000000000000000000000000003]
[ 687/1046 1791204565s] Csc Library/Bee/artifacts/1900b0aE.dag/Unity.RenderPipelines.Universal.Config.Runtime.dll (+2 others)
[ 650/1046  0s] Csc Library/Bee/artifacts/1900b0aE.dag/Unity.Localization.dll (+2 others) [CacheHit bc7ff4e0ae52a8b983ff2cc25dea87d200000000000000000000000000000003]
[ 689/1046 1791204565s] Csc Library/Bee/artifacts/1900b0aE.dag/Unity.Localization.dll (+2 others)
[ 651/1046  0s] Csc Library/Bee/artifacts/1900b0aE.dag/Unity.2D.SpriteShape.Runtime.dll (+2 others) [CacheHit 2a4cb562284ae5299120d3dd6ed6ba0700000000000000000000000000000003]
[ 691/1046 1791204565s] Csc Library/Bee/artifacts/1900b0aE.dag/Unity.2D.SpriteShape.Runtime.dll (+2 others)
[ 652/1046  0s] Csc Library/Bee/artifacts/1900b0aE.dag/Unity.2D.Common.Path.Editor.dll (+2 others) [CacheHit f93fbd6c59be649e9d59f09b8813e7a800000000000000000000000000000003]
[ 693/1046 1791204565s] Csc Library/Bee/artifacts/1900b0aE.dag/Unity.2D.Common.Path.Editor.dll (+2 others)
[ 695/1046  0s] MovedFromExtractorCombine Library/Bee/artifacts/1900b0aE.dag/Unity.Timeline.dll.mvfrm
[ 654/1046  0s] Csc Library/Bee/artifacts/1900b0aE.dag/Unity.2D.Aseprite.Common.dll (+2 others) [CacheHit 4f7ab589989bb0496935a76579d2093000000000000000000000000000000003]
[ 696/1046 1791204566s] Csc Library/Bee/artifacts/1900b0aE.dag/Unity.2D.Aseprite.Common.dll (+2 others)
[ 655/1046  0s] Csc Library/Bee/artifacts/1900b0aE.dag/Unity.RenderPipelines.Core.Editor.dll (+2 others) [CacheHit 3ecf79b852e4eb912f70b732845a63d200000000000000000000000000000003]
[ 698/1046 1791204566s] Csc Library/Bee/artifacts/1900b0aE.dag/Unity.RenderPipelines.Core.Editor.dll (+2 others)
[ 656/1046  0s] Csc Library/Bee/artifacts/1900b0aE.dag/Unity.2D.IK.Runtime.dll (+2 others) [CacheHit dd5d60e996e5b67322cca773adcb746300000000000000000000000000000003]
[ 700/1046 1791204566s] Csc Library/Bee/artifacts/1900b0aE.dag/Unity.2D.IK.Runtime.dll (+2 others)
[ 702/1046  0s] MovedFromExtractor Library/Bee/artifacts/mvdfrm/Unity.2D.Common.Editor.ref.dll_BD59A5CBF9D52B22.mvfrm
[ 658/1046  0s] Csc Library/Bee/artifacts/1900b0aE.dag/Unity.AI.Navigation.Editor.dll (+2 others) [CacheHit a17162297dd4cba4b8321fbdcad073c200000000000000000000000000000003]
[ 703/1046 1791204566s] Csc Library/Bee/artifacts/1900b0aE.dag/Unity.AI.Navigation.Editor.dll (+2 others)
[ 705/1046  0s] MovedFromExtractor Library/Bee/artifacts/mvdfrm/Unity.2D.Animation.Runtime.ref.dll_6747672A37E369F0.mvfrm
[ 660/1046  0s] Csc Library/Bee/artifacts/1900b0aE.dag/Unity.Timeline.dll (+2 others) [CacheHit c60b8a25573f47379e0351f26ce6fba500000000000000000000000000000003]
[ 706/1046 1791204566s] Csc Library/Bee/artifacts/1900b0aE.dag/Unity.Timeline.dll (+2 others)
[ 708/1046  0s] MovedFromExtractor Library/Bee/artifacts/mvdfrm/Unity.RenderPipelines.Universal.Config.Runtime.ref.dll_5D92000A132D4840.mvfrm
[ 709/1046  0s] MovedFromExtractor Library/Bee/artifacts/mvdfrm/Unity.VisualScripting.Flow.ref.dll_1E6ED5409D07C9A3.mvfrm
[ 710/1046  0s] MovedFromExtractor Library/Bee/artifacts/mvdfrm/Unity.RenderPipeline.Universal.ShaderLibrary.ref.dll_5436F99F8BDCED8B.mvfrm
[ 711/1046  0s] MovedFromExtractor Library/Bee/artifacts/mvdfrm/Unity.VisualScripting.Core.Editor.ref.dll_EDC8690F57C5BDFD.mvfrm
[ 712/1046  0s] MovedFromExtractorCombine Library/Bee/artifacts/1900b0aE.dag/PsdPlugin.dll.mvfrm
[ 713/1046  0s] MovedFromExtractorCombine Library/Bee/artifacts/1900b0aE.dag/Unity.InternalAPIEditorBridge.013.dll.mvfrm
[ 714/1046  0s] MovedFromExtractorCombine Library/Bee/artifacts/1900b0aE.dag/Unity.2D.Animation.Editor.dll.mvfrm
[ 668/1046  0s] Csc Library/Bee/artifacts/1900b0aE.dag/Unity.InternalAPIEditorBridge.013.dll (+2 others) [CacheHit f126cec3b6027f1acb3f3ce96cecffd600000000000000000000000000000003]
[ 715/1046  0s] MovedFromExtractor Library/Bee/artifacts/mvdfrm/Unity.RenderPipelines.Core.Editor.ref.dll_46EB9B6930B27991.mvfrm
[ 716/1046 1791204566s] Csc Library/Bee/artifacts/1900b0aE.dag/Unity.InternalAPIEditorBridge.013.dll (+2 others)
[ 670/1046  0s] Csc Library/Bee/artifacts/1900b0aE.dag/PsdPlugin.dll (+2 others) [CacheHit a64e7f32e51b65ffe1c7f36eef165cac00000000000000000000000000000003]
[ 718/1046 1791204566s] Csc Library/Bee/artifacts/1900b0aE.dag/PsdPlugin.dll (+2 others)
[ 720/1046  0s] MovedFromExtractor Library/Bee/artifacts/mvdfrm/Unity.AI.Navigation.Editor.ref.dll_7989A1C8D57EF9BF.mvfrm
[ 721/1046  0s] MovedFromExtractorCombine Library/Bee/artifacts/1900b0aE.dag/Unity.VisualScripting.State.dll.mvfrm
[ 722/1046  0s] MovedFromExtractor Library/Bee/artifacts/mvdfrm/Unity.Addressables.Editor.ref.dll_E1732519AAB7217E.mvfrm
[ 723/1046  0s] MovedFromExtractorCombine Library/Bee/artifacts/1900b0aE.dag/Unity.RenderPipelines.Universal.Runtime.dll.mvfrm
[ 675/1046  0s] Csc Library/Bee/artifacts/1900b0aE.dag/Unity.2D.Animation.Editor.dll (+2 others) [CacheHit 5df85dffc993da84bf9f96b0a321188200000000000000000000000000000003]
[ 724/1046 1791204566s] Csc Library/Bee/artifacts/1900b0aE.dag/Unity.2D.Animation.Editor.dll (+2 others)
[ 726/1046  0s] MovedFromExtractor Library/Bee/artifacts/mvdfrm/Unity.Timeline.ref.dll_621CDDF9C514DF8F.mvfrm
[ 727/1046  0s] MovedFromExtractorCombine Library/Bee/artifacts/1900b0aE.dag/Unity.VisualScripting.Flow.Editor.dll.mvfrm
[ 728/1046  0s] ILPP-Configuration Library/ilpp-configuration.nevergeneratedoutput
[ 678/1046  0s] Csc Library/Bee/artifacts/1900b0aE.dag/Unity.VisualScripting.State.dll (+2 others) [CacheHit 3a1d1e1cb86f6ed480ffff3a441a026300000000000000000000000000000003]
[ 729/1046 1791204566s] Csc Library/Bee/artifacts/1900b0aE.dag/Unity.VisualScripting.State.dll (+2 others)
[ 731/1046  0s] MovedFromExtractor Library/Bee/artifacts/mvdfrm/Unity.2D.IK.Runtime.ref.dll_16F22BA31A1D34C0.mvfrm
[ 681/1046  0s] Csc Library/Bee/artifacts/1900b0aE.dag/Unity.VisualScripting.Flow.Editor.dll (+2 others) [CacheHit add3e465aba16c49481e2203c5dd55ce00000000000000000000000000000003]
[ 732/1046 1791204566s] Csc Library/Bee/artifacts/1900b0aE.dag/Unity.VisualScripting.Flow.Editor.dll (+2 others)
[ 682/1046  0s] Csc Library/Bee/artifacts/1900b0aE.dag/Unity.RenderPipelines.Universal.Runtime.dll (+2 others) [CacheHit 37deea2f2256c0aff78ab2ae50a29f3e00000000000000000000000000000003]
[ 734/1046 1791204566s] Csc Library/Bee/artifacts/1900b0aE.dag/Unity.RenderPipelines.Universal.Runtime.dll (+2 others)
[ 736/1046  0s] MovedFromExtractorCombine Library/Bee/artifacts/1900b0aE.dag/Unity.ShaderGraph.Editor.dll.mvfrm
[ 737/1046  0s] MovedFromExtractor Library/Bee/artifacts/mvdfrm/Unity.2D.Aseprite.Common.ref.dll_8F79B00F05E033D6.mvfrm
[ 738/1046  0s] MovedFromExtractor Library/Bee/artifacts/mvdfrm/Unity.2D.SpriteShape.Runtime.ref.dll_BCD600250821B9C8.mvfrm
[ 739/1046  0s] MovedFromExtractor Library/Bee/artifacts/mvdfrm/Unity.2D.Common.Path.Editor.ref.dll_011CCB039EE5F887.mvfrm
[ 740/1046  0s] MovedFromExtractor Library/Bee/artifacts/mvdfrm/Unity.2D.Tilemap.Extras.ref.dll_371E356D6F5B6577.mvfrm
[ 741/1046  0s] MovedFromExtractor Library/Bee/artifacts/mvdfrm/Unity.VisualScripting.State.ref.dll_D91762B7076BE462.mvfrm
[ 742/1046  0s] MovedFromExtractor Library/Bee/artifacts/mvdfrm/Unity.Localization.ref.dll_EDA1BF42BFAAD197.mvfrm
[ 743/1046  0s] MovedFromExtractor Library/Bee/artifacts/mvdfrm/Unity.2D.Animation.Editor.ref.dll_A13BD6459BB26E0B.mvfrm
[ 744/1046  0s] MovedFromExtractor Library/Bee/artifacts/mvdfrm/Unity.2D.PixelPerfect.ref.dll_88C9F7A57CCB704B.mvfrm
[ 692/1046  0s] Csc Library/Bee/artifacts/1900b0aE.dag/Unity.ShaderGraph.Editor.dll (+2 others) [CacheHit 13bbb8d35bd0bb6cbd0bbe6b263b7a8800000000000000000000000000000003]
[ 745/1046 1791204567s] Csc Library/Bee/artifacts/1900b0aE.dag/Unity.ShaderGraph.Editor.dll (+2 others)
[ 747/1046  0s] MovedFromExtractor Library/Bee/artifacts/mvdfrm/Unity.2D.Tilemap.Editor.ref.dll_436C0E2610862891.mvfrm
[ 748/1046  0s] MovedFromExtractorCombine Library/Bee/artifacts/1900b0aE.dag/Unity.PlasticSCM.Editor.dll.mvfrm
[ 749/1046  0s] MovedFromExtractor Library/Bee/artifacts/mvdfrm/Unity.VisualScripting.Flow.Editor.ref.dll_6AF951BE66A4493E.mvfrm
[ 750/1046  0s] MovedFromExtractor Library/Bee/artifacts/mvdfrm/Unity.RenderPipelines.Universal.Runtime.ref.dll_5400A10AF7CC6BEA.mvfrm
[ 751/1046  0s] MovedFromExtractorCombine Library/Bee/artifacts/1900b0aE.dag/Unity.Rider.Editor.dll.mvfrm
[ 752/1046  0s] MovedFromExtractorCombine Library/Bee/artifacts/1900b0aE.dag/NavMeshPlus.dll.mvfrm
[ 753/1046  0s] MovedFromExtractorCombine Library/Bee/artifacts/1900b0aE.dag/VContainer.dll.mvfrm
[ 754/1046  0s] MovedFromExtractorCombine Library/Bee/artifacts/1900b0aE.dag/Unity.VisualStudio.Editor.dll.mvfrm
[ 755/1046  0s] MovedFromExtractorCombine Library/Bee/artifacts/1900b0aE.dag/Unity.2D.IK.Editor.dll.mvfrm
[ 756/1046  0s] MovedFromExtractor Library/Bee/artifacts/mvdfrm/Unity.InternalAPIEditorBridge.013.ref.dll_685490A2EFB8430F.mvfrm
[ 757/1046  0s] MovedFromExtractorCombine Library/Bee/artifacts/1900b0aE.dag/Unity.2D.Psdimporter.Editor.dll.mvfrm
[ 758/1046  0s] MovedFromExtractorCombine Library/Bee/artifacts/1900b0aE.dag/Unity.2D.Tilemap.Extras.Editor.dll.mvfrm
[ 705/1046  0s] Csc Library/Bee/artifacts/1900b0aE.dag/Unity.PlasticSCM.Editor.dll (+2 others) [CacheHit c61279adfcf2097f196f6b88ef039ec600000000000000000000000000000003]
[ 759/1046  0s] MovedFromExtractor Library/Bee/artifacts/mvdfrm/Unity.ShaderGraph.Editor.ref.dll_0F50152946DB09D0.mvfrm
[ 760/1046 1791204567s] Csc Library/Bee/artifacts/1900b0aE.dag/Unity.PlasticSCM.Editor.dll (+2 others)
[ 762/1046  0s] MovedFromExtractorCombine Library/Bee/artifacts/1900b0aE.dag/Unity.Timeline.Editor.dll.mvfrm
[ 763/1046  0s] MovedFromExtractorCombine Library/Bee/artifacts/1900b0aE.dag/Unity.RenderPipelines.Universal.Shaders.dll.mvfrm
[ 764/1046  0s] MovedFromExtractorCombine Library/Bee/artifacts/1900b0aE.dag/Unity.VisualScripting.State.Editor.dll.mvfrm
[ 765/1046  0s] MovedFromExtractorCombine Library/Bee/artifacts/1900b0aE.dag/Unity.RenderPipelines.ShaderGraph.ShaderGraphLibrary.dll.mvfrm
[ 766/1046  0s] MovedFromExtractorCombine Library/Bee/artifacts/1900b0aE.dag/Unity.2D.Aseprite.Editor.dll.mvfrm
[ 767/1046  0s] MovedFromExtractorCombine Library/Bee/artifacts/1900b0aE.dag/Unity.Localization.Editor.dll.mvfrm
[ 768/1046  0s] MovedFromExtractorCombine Library/Bee/artifacts/1900b0aE.dag/Unity.2D.SpriteShape.Editor.dll.mvfrm
[ 769/1046  0s] MovedFromExtractorCombine Library/Bee/artifacts/1900b0aE.dag/Unity.RenderPipelines.Core.ShaderLibrary.dll.mvfrm
[ 770/1046  0s] MovedFromExtractorCombine Library/Bee/artifacts/1900b0aE.dag/Unity.VisualScripting.SettingsProvider.Editor.dll.mvfrm
[ 716/1046  0s] Csc Library/Bee/artifacts/1900b0aE.dag/Unity.VisualStudio.Editor.dll (+2 others) [CacheHit 0053ca0841e99ede371e551f3e6c7dc600000000000000000000000000000003]
[ 771/1046 1791204568s] Csc Library/Bee/artifacts/1900b0aE.dag/Unity.VisualStudio.Editor.dll (+2 others)
[ 773/1046  0s] MovedFromExtractorCombine Library/Bee/artifacts/1900b0aE.dag/Unity.InputSystem.ForUI.dll.mvfrm
[ 718/1046  0s] Csc Library/Bee/artifacts/1900b0aE.dag/Unity.VisualScripting.State.Editor.dll (+2 others) [CacheHit 70577f7865d21f73899a8fe91117c68500000000000000000000000000000003]
[ 774/1046 1791204568s] Csc Library/Bee/artifacts/1900b0aE.dag/Unity.VisualScripting.State.Editor.dll (+2 others)
[ 719/1046  0s] Csc Library/Bee/artifacts/1900b0aE.dag/Unity.Rider.Editor.dll (+2 others) [CacheHit 698574a45aab027e0a2118d4444edce300000000000000000000000000000003]
[ 776/1046 1791204568s] Csc Library/Bee/artifacts/1900b0aE.dag/Unity.Rider.Editor.dll (+2 others)
[ 778/1046  0s] MovedFromExtractorCombine Library/Bee/artifacts/1900b0aE.dag/Unity.AI.Navigation.Updater.dll.mvfrm
[ 779/1046  0s] MovedFromExtractorCombine Library/Bee/artifacts/1900b0aE.dag/Unity.RenderPipelines.Universal.Editor.dll.mvfrm
[ 780/1046  0s] MovedFromExtractorCombine Library/Bee/artifacts/1900b0aE.dag/Unity.Windsurf.Editor.dll.mvfrm
[ 722/1046  0s] Csc Library/Bee/artifacts/1900b0aE.dag/NavMeshPlus.dll (+2 others) [CacheHit 6b3c045c710aec34aefe1d3e3d6b072d00000000000000000000000000000003]
[ 781/1046 1791204568s] Csc Library/Bee/artifacts/1900b0aE.dag/NavMeshPlus.dll (+2 others)
[ 724/1046  0s] Csc Library/Bee/artifacts/1900b0aE.dag/Unity.RenderPipelines.Core.ShaderLibrary.dll (+2 others) [CacheHit 2d15e592b32f70261f4682c74560712200000000000000000000000000000003]
[ 783/1046 1791204568s] Csc Library/Bee/artifacts/1900b0aE.dag/Unity.RenderPipelines.Core.ShaderLibrary.dll (+2 others)
[ 785/1046  0s] MovedFromExtractorCombine Library/Bee/artifacts/1900b0aE.dag/Unity.TextMeshPro.Editor.dll.mvfrm
[ 726/1046  0s] Csc Library/Bee/artifacts/1900b0aE.dag/Unity.VisualScripting.SettingsProvider.Editor.dll (+2 others) [CacheHit 93dcc03d32c27d82485c96b5cdefae6800000000000000000000000000000003]
[ 786/1046 1791204568s] Csc Library/Bee/artifacts/1900b0aE.dag/Unity.VisualScripting.SettingsProvider.Editor.dll (+2 others)
[ 727/1046  0s] Csc Library/Bee/artifacts/1900b0aE.dag/Unity.2D.Tilemap.Extras.Editor.dll (+2 others) [CacheHit c23f45011cc62a75eb41551ba6c9446100000000000000000000000000000003]
[ 788/1046 1791204568s] Csc Library/Bee/artifacts/1900b0aE.dag/Unity.2D.Tilemap.Extras.Editor.dll (+2 others)
[ 728/1046  0s] Csc Library/Bee/artifacts/1900b0aE.dag/Unity.InputSystem.ForUI.dll (+2 others) [CacheHit 747fcf3899b7c53d6adf19dfbb5c273300000000000000000000000000000003]
[ 790/1046 1791204568s] Csc Library/Bee/artifacts/1900b0aE.dag/Unity.InputSystem.ForUI.dll (+2 others)
[ 729/1046  0s] Csc Library/Bee/artifacts/1900b0aE.dag/VContainer.dll (+2 others) [CacheHit 9d91ac9375ba94387810c85c7d5d63cc00000000000000000000000000000003]
[ 792/1046 1791204568s] Csc Library/Bee/artifacts/1900b0aE.dag/VContainer.dll (+2 others)
[ 730/1046  0s] Csc Library/Bee/artifacts/1900b0aE.dag/Unity.AI.Navigation.Updater.dll (+2 others) [CacheHit 4a35eb9367b1d84f77bfbd2bd0db372700000000000000000000000000000003]
[ 794/1046 1791204568s] Csc Library/Bee/artifacts/1900b0aE.dag/Unity.AI.Navigation.Updater.dll (+2 others)
[ 731/1046  0s] Csc Library/Bee/artifacts/1900b0aE.dag/Unity.Timeline.Editor.dll (+2 others) [CacheHit dbe0ca05269e788a41cd21016d208c7400000000000000000000000000000003]
[ 796/1046 1791204568s] Csc Library/Bee/artifacts/1900b0aE.dag/Unity.Timeline.Editor.dll (+2 others)
[ 732/1046  0s] Csc Library/Bee/artifacts/1900b0aE.dag/Unity.2D.SpriteShape.Editor.dll (+2 others) [CacheHit 405b1b825e890d8d90643af5c96b307300000000000000000000000000000003]
[ 798/1046 1791204568s] Csc Library/Bee/artifacts/1900b0aE.dag/Unity.2D.SpriteShape.Editor.dll (+2 others)
[ 733/1046  0s] Csc Library/Bee/artifacts/1900b0aE.dag/Unity.Windsurf.Editor.dll (+2 others) [CacheHit 945f55e665058d788674f460d8794aa800000000000000000000000000000003]
[ 800/1046 1791204568s] Csc Library/Bee/artifacts/1900b0aE.dag/Unity.Windsurf.Editor.dll (+2 others)
[ 734/1046  0s] Csc Library/Bee/artifacts/1900b0aE.dag/Unity.2D.IK.Editor.dll (+2 others) [CacheHit 8e086c2b0c3f1ed5306b90de43a9ce1200000000000000000000000000000003]
[ 802/1046 1791204568s] Csc Library/Bee/artifacts/1900b0aE.dag/Unity.2D.IK.Editor.dll (+2 others)
[ 735/1046  0s] Csc Library/Bee/artifacts/1900b0aE.dag/Unity.RenderPipelines.ShaderGraph.ShaderGraphLibrary.dll (+2 others) [CacheHit 6765d3f2e760f60f99ec6b2021ddc7d600000000000000000000000000000003]
[ 804/1046 1791204568s] Csc Library/Bee/artifacts/1900b0aE.dag/Unity.RenderPipelines.ShaderGraph.ShaderGraphLibrary.dll (+2 others)
[ 736/1046  0s] Csc Library/Bee/artifacts/1900b0aE.dag/Unity.TextMeshPro.Editor.dll (+2 others) [CacheHit b9c5282ce864060bce229db11a0b6bba00000000000000000000000000000003]
[ 806/1046 1791204568s] Csc Library/Bee/artifacts/1900b0aE.dag/Unity.TextMeshPro.Editor.dll (+2 others)
C:\RoguelikePrototype\Library\PackageCache\com.unity.textmeshpro@3.0.7\Scripts\Editor\TMP_BaseEditorPanel.cs(342,31): warning CS0618: 'Handles.FreeMoveHandle(Vector3, Quaternion, float, Vector3, Handles.CapFunction)' is obsolete: 'Rotation parameter is obsolete. (UnityUpgradable) -> !1'


C:\RoguelikePrototype\Library\PackageCache\com.unity.textmeshpro@3.0.7\Scripts\Editor\TMP_BaseEditorPanel.cs(357,30): warning CS0618: 'Handles.FreeMoveHandle(Vector3, Quaternion, float, Vector3, Handles.CapFunction)' is obsolete: 'Rotation parameter is obsolete. (UnityUpgradable) -> !1'


C:\RoguelikePrototype\Library\PackageCache\com.unity.textmeshpro@3.0.7\Scripts\Editor\TMP_BaseEditorPanel.cs(371,32): warning CS0618: 'Handles.FreeMoveHandle(Vector3, Quaternion, float, Vector3, Handles.CapFunction)' is obsolete: 'Rotation parameter is obsolete. (UnityUpgradable) -> !1'


C:\RoguelikePrototype\Library\PackageCache\com.unity.textmeshpro@3.0.7\Scripts\Editor\TMP_BaseEditorPanel.cs(385,33): warning CS0618: 'Handles.FreeMoveHandle(Vector3, Quaternion, float, Vector3, Handles.CapFunction)' is obsolete: 'Rotation parameter is obsolete. (UnityUpgradable) -> !1'


C:\RoguelikePrototype\Library\PackageCache\com.unity.textmeshpro@3.0.7\Scripts\Editor\TMPro_FontAssetCreatorWindow.cs(1470,21): warning CS0618: 'Texture2D.Resize(int, int)' is obsolete: 'Texture2D.Resize(int, int) has been deprecated because it actually reinitializes the texture. Use Texture2D.Reinitialize(int, int) instead (UnityUpgradable) -> Reinitialize([*] System.Int32, [*] System.Int32)'


C:\RoguelikePrototype\Library\PackageCache\com.unity.textmeshpro@3.0.7\Scripts\Editor\TMPro_FontAssetCreatorWindow.cs(1661,21): warning CS0618: 'Texture2D.Resize(int, int)' is obsolete: 'Texture2D.Resize(int, int) has been deprecated because it actually reinitializes the texture. Use Texture2D.Reinitialize(int, int) instead (UnityUpgradable) -> Reinitialize([*] System.Int32, [*] System.Int32)'
C:\RoguelikePrototype\Library\PackageCache\com.unity.textmeshpro@3.0.7\Scripts\Editor\TMP_BaseEditorPanel.cs(342,31): warning CS0618: 'Handles.FreeMoveHandle(Vector3, Quaternion, float, Vector3, Handles.CapFunction)' is obsolete: 'Rotation parameter is obsolete. (UnityUpgradable) -> !1'


C:\RoguelikePrototype\Library\PackageCache\com.unity.textmeshpro@3.0.7\Scripts\Editor\TMP_BaseEditorPanel.cs(357,30): warning CS0618: 'Handles.FreeMoveHandle(Vector3, Quaternion, float, Vector3, Handles.CapFunction)' is obsolete: 'Rotation parameter is obsolete. (UnityUpgradable) -> !1'


C:\RoguelikePrototype\Library\PackageCache\com.unity.textmeshpro@3.0.7\Scripts\Editor\TMP_BaseEditorPanel.cs(371,32): warning CS0618: 'Handles.FreeMoveHandle(Vector3, Quaternion, float, Vector3, Handles.CapFunction)' is obsolete: 'Rotation parameter is obsolete. (UnityUpgradable) -> !1'


C:\RoguelikePrototype\Library\PackageCache\com.unity.textmeshpro@3.0.7\Scripts\Editor\TMP_BaseEditorPanel.cs(385,33): warning CS0618: 'Handles.FreeMoveHandle(Vector3, Quaternion, float, Vector3, Handles.CapFunction)' is obsolete: 'Rotation parameter is obsolete. (UnityUpgradable) -> !1'


C:\RoguelikePrototype\Library\PackageCache\com.unity.textmeshpro@3.0.7\Scripts\Editor\TMPro_FontAssetCreatorWindow.cs(1470,21): warning CS0618: 'Texture2D.Resize(int, int)' is obsolete: 'Texture2D.Resize(int, int) has been deprecated because it actually reinitializes the texture. Use Texture2D.Reinitialize(int, int) instead (UnityUpgradable) -> Reinitialize([*] System.Int32, [*] System.Int32)'


C:\RoguelikePrototype\Library\PackageCache\com.unity.textmeshpro@3.0.7\Scripts\Editor\TMPro_FontAssetCreatorWindow.cs(1661,21): warning CS0618: 'Texture2D.Resize(int, int)' is obsolete: 'Texture2D.Resize(int, int) has been deprecated because it actually reinitializes the texture. Use Texture2D.Reinitialize(int, int) instead (UnityUpgradable) -> Reinitialize([*] System.Int32, [*] System.Int32)'
[ 737/1046  0s] Csc Library/Bee/artifacts/1900b0aE.dag/Unity.2D.Aseprite.Editor.dll (+2 others) [CacheHit f01af8117d1813073b0216425244ff0300000000000000000000000000000003]
[ 808/1046 1791204568s] Csc Library/Bee/artifacts/1900b0aE.dag/Unity.2D.Aseprite.Editor.dll (+2 others)
[ 738/1046  0s] Csc Library/Bee/artifacts/1900b0aE.dag/Unity.Localization.Editor.dll (+2 others) [CacheHit 08b84936accc85202a6695a2a9c469ff00000000000000000000000000000003]
[ 810/1046 1791204568s] Csc Library/Bee/artifacts/1900b0aE.dag/Unity.Localization.Editor.dll (+2 others)
C:\RoguelikePrototype\Library\PackageCache\com.unity.localization@1.4.3\Editor\Search\TableSearchProvider.cs(290,25): warning CS0618: 'QueryEngine<TableEntrySearchData>.Parse(string, bool)' is obsolete: 'Parse has been deprecated. Use ParseQuery instead (UnityUpgradable) -> ParseQuery(*)'
C:\RoguelikePrototype\Library\PackageCache\com.unity.localization@1.4.3\Editor\Search\TableSearchProvider.cs(290,25): warning CS0618: 'QueryEngine<TableEntrySearchData>.Parse(string, bool)' is obsolete: 'Parse has been deprecated. Use ParseQuery instead (UnityUpgradable) -> ParseQuery(*)'
[ 739/1046  0s] Csc Library/Bee/artifacts/1900b0aE.dag/Unity.RenderPipelines.Universal.Editor.dll (+2 others) [CacheHit 6183bae8c9c1175ae4c256d61f944ea800000000000000000000000000000003]
[ 812/1046 1791204568s] Csc Library/Bee/artifacts/1900b0aE.dag/Unity.RenderPipelines.Universal.Editor.dll (+2 others)
[ 740/1046  0s] Csc Library/Bee/artifacts/1900b0aE.dag/Unity.RenderPipelines.Universal.Shaders.dll (+2 others) [CacheHit 4043f4b07ac6b398b71a321b1c14efb700000000000000000000000000000003]
[ 814/1046 1791204568s] Csc Library/Bee/artifacts/1900b0aE.dag/Unity.RenderPipelines.Universal.Shaders.dll (+2 others)
[ 741/1046  0s] Csc Library/Bee/artifacts/1900b0aE.dag/Unity.2D.Psdimporter.Editor.dll (+2 others) [CacheHit daf1cb7a20e311ff59c12369b5f8913300000000000000000000000000000003]
[ 816/1046 1791204568s] Csc Library/Bee/artifacts/1900b0aE.dag/Unity.2D.Psdimporter.Editor.dll (+2 others)
[ 818/1046  0s] MovedFromExtractor Library/Bee/artifacts/mvdfrm/Unity.VisualScripting.State.Editor.ref.dll_E03858E727F23F6F.mvfrm
[ 819/1046  0s] MovedFromExtractorCombine Library/Bee/artifacts/1900b0aE.dag/NavMeshPlusEditor.dll.mvfrm
[ 820/1046  0s] MovedFromExtractorCombine Library/Bee/artifacts/1900b0aE.dag/VContainer.Editor.dll.mvfrm
[ 821/1046  0s] MovedFromExtractor Library/Bee/artifacts/mvdfrm/Unity.PlasticSCM.Editor.ref.dll_257AEB342BE77856.mvfrm
[ 822/1046  0s] MovedFromExtractor Library/Bee/artifacts/mvdfrm/Unity.InputSystem.ForUI.ref.dll_0478B67D1094CE70.mvfrm
[ 823/1046  0s] MovedFromExtractor Library/Bee/artifacts/mvdfrm/Unity.Localization.Editor.ref.dll_75AE9AE59BB37C8A.mvfrm
[ 824/1046  0s] MovedFromExtractor Library/Bee/artifacts/mvdfrm/Unity.Rider.Editor.ref.dll_9B5591808ABA37AF.mvfrm
[ 825/1046  0s] MovedFromExtractor Library/Bee/artifacts/mvdfrm/Unity.TextMeshPro.Editor.ref.dll_159E061D77A10B86.mvfrm
[ 750/1046  0s] Csc Library/Bee/artifacts/1900b0aE.dag/NavMeshPlusEditor.dll (+2 others) [CacheHit d69553c3872c51abcadaea3745267a4c00000000000000000000000000000003]
[ 826/1046 1791204568s] Csc Library/Bee/artifacts/1900b0aE.dag/NavMeshPlusEditor.dll (+2 others)
[ 828/1046  0s] MovedFromExtractorCombine Library/Bee/artifacts/1900b0aE.dag/Unity.VisualScripting.Shared.Editor.dll.mvfrm
[ 829/1046  0s] MovedFromExtractor Library/Bee/artifacts/mvdfrm/Unity.2D.Aseprite.Editor.ref.dll_8C62A80A07075E58.mvfrm
[ 830/1046  0s] MovedFromExtractor Library/Bee/artifacts/mvdfrm/Unity.AI.Navigation.Updater.ref.dll_34B8D5B7DED6E76D.mvfrm
[ 831/1046  0s] MovedFromExtractor Library/Bee/artifacts/mvdfrm/Unity.RenderPipelines.Universal.Editor.ref.dll_0FF7AC68384616B1.mvfrm
[ 832/1046  0s] MovedFromExtractor Library/Bee/artifacts/mvdfrm/Unity.RenderPipelines.Universal.Shaders.ref.dll_9468B054363B0720.mvfrm
[ 756/1046  0s] Csc Library/Bee/artifacts/1900b0aE.dag/VContainer.Editor.dll (+2 others) [CacheHit cac9d06ac36c258c803164bfa3f4cc2000000000000000000000000000000003]
[ 833/1046 1791204569s] Csc Library/Bee/artifacts/1900b0aE.dag/VContainer.Editor.dll (+2 others)
[ 757/1046  0s] Csc Library/Bee/artifacts/1900b0aE.dag/Unity.VisualScripting.Shared.Editor.dll (+2 others) [CacheHit d8cfe77e120647b6810c69fe97f3054800000000000000000000000000000003]
[ 835/1046 1791204569s] Csc Library/Bee/artifacts/1900b0aE.dag/Unity.VisualScripting.Shared.Editor.dll (+2 others)
[ 837/1046  0s] MovedFromExtractorCombine Library/Bee/artifacts/1900b0aE.dag/Unity.2D.PixelPerfect.Editor.dll.mvfrm
[ 838/1046  0s] MovedFromExtractor Library/Bee/artifacts/mvdfrm/Unity.2D.Psdimporter.Editor.ref.dll_B76AC6E0D8C9839C.mvfrm
[ 839/1046  0s] MovedFromExtractor Library/Bee/artifacts/mvdfrm/Unity.VisualStudio.Editor.ref.dll_3A975DBA53ABA4AD.mvfrm
[ 840/1046  0s] MovedFromExtractor Library/Bee/artifacts/mvdfrm/Unity.Windsurf.Editor.ref.dll_D09F9FA0123E1B35.mvfrm
[ 841/1046  0s] MovedFromExtractor Library/Bee/artifacts/mvdfrm/Unity.VisualScripting.SettingsProvider.Editor.ref.dll_A1A44354E0B583A8.mvfrm
[ 842/1046  0s] MovedFromExtractor Library/Bee/artifacts/mvdfrm/Unity.2D.Tilemap.Extras.Editor.ref.dll_8DA00406C36CC6AA.mvfrm
[ 843/1046  0s] MovedFromExtractor Library/Bee/artifacts/mvdfrm/Unity.2D.IK.Editor.ref.dll_F60355C05B38283B.mvfrm
[ 765/1046  0s] Csc Library/Bee/artifacts/1900b0aE.dag/Unity.2D.PixelPerfect.Editor.dll (+2 others) [CacheHit 64e4a85fbf6de9235bc77db6139263e400000000000000000000000000000003]
[ 844/1046 1791204569s] Csc Library/Bee/artifacts/1900b0aE.dag/Unity.2D.PixelPerfect.Editor.dll (+2 others)
[ 846/1046  0s] MovedFromExtractor Library/Bee/artifacts/mvdfrm/Unity.RenderPipelines.ShaderGraph.ShaderGraphLibrary.ref.dll_1A2083B43FB0BF18.mvfrm
[ 847/1046  0s] MovedFromExtractorCombine Library/Bee/artifacts/1900b0aE.dag/PPv2URPConverters.dll.mvfrm
[ 848/1046  0s] MovedFromExtractor Library/Bee/artifacts/mvdfrm/Unity.RenderPipelines.Core.ShaderLibrary.ref.dll_7F2C410A434F5518.mvfrm
[ 849/1046  0s] MovedFromExtractorCombine Library/Bee/artifacts/1900b0aE.dag/Unity.InputSystem.TestFramework.dll.mvfrm
[ 850/1046  0s] MovedFromExtractor Library/Bee/artifacts/mvdfrm/Unity.2D.SpriteShape.Editor.ref.dll_1AEEC37E15960FB3.mvfrm
[ 851/1046  0s] MovedFromExtractor Library/Bee/artifacts/mvdfrm/Unity.VisualScripting.Shared.Editor.ref.dll_9669F6EBFF6DFFB7.mvfrm
[ 852/1046  0s] MovedFromExtractorCombine Library/Bee/artifacts/1900b0aE.dag/Unity.Addressables.Editor.Tests.DocExampleCode.dll.mvfrm
[ 773/1046  0s] Csc Library/Bee/artifacts/1900b0aE.dag/PPv2URPConverters.dll (+2 others) [CacheHit 7717cba2906fe9bafb1e3a9c091454a900000000000000000000000000000003]
[ 853/1046 1791204569s] Csc Library/Bee/artifacts/1900b0aE.dag/PPv2URPConverters.dll (+2 others)
[ 855/1046  0s] MovedFromExtractorCombine Library/Bee/artifacts/1900b0aE.dag/Unity.Collections.DocCodeSamples.dll.mvfrm
[ 856/1046  0s] MovedFromExtractorCombine Library/Bee/artifacts/1900b0aE.dag/Unity.InputSystem.DocCodeSamples.dll.mvfrm
[ 857/1046  0s] MovedFromExtractorCombine Library/Bee/artifacts/1900b0aE.dag/Unity.CollabProxy.Editor.dll.mvfrm
[ 858/1046  0s] MovedFromExtractor Library/Bee/artifacts/mvdfrm/Unity.Timeline.Editor.ref.dll_0D3D3C0B73557612.mvfrm
[ 778/1046  0s] Csc Library/Bee/artifacts/1900b0aE.dag/Unity.InputSystem.TestFramework.dll (+2 others) [CacheHit c47af9a2c2c110ca00961a40394d474200000000000000000000000000000003]
[ 859/1046 1791204569s] Csc Library/Bee/artifacts/1900b0aE.dag/Unity.InputSystem.TestFramework.dll (+2 others)
[ 861/1046  0s] MovedFromExtractorCombine Library/Bee/artifacts/1900b0aE.dag/Unity.Collections.BurstCompatibilityGen.dll.mvfrm
[ 780/1046  0s] Csc Library/Bee/artifacts/1900b0aE.dag/Unity.InputSystem.DocCodeSamples.dll (+2 others) [CacheHit 15ab088f3b7a09d7c8cc7fca5638fd1e00000000000000000000000000000003]
[ 862/1046 1791204570s] Csc Library/Bee/artifacts/1900b0aE.dag/Unity.InputSystem.DocCodeSamples.dll (+2 others)
[ 781/1046  0s] Csc Library/Bee/artifacts/1900b0aE.dag/Unity.Collections.BurstCompatibilityGen.dll (+2 others) [CacheHit 98c3a11bd3275383c99430af858d80cc00000000000000000000000000000003]
[ 864/1046 1791204570s] Csc Library/Bee/artifacts/1900b0aE.dag/Unity.Collections.BurstCompatibilityGen.dll (+2 others)
[ 782/1046  0s] Csc Library/Bee/artifacts/1900b0aE.dag/Unity.Collections.DocCodeSamples.dll (+2 others) [CacheHit 4812cee7260d1163b2b41a9dc611134200000000000000000000000000000003]
[ 866/1046 1791204570s] Csc Library/Bee/artifacts/1900b0aE.dag/Unity.Collections.DocCodeSamples.dll (+2 others)
[ 783/1046  0s] Csc Library/Bee/artifacts/1900b0aE.dag/Unity.Addressables.Editor.Tests.DocExampleCode.dll (+2 others) [CacheHit 6634494b9b8b8c011c38fac29cda41ce00000000000000000000000000000003]
[ 868/1046 1791204570s] Csc Library/Bee/artifacts/1900b0aE.dag/Unity.Addressables.Editor.Tests.DocExampleCode.dll (+2 others)
[ 784/1046  0s] Csc Library/Bee/artifacts/1900b0aE.dag/Unity.CollabProxy.Editor.dll (+2 others) [CacheHit 7b7897f34e8479c0768a893f2544b3c800000000000000000000000000000003]
[ 870/1046 1791204570s] Csc Library/Bee/artifacts/1900b0aE.dag/Unity.CollabProxy.Editor.dll (+2 others)
[ 872/1046  0s] MovedFromExtractor Library/Bee/artifacts/mvdfrm/Unity.2D.PixelPerfect.Editor.ref.dll_500201FE28D4C516.mvfrm
[ 873/1046  0s] ILPostProcess Library/Bee/artifacts/1900b0aE.dag/post-processed/Unity.2D.IK.Runtime.dll (+pdb)
Processing assembly Library/Bee/artifacts/1900b0aE.dag/Unity.2D.IK.Runtime.dll, with 120 defines and 220 references

processors: zzzUnity.Burst.CodeGen.BurstILPostProcessor

running zzzUnity.Burst.CodeGen.BurstILPostProcessor
[ 874/1046  0s] ILPostProcess Library/Bee/artifacts/1900b0aE.dag/post-processed/Unity.RenderPipelines.ShaderGraph.ShaderGraphLibrary.dll (+pdb)
Processing assembly Library/Bee/artifacts/1900b0aE.dag/Unity.RenderPipelines.ShaderGraph.ShaderGraphLibrary.dll, with 120 defines and 219 references

processors: zzzUnity.Burst.CodeGen.BurstILPostProcessor

running zzzUnity.Burst.CodeGen.BurstILPostProcessor
[ 875/1046  0s] ILPostProcess Library/Bee/artifacts/1900b0aE.dag/post-processed/NavMeshPlus.dll (+pdb)
Processing assembly Library/Bee/artifacts/1900b0aE.dag/NavMeshPlus.dll, with 121 defines and 219 references

processors: zzzUnity.Burst.CodeGen.BurstILPostProcessor

running zzzUnity.Burst.CodeGen.BurstILPostProcessor
[ 876/1046  0s] MovedFromExtractorCombine Library/Bee/artifacts/1900b0aE.dag/Assembly-CSharp.dll.mvfrm
[ 877/1046  0s] ILPostProcess Library/Bee/artifacts/1900b0aE.dag/post-processed/Unity.RenderPipelines.Core.Runtime.dll (+pdb)
Processing assembly Library/Bee/artifacts/1900b0aE.dag/Unity.RenderPipelines.Core.Runtime.dll, with 123 defines and 220 references

processors: zzzUnity.Burst.CodeGen.BurstILPostProcessor

running zzzUnity.Burst.CodeGen.BurstILPostProcessor
[ 878/1046  0s] ILPostProcess Library/Bee/artifacts/1900b0aE.dag/post-processed/UnityEngine.UI.dll (+pdb)
Processing assembly Library/Bee/artifacts/1900b0aE.dag/UnityEngine.UI.dll, with 126 defines and 217 references

processors: zzzUnity.Burst.CodeGen.BurstILPostProcessor

running zzzUnity.Burst.CodeGen.BurstILPostProcessor
[ 879/1046  0s] ILPostProcess Library/Bee/artifacts/1900b0aE.dag/post-processed/Unity.InputSystem.TestFramework.dll (+pdb)
Processing assembly Library/Bee/artifacts/1900b0aE.dag/Unity.InputSystem.TestFramework.dll, with 121 defines and 211 references

processors: zzzUnity.Burst.CodeGen.BurstILPostProcessor

running zzzUnity.Burst.CodeGen.BurstILPostProcessor
[ 880/1046  0s] ILPostProcess Library/Bee/artifacts/1900b0aE.dag/post-processed/Unity.Timeline.dll (+pdb)
Processing assembly Library/Bee/artifacts/1900b0aE.dag/Unity.Timeline.dll, with 121 defines and 219 references

processors: zzzUnity.Burst.CodeGen.BurstILPostProcessor

running zzzUnity.Burst.CodeGen.BurstILPostProcessor
[ 881/1046  0s] ILPostProcess Library/Bee/artifacts/1900b0aE.dag/post-processed/Unity.Mathematics.dll (+pdb)
Processing assembly Library/Bee/artifacts/1900b0aE.dag/Unity.Mathematics.dll, with 120 defines and 219 references

processors: zzzUnity.Burst.CodeGen.BurstILPostProcessor

running zzzUnity.Burst.CodeGen.BurstILPostProcessor
[ 882/1046  0s] MovedFromExtractorCombine Library/Bee/artifacts/1900b0aE.dag/Assembly-CSharp-Editor.dll.mvfrm
[ 883/1046  0s] ILPostProcess Library/Bee/artifacts/1900b0aE.dag/post-processed/Unity.Burst.dll (+pdb)
Processing assembly Library/Bee/artifacts/1900b0aE.dag/Unity.Burst.dll, with 120 defines and 210 references

processors: zzzUnity.Burst.CodeGen.BurstILPostProcessor

running zzzUnity.Burst.CodeGen.BurstILPostProcessor
[ 884/1046  0s] ILPostProcess Library/Bee/artifacts/1900b0aE.dag/post-processed/Unity.VisualScripting.Flow.dll (+pdb)
Processing assembly Library/Bee/artifacts/1900b0aE.dag/Unity.VisualScripting.Flow.dll, with 128 defines and 221 references

processors: zzzUnity.Burst.CodeGen.BurstILPostProcessor

running zzzUnity.Burst.CodeGen.BurstILPostProcessor
[ 885/1046  0s] ILPostProcess Library/Bee/artifacts/1900b0aE.dag/post-processed/Unity.InputSystem.ForUI.dll (+pdb)
Processing assembly Library/Bee/artifacts/1900b0aE.dag/Unity.InputSystem.ForUI.dll, with 120 defines and 220 references

processors: zzzUnity.Burst.CodeGen.BurstILPostProcessor

running zzzUnity.Burst.CodeGen.BurstILPostProcessor
[ 886/1046  0s] ILPostProcess Library/Bee/artifacts/1900b0aE.dag/post-processed/Unity.2D.Tilemap.Extras.dll (+pdb)
Processing assembly Library/Bee/artifacts/1900b0aE.dag/Unity.2D.Tilemap.Extras.dll, with 120 defines and 219 references

processors: zzzUnity.Burst.CodeGen.BurstILPostProcessor

running zzzUnity.Burst.CodeGen.BurstILPostProcessor
[ 887/1046  0s] ILPostProcess Library/Bee/artifacts/1900b0aE.dag/post-processed/Unity.RenderPipelines.Universal.Config.Runtime.dll (+pdb)
Processing assembly Library/Bee/artifacts/1900b0aE.dag/Unity.RenderPipelines.Universal.Config.Runtime.dll, with 120 defines and 220 references

processors: zzzUnity.Burst.CodeGen.BurstILPostProcessor

running zzzUnity.Burst.CodeGen.BurstILPostProcessor
[ 888/1046  0s] ILPostProcess Library/Bee/artifacts/1900b0aE.dag/post-processed/Unity.VisualScripting.State.dll (+pdb)
Processing assembly Library/Bee/artifacts/1900b0aE.dag/Unity.VisualScripting.State.dll, with 120 defines and 221 references

processors: zzzUnity.Burst.CodeGen.BurstILPostProcessor

running zzzUnity.Burst.CodeGen.BurstILPostProcessor
[ 889/1046  0s] ILPostProcess Library/Bee/artifacts/1900b0aE.dag/post-processed/Unity.RenderPipelines.Universal.Shaders.dll (+pdb)
Processing assembly Library/Bee/artifacts/1900b0aE.dag/Unity.RenderPipelines.Universal.Shaders.dll, with 120 defines and 219 references

processors: zzzUnity.Burst.CodeGen.BurstILPostProcessor

running zzzUnity.Burst.CodeGen.BurstILPostProcessor
[ 890/1046  0s] ILPostProcess Library/Bee/artifacts/1900b0aE.dag/post-processed/VContainer.dll (+pdb)
Processing assembly Library/Bee/artifacts/1900b0aE.dag/VContainer.dll, with 120 defines and 210 references

processors: zzzUnity.Burst.CodeGen.BurstILPostProcessor

running zzzUnity.Burst.CodeGen.BurstILPostProcessor
[ 891/1046  1s] ILPostProcess Library/Bee/artifacts/1900b0aE.dag/post-processed/Unity.2D.Common.Runtime.dll (+pdb)
Processing assembly Library/Bee/artifacts/1900b0aE.dag/Unity.2D.Common.Runtime.dll, with 120 defines and 220 references

processors: zzzUnity.Burst.CodeGen.BurstILPostProcessor

running zzzUnity.Burst.CodeGen.BurstILPostProcessor
[ 892/1046  1s] ILPostProcess Library/Bee/artifacts/1900b0aE.dag/post-processed/Unity.ScriptableBuildPipeline.dll (+pdb)
Processing assembly Library/Bee/artifacts/1900b0aE.dag/Unity.ScriptableBuildPipeline.dll, with 120 defines and 219 references

processors: zzzUnity.Burst.CodeGen.BurstILPostProcessor

running zzzUnity.Burst.CodeGen.BurstILPostProcessor
[ 893/1046  1s] ILPostProcess Library/Bee/artifacts/1900b0aE.dag/post-processed/Unity.TextMeshPro.dll (+pdb)
Processing assembly Library/Bee/artifacts/1900b0aE.dag/Unity.TextMeshPro.dll, with 121 defines and 219 references

processors: zzzUnity.Burst.CodeGen.BurstILPostProcessor

running zzzUnity.Burst.CodeGen.BurstILPostProcessor
[ 894/1046  1s] ILPostProcess Library/Bee/artifacts/1900b0aE.dag/post-processed/Unity.Localization.dll (+pdb)
Processing assembly Library/Bee/artifacts/1900b0aE.dag/Unity.Localization.dll, with 124 defines and 223 references

processors: zzzUnity.Burst.CodeGen.BurstILPostProcessor

running zzzUnity.Burst.CodeGen.BurstILPostProcessor
[ 895/1046  1s] ILPostProcess Library/Bee/artifacts/1900b0aE.dag/post-processed/Unity.Addressables.dll (+pdb)
Processing assembly Library/Bee/artifacts/1900b0aE.dag/Unity.Addressables.dll, with 120 defines and 220 references

processors: zzzUnity.Burst.CodeGen.BurstILPostProcessor

running zzzUnity.Burst.CodeGen.BurstILPostProcessor
[ 896/1046  1s] ILPostProcess Library/Bee/artifacts/1900b0aE.dag/post-processed/Unity.AI.Navigation.dll (+pdb)
Processing assembly Library/Bee/artifacts/1900b0aE.dag/Unity.AI.Navigation.dll, with 121 defines and 219 references

processors: zzzUnity.Burst.CodeGen.BurstILPostProcessor

running zzzUnity.Burst.CodeGen.BurstILPostProcessor
[ 897/1046  1s] ILPostProcess Library/Bee/artifacts/1900b0aE.dag/post-processed/Unity.InternalAPIEngineBridge.013.dll (+pdb)
Processing assembly Library/Bee/artifacts/1900b0aE.dag/Unity.InternalAPIEngineBridge.013.dll, with 120 defines and 219 references

processors: zzzUnity.Burst.CodeGen.BurstILPostProcessor

running zzzUnity.Burst.CodeGen.BurstILPostProcessor
[ 898/1046  2s] ILPostProcess Library/Bee/artifacts/1900b0aE.dag/post-processed/Unity.InputSystem.dll (+pdb)
Processing assembly Library/Bee/artifacts/1900b0aE.dag/Unity.InputSystem.dll, with 129 defines and 219 references

processors: zzzUnity.Burst.CodeGen.BurstILPostProcessor

running zzzUnity.Burst.CodeGen.BurstILPostProcessor
[ 899/1046  2s] ILPostProcess Library/Bee/artifacts/1900b0aE.dag/post-processed/Unity.RenderPipelines.Universal.2D.Internal.dll (+pdb)
Processing assembly Library/Bee/artifacts/1900b0aE.dag/Unity.RenderPipelines.Universal.2D.Internal.dll, with 120 defines and 219 references

processors: zzzUnity.Burst.CodeGen.BurstILPostProcessor

running zzzUnity.Burst.CodeGen.BurstILPostProcessor
[ 900/1046  1s] ILPostProcess Library/Bee/artifacts/1900b0aE.dag/post-processed/Unity.ResourceManager.dll (+pdb)
Processing assembly Library/Bee/artifacts/1900b0aE.dag/Unity.ResourceManager.dll, with 121 defines and 219 references

processors: zzzUnity.Burst.CodeGen.BurstILPostProcessor

running zzzUnity.Burst.CodeGen.BurstILPostProcessor
[ 901/1046  0s] ILPostProcess Library/Bee/artifacts/1900b0aE.dag/post-processed/Unity.RenderPipeline.Universal.ShaderLibrary.dll (+pdb)
Processing assembly Library/Bee/artifacts/1900b0aE.dag/Unity.RenderPipeline.Universal.ShaderLibrary.dll, with 120 defines and 220 references

processors: zzzUnity.Burst.CodeGen.BurstILPostProcessor

running zzzUnity.Burst.CodeGen.BurstILPostProcessor
[ 902/1046  2s] ILPostProcess Library/Bee/artifacts/1900b0aE.dag/post-processed/Unity.RenderPipelines.Universal.Runtime.dll (+pdb)
Processing assembly Library/Bee/artifacts/1900b0aE.dag/Unity.RenderPipelines.Universal.Runtime.dll, with 126 defines and 225 references

processors: zzzUnity.Burst.CodeGen.BurstILPostProcessor

running zzzUnity.Burst.CodeGen.BurstILPostProcessor
[ 903/1046  3s] Csc Library/Bee/artifacts/1900b0aE.dag/Assembly-CSharp.dll (+2 others)
Assets\Nytherion\Gameplay\Combat\Weapons\Melee\ShortDagger.cs(112,40): warning CS0414: The field 'ShortDagger.swingDistance' is assigned but its value is never used

Assets\Nytherion\Gameplay\Skills\Abilities\PyroTank\PyroTankController.cs(34,23): warning CS0414: The field 'PyroTankController.explosionEndsAt' is assigned but its value is never used

Assets\Nytherion\Gameplay\Combat\Weapons\Melee\ShortDagger.cs(26,40): warning CS0414: The field 'ShortDagger.thrustDistance' is assigned but its value is never used

Assets\Nytherion\Gameplay\Combat\Weapons\Melee\ShortDagger.cs(79,41): warning CS0414: The field 'ShortDagger.thrustEffectStateName' is assigned but its value is never used
[ 904/1046  0s] ILPostProcess Library/Bee/artifacts/1900b0aE.dag/post-processed/Unity.VisualScripting.Core.dll (+pdb)
Processing assembly Library/Bee/artifacts/1900b0aE.dag/Unity.VisualScripting.Core.dll, with 125 defines and 220 references

processors: zzzUnity.Burst.CodeGen.BurstILPostProcessor

running zzzUnity.Burst.CodeGen.BurstILPostProcessor
[ 905/1046  0s] ILPostProcess Library/Bee/artifacts/1900b0aE.dag/post-processed/Unity.2D.PixelPerfect.dll (+pdb)
Processing assembly Library/Bee/artifacts/1900b0aE.dag/Unity.2D.PixelPerfect.dll, with 121 defines and 219 references

processors: zzzUnity.Burst.CodeGen.BurstILPostProcessor

running zzzUnity.Burst.CodeGen.BurstILPostProcessor
[ 906/1046  1s] ILPostProcess Library/Bee/artifacts/1900b0aE.dag/post-processed/Unity.RenderPipelines.Core.ShaderLibrary.dll (+pdb)
Processing assembly Library/Bee/artifacts/1900b0aE.dag/Unity.RenderPipelines.Core.ShaderLibrary.dll, with 120 defines and 219 references

processors: zzzUnity.Burst.CodeGen.BurstILPostProcessor

running zzzUnity.Burst.CodeGen.BurstILPostProcessor
[ 907/1046  1s] ILPostProcess Library/Bee/artifacts/1900b0aE.dag/post-processed/Unity.InternalAPIEngineBridge.001.dll (+pdb)
Processing assembly Library/Bee/artifacts/1900b0aE.dag/Unity.InternalAPIEngineBridge.001.dll, with 120 defines and 219 references

processors: zzzUnity.Burst.CodeGen.BurstILPostProcessor

running zzzUnity.Burst.CodeGen.BurstILPostProcessor
[ 908/1046  0s] ILPostProcess Library/Bee/artifacts/1900b0aE.dag/post-processed/Unity.Searcher.Editor.dll (+pdb)
Processing assembly Library/Bee/artifacts/1900b0aE.dag/Unity.Searcher.Editor.dll, with 118 defines and 226 references

processors: zzzUnity.Burst.CodeGen.BurstILPostProcessor

running zzzUnity.Burst.CodeGen.BurstILPostProcessor
[ 909/1046  0s] ILPostProcess Library/Bee/artifacts/1900b0aE.dag/post-processed/Unity.Windsurf.Editor.dll (+pdb)
Processing assembly Library/Bee/artifacts/1900b0aE.dag/Unity.Windsurf.Editor.dll, with 118 defines and 217 references

processors: zzzUnity.Burst.CodeGen.BurstILPostProcessor

running zzzUnity.Burst.CodeGen.BurstILPostProcessor
[ 910/1046  1s] Csc Library/Bee/artifacts/1900b0aE.dag/Assembly-CSharp-Editor.dll (+2 others)
Assets\Editor\Data\TrainingDummySetup.cs(241,29): warning CS0252: Possible unintended reference comparison; to get a value comparison, cast the left hand side to type 'Object'
[ 911/1046  0s] ILPostProcess Library/Bee/artifacts/1900b0aE.dag/post-processed/Unity.CollabProxy.Editor.dll (+pdb)
Processing assembly Library/Bee/artifacts/1900b0aE.dag/Unity.CollabProxy.Editor.dll, with 118 defines and 227 references

processors: zzzUnity.Burst.CodeGen.BurstILPostProcessor

running zzzUnity.Burst.CodeGen.BurstILPostProcessor
[ 912/1046  0s] ILPostProcess Library/Bee/artifacts/1900b0aE.dag/post-processed/Unity.TextMeshPro.Editor.dll (+pdb)
Processing assembly Library/Bee/artifacts/1900b0aE.dag/Unity.TextMeshPro.Editor.dll, with 118 defines and 227 references

processors: zzzUnity.Burst.CodeGen.BurstILPostProcessor

running zzzUnity.Burst.CodeGen.BurstILPostProcessor
[ 913/1046  1s] ILPostProcess Library/Bee/artifacts/1900b0aE.dag/post-processed/Unity.Collections.DocCodeSamples.dll (+pdb)
Processing assembly Library/Bee/artifacts/1900b0aE.dag/Unity.Collections.DocCodeSamples.dll, with 118 defines and 227 references

processors: zzzUnity.Burst.CodeGen.BurstILPostProcessor

running zzzUnity.Burst.CodeGen.BurstILPostProcessor
[ 914/1046  1s] ILPostProcess Library/Bee/artifacts/1900b0aE.dag/post-processed/Unity.2D.Aseprite.Common.dll (+pdb)
Processing assembly Library/Bee/artifacts/1900b0aE.dag/Unity.2D.Aseprite.Common.dll, with 118 defines and 229 references

processors: zzzUnity.Burst.CodeGen.BurstILPostProcessor

running zzzUnity.Burst.CodeGen.BurstILPostProcessor
[ 915/1046  5s] ILPostProcess Library/Bee/artifacts/1900b0aE.dag/post-processed/Unity.2D.SpriteShape.Runtime.dll (+pdb)
Processing assembly Library/Bee/artifacts/1900b0aE.dag/Unity.2D.SpriteShape.Runtime.dll, with 121 defines and 222 references

processors: zzzUnity.Burst.CodeGen.BurstILPostProcessor

running zzzUnity.Burst.CodeGen.BurstILPostProcessor
[ 916/1046  0s] ILPostProcess Library/Bee/artifacts/1900b0aE.dag/post-processed/Unity.Mathematics.Editor.dll (+pdb)
Processing assembly Library/Bee/artifacts/1900b0aE.dag/Unity.Mathematics.Editor.dll, with 118 defines and 227 references

processors: zzzUnity.Burst.CodeGen.BurstILPostProcessor

running zzzUnity.Burst.CodeGen.BurstILPostProcessor
[ 917/1046  0s] ILPostProcess Library/Bee/artifacts/1900b0aE.dag/post-processed/Unity.RenderPipelines.Universal.Editor.dll (+pdb)
Processing assembly Library/Bee/artifacts/1900b0aE.dag/Unity.RenderPipelines.Universal.Editor.dll, with 119 defines and 232 references

processors: zzzUnity.Burst.CodeGen.BurstILPostProcessor

running zzzUnity.Burst.CodeGen.BurstILPostProcessor
[ 918/1046  0s] ILPostProcess Library/Bee/artifacts/1900b0aE.dag/post-processed/Unity.2D.Psdimporter.Editor.dll (+pdb)
Processing assembly Library/Bee/artifacts/1900b0aE.dag/Unity.2D.Psdimporter.Editor.dll, with 118 defines and 235 references

processors: zzzUnity.Burst.CodeGen.BurstILPostProcessor

running zzzUnity.Burst.CodeGen.BurstILPostProcessor
[ 919/1046  0s] ILPostProcess Library/Bee/artifacts/1900b0aE.dag/post-processed/Unity.2D.PixelPerfect.Editor.dll (+pdb)
Processing assembly Library/Bee/artifacts/1900b0aE.dag/Unity.2D.PixelPerfect.Editor.dll, with 120 defines and 229 references

processors: zzzUnity.Burst.CodeGen.BurstILPostProcessor

running zzzUnity.Burst.CodeGen.BurstILPostProcessor
[ 920/1046  2s] ILPostProcess Library/Bee/artifacts/1900b0aE.dag/post-processed/Unity.2D.Animation.Runtime.dll (+pdb)
Processing assembly Library/Bee/artifacts/1900b0aE.dag/Unity.2D.Animation.Runtime.dll, with 120 defines and 224 references

processors: zzzUnity.Burst.CodeGen.BurstILPostProcessor

running zzzUnity.Burst.CodeGen.BurstILPostProcessor
[ 921/1046  5s] ILPostProcess Library/Bee/artifacts/1900b0aE.dag/post-processed/Unity.Collections.dll (+pdb)
Processing assembly Library/Bee/artifacts/1900b0aE.dag/Unity.Collections.dll, with 120 defines and 221 references

processors: zzzUnity.Burst.CodeGen.BurstILPostProcessor

running zzzUnity.Burst.CodeGen.BurstILPostProcessor
[ 922/1046  0s] ILPostProcess Library/Bee/artifacts/1900b0aE.dag/post-processed/Unity.AI.Navigation.Editor.ConversionSystem.dll (+pdb)
Processing assembly Library/Bee/artifacts/1900b0aE.dag/Unity.AI.Navigation.Editor.ConversionSystem.dll, with 118 defines and 226 references

processors: zzzUnity.Burst.CodeGen.BurstILPostProcessor

running zzzUnity.Burst.CodeGen.BurstILPostProcessor
[ 923/1046  0s] ILPostProcess Library/Bee/artifacts/1900b0aE.dag/post-processed/VContainer.Editor.dll (+pdb)
Processing assembly Library/Bee/artifacts/1900b0aE.dag/VContainer.Editor.dll, with 118 defines and 217 references

processors: zzzUnity.Burst.CodeGen.BurstILPostProcessor

running zzzUnity.Burst.CodeGen.BurstILPostProcessor
[ 924/1046  0s] ILPostProcess Library/Bee/artifacts/1900b0aE.dag/post-processed/Unity.RenderPipelines.Core.Editor.dll (+pdb)
Processing assembly Library/Bee/artifacts/1900b0aE.dag/Unity.RenderPipelines.Core.Editor.dll, with 119 defines and 228 references

processors: zzzUnity.Burst.CodeGen.BurstILPostProcessor

running zzzUnity.Burst.CodeGen.BurstILPostProcessor
[ 925/1046  0s] ILPostProcess Library/Bee/artifacts/1900b0aE.dag/post-processed/Unity.InputSystem.DocCodeSamples.dll (+pdb)
Processing assembly Library/Bee/artifacts/1900b0aE.dag/Unity.InputSystem.DocCodeSamples.dll, with 118 defines and 217 references

processors: zzzUnity.Burst.CodeGen.BurstILPostProcessor

running zzzUnity.Burst.CodeGen.BurstILPostProcessor
[ 926/1046  0s] ILPostProcess Library/Bee/artifacts/1900b0aE.dag/post-processed/Unity.InternalAPIEditorBridge.013.dll (+pdb)
Processing assembly Library/Bee/artifacts/1900b0aE.dag/Unity.InternalAPIEditorBridge.013.dll, with 120 defines and 226 references

processors: zzzUnity.Burst.CodeGen.BurstILPostProcessor

running zzzUnity.Burst.CodeGen.BurstILPostProcessor
[ 927/1046  0s] ILPostProcess Library/Bee/artifacts/1900b0aE.dag/post-processed/Unity.VisualScripting.Core.Editor.dll (+pdb)
Processing assembly Library/Bee/artifacts/1900b0aE.dag/Unity.VisualScripting.Core.Editor.dll, with 118 defines and 227 references

processors: zzzUnity.Burst.CodeGen.BurstILPostProcessor

running zzzUnity.Burst.CodeGen.BurstILPostProcessor
[ 928/1046  0s] ILPostProcess Library/Bee/artifacts/1900b0aE.dag/post-processed/Unity.VisualScripting.Flow.Editor.dll (+pdb)
Processing assembly Library/Bee/artifacts/1900b0aE.dag/Unity.VisualScripting.Flow.Editor.dll, with 120 defines and 230 references

processors: zzzUnity.Burst.CodeGen.BurstILPostProcessor

running zzzUnity.Burst.CodeGen.BurstILPostProcessor
[ 929/1046  0s] ILPostProcess Library/Bee/artifacts/1900b0aE.dag/post-processed/PsdPlugin.dll (+pdb)
Processing assembly Library/Bee/artifacts/1900b0aE.dag/PsdPlugin.dll, with 118 defines and 227 references

processors: zzzUnity.Burst.CodeGen.BurstILPostProcessor

running zzzUnity.Burst.CodeGen.BurstILPostProcessor
[ 930/1046  0s] ILPostProcess Library/Bee/artifacts/1900b0aE.dag/post-processed/NavMeshPlusEditor.dll (+pdb)
Processing assembly Library/Bee/artifacts/1900b0aE.dag/NavMeshPlusEditor.dll, with 118 defines and 227 references

processors: zzzUnity.Burst.CodeGen.BurstILPostProcessor

running zzzUnity.Burst.CodeGen.BurstILPostProcessor
[ 931/1046  0s] ILPostProcess Library/Bee/artifacts/1900b0aE.dag/post-processed/Unity.VisualScripting.SettingsProvider.Editor.dll (+pdb)
Processing assembly Library/Bee/artifacts/1900b0aE.dag/Unity.VisualScripting.SettingsProvider.Editor.dll, with 118 defines and 231 references

processors: zzzUnity.Burst.CodeGen.BurstILPostProcessor

running zzzUnity.Burst.CodeGen.BurstILPostProcessor
[ 932/1046  0s] ILPostProcess Library/Bee/artifacts/1900b0aE.dag/post-processed/Unity.2D.SpriteShape.Editor.dll (+pdb)
Processing assembly Library/Bee/artifacts/1900b0aE.dag/Unity.2D.SpriteShape.Editor.dll, with 118 defines and 231 references

processors: zzzUnity.Burst.CodeGen.BurstILPostProcessor

running zzzUnity.Burst.CodeGen.BurstILPostProcessor
[ 933/1046  0s] ILPostProcess Library/Bee/artifacts/1900b0aE.dag/post-processed/PPv2URPConverters.dll (+pdb)
Processing assembly Library/Bee/artifacts/1900b0aE.dag/PPv2URPConverters.dll, with 118 defines and 230 references

processors: zzzUnity.Burst.CodeGen.BurstILPostProcessor

running zzzUnity.Burst.CodeGen.BurstILPostProcessor
[ 934/1046  0s] ILPostProcess Library/Bee/artifacts/1900b0aE.dag/post-processed/UnityEditor.UI.dll (+pdb)
Processing assembly Library/Bee/artifacts/1900b0aE.dag/UnityEditor.UI.dll, with 121 defines and 225 references

processors: zzzUnity.Burst.CodeGen.BurstILPostProcessor

running zzzUnity.Burst.CodeGen.BurstILPostProcessor
[ 935/1046  0s] ILPostProcess Library/Bee/artifacts/1900b0aE.dag/post-processed/Unity.2D.Common.Path.Editor.dll (+pdb)
Processing assembly Library/Bee/artifacts/1900b0aE.dag/Unity.2D.Common.Path.Editor.dll, with 118 defines and 226 references

processors: zzzUnity.Burst.CodeGen.BurstILPostProcessor

running zzzUnity.Burst.CodeGen.BurstILPostProcessor
[ 936/1046  0s] ILPostProcess Library/Bee/artifacts/1900b0aE.dag/post-processed/Unity.ShaderGraph.Utilities.dll (+pdb)
Processing assembly Library/Bee/artifacts/1900b0aE.dag/Unity.ShaderGraph.Utilities.dll, with 118 defines and 226 references

processors: zzzUnity.Burst.CodeGen.BurstILPostProcessor

running zzzUnity.Burst.CodeGen.BurstILPostProcessor
[ 937/1046  0s] ILPostProcess Library/Bee/artifacts/1900b0aE.dag/post-processed/Unity.InternalAPIEditorBridge.001.dll (+pdb)
Processing assembly Library/Bee/artifacts/1900b0aE.dag/Unity.InternalAPIEditorBridge.001.dll, with 118 defines and 227 references

processors: zzzUnity.Burst.CodeGen.BurstILPostProcessor

running zzzUnity.Burst.CodeGen.BurstILPostProcessor
[ 938/1046  0s] ILPostProcess Library/Bee/artifacts/1900b0aE.dag/post-processed/Unity.PlasticSCM.Editor.dll (+pdb)
Processing assembly Library/Bee/artifacts/1900b0aE.dag/Unity.PlasticSCM.Editor.dll, with 118 defines and 218 references

processors: zzzUnity.Burst.CodeGen.BurstILPostProcessor

running zzzUnity.Burst.CodeGen.BurstILPostProcessor
[ 939/1046  0s] ILPostProcess Library/Bee/artifacts/1900b0aE.dag/post-processed/Unity.VisualScripting.Shared.Editor.dll (+pdb)
Processing assembly Library/Bee/artifacts/1900b0aE.dag/Unity.VisualScripting.Shared.Editor.dll, with 118 defines and 232 references

processors: zzzUnity.Burst.CodeGen.BurstILPostProcessor

running zzzUnity.Burst.CodeGen.BurstILPostProcessor
[ 940/1046  0s] ILPostProcess Library/Bee/artifacts/1900b0aE.dag/post-processed/Unity.Addressables.Editor.Tests.DocExampleCode.dll (+pdb)
Processing assembly Library/Bee/artifacts/1900b0aE.dag/Unity.Addressables.Editor.Tests.DocExampleCode.dll, with 119 defines and 220 references

processors: zzzUnity.Burst.CodeGen.BurstILPostProcessor

running zzzUnity.Burst.CodeGen.BurstILPostProcessor
[ 941/1046  0s] ILPostProcess Library/Bee/artifacts/1900b0aE.dag/post-processed/Unity.Addressables.Editor.dll (+pdb)
Processing assembly Library/Bee/artifacts/1900b0aE.dag/Unity.Addressables.Editor.dll, with 119 defines and 230 references

processors: zzzUnity.Burst.CodeGen.BurstILPostProcessor

running zzzUnity.Burst.CodeGen.BurstILPostProcessor
[ 942/1046  0s] ILPostProcess Library/Bee/artifacts/1900b0aE.dag/post-processed/Unity.ScriptableBuildPipeline.Editor.dll (+pdb)
Processing assembly Library/Bee/artifacts/1900b0aE.dag/Unity.ScriptableBuildPipeline.Editor.dll, with 121 defines and 227 references

processors: zzzUnity.Burst.CodeGen.BurstILPostProcessor

running zzzUnity.Burst.CodeGen.BurstILPostProcessor
[ 943/1046  0s] ILPostProcess Library/Bee/artifacts/1900b0aE.dag/post-processed/Unity.AI.Navigation.Editor.dll (+pdb)
Processing assembly Library/Bee/artifacts/1900b0aE.dag/Unity.AI.Navigation.Editor.dll, with 118 defines and 228 references

processors: zzzUnity.Burst.CodeGen.BurstILPostProcessor

running zzzUnity.Burst.CodeGen.BurstILPostProcessor
[ 944/1046  0s] ILPostProcess Library/Bee/artifacts/1900b0aE.dag/post-processed/Unity.2D.Aseprite.Editor.dll (+pdb)
Processing assembly Library/Bee/artifacts/1900b0aE.dag/Unity.2D.Aseprite.Editor.dll, with 119 defines and 232 references

processors: zzzUnity.Burst.CodeGen.BurstILPostProcessor

running zzzUnity.Burst.CodeGen.BurstILPostProcessor
[ 945/1046  0s] ILPostProcess Library/Bee/artifacts/1900b0aE.dag/post-processed/Unity.Collections.BurstCompatibilityGen.dll (+pdb)
Processing assembly Library/Bee/artifacts/1900b0aE.dag/Unity.Collections.BurstCompatibilityGen.dll, with 118 defines and 228 references

processors: zzzUnity.Burst.CodeGen.BurstILPostProcessor

running zzzUnity.Burst.CodeGen.BurstILPostProcessor
[ 946/1046  0s] ILPostProcess Library/Bee/artifacts/1900b0aE.dag/post-processed/Unity.2D.Common.Editor.dll (+pdb)
Processing assembly Library/Bee/artifacts/1900b0aE.dag/Unity.2D.Common.Editor.dll, with 118 defines and 230 references

processors: zzzUnity.Burst.CodeGen.BurstILPostProcessor

running zzzUnity.Burst.CodeGen.BurstILPostProcessor
[ 947/1046  0s] ILPostProcess Library/Bee/artifacts/1900b0aE.dag/post-processed/Unity.ShaderGraph.Editor.dll (+pdb)
Processing assembly Library/Bee/artifacts/1900b0aE.dag/Unity.ShaderGraph.Editor.dll, with 118 defines and 230 references

processors: zzzUnity.Burst.CodeGen.BurstILPostProcessor

running zzzUnity.Burst.CodeGen.BurstILPostProcessor
[ 948/1046  0s] ILPostProcess Library/Bee/artifacts/1900b0aE.dag/post-processed/Unity.2D.Sprite.Editor.dll (+pdb)
Processing assembly Library/Bee/artifacts/1900b0aE.dag/Unity.2D.Sprite.Editor.dll, with 118 defines and 226 references

processors: zzzUnity.Burst.CodeGen.BurstILPostProcessor

running zzzUnity.Burst.CodeGen.BurstILPostProcessor
[ 949/1046  0s] ILPostProcess Library/Bee/artifacts/1900b0aE.dag/post-processed/Unity.Localization.Editor.dll (+pdb)
Processing assembly Library/Bee/artifacts/1900b0aE.dag/Unity.Localization.Editor.dll, with 124 defines and 223 references

processors: zzzUnity.Burst.CodeGen.BurstILPostProcessor

running zzzUnity.Burst.CodeGen.BurstILPostProcessor
[ 950/1046  0s] ILPostProcess Library/Bee/artifacts/1900b0aE.dag/post-processed/Unity.2D.Tilemap.Extras.Editor.dll (+pdb)
Processing assembly Library/Bee/artifacts/1900b0aE.dag/Unity.2D.Tilemap.Extras.Editor.dll, with 118 defines and 228 references

processors: zzzUnity.Burst.CodeGen.BurstILPostProcessor

running zzzUnity.Burst.CodeGen.BurstILPostProcessor
[ 951/1046  1s] ILPostProcess Library/Bee/artifacts/1900b0aE.dag/post-processed/Unity.2D.Animation.Editor.dll (+pdb)
Processing assembly Library/Bee/artifacts/1900b0aE.dag/Unity.2D.Animation.Editor.dll, with 118 defines and 235 references

processors: zzzUnity.Burst.CodeGen.BurstILPostProcessor

running zzzUnity.Burst.CodeGen.BurstILPostProcessor
[ 952/1046  0s] ILPostProcess Library/Bee/artifacts/1900b0aE.dag/post-processed/Unity.AI.Navigation.Updater.dll (+pdb)
Processing assembly Library/Bee/artifacts/1900b0aE.dag/Unity.AI.Navigation.Updater.dll, with 118 defines and 229 references

processors: zzzUnity.Burst.CodeGen.BurstILPostProcessor

running zzzUnity.Burst.CodeGen.BurstILPostProcessor
[ 953/1046  0s] CopyFiles Library/ScriptAssemblies/Unity.2D.Common.Runtime.dll
[ 954/1046  0s] CopyFiles Library/ScriptAssemblies/Unity.VisualScripting.State.dll
[ 955/1046  0s] CopyFiles Library/ScriptAssemblies/Unity.AI.Navigation.dll
[ 956/1046  0s] CopyFiles Library/ScriptAssemblies/Unity.2D.Tilemap.Extras.dll
[ 957/1046  0s] CopyFiles Library/ScriptAssemblies/Unity.RenderPipelines.Core.Runtime.dll
[ 958/1046  0s] CopyFiles Library/ScriptAssemblies/Unity.VisualScripting.Flow.dll
[ 959/1046  0s] CopyFiles Library/ScriptAssemblies/Unity.InternalAPIEngineBridge.001.dll
[ 960/1046  0s] CopyFiles Library/ScriptAssemblies/Unity.RenderPipelines.Universal.Config.Runtime.dll
[ 961/1046  0s] CopyFiles Library/ScriptAssemblies/Unity.RenderPipelines.Universal.Runtime.dll
[ 962/1046  0s] CopyFiles Library/ScriptAssemblies/Unity.InputSystem.TestFramework.dll
[ 963/1046  0s] CopyFiles Library/ScriptAssemblies/Unity.RenderPipelines.Universal.Shaders.dll
[ 964/1046  0s] CopyFiles Library/ScriptAssemblies/Unity.RenderPipelines.Universal.2D.Internal.dll
[ 965/1046  0s] CopyFiles Library/ScriptAssemblies/Unity.ResourceManager.dll
[ 966/1046  0s] CopyFiles Library/ScriptAssemblies/UnityEngine.UI.dll
[ 967/1046  0s] CopyFiles Library/ScriptAssemblies/Unity.InputSystem.dll
[ 968/1046  0s] CopyFiles Library/ScriptAssemblies/NavMeshPlus.dll
[ 969/1046  0s] CopyFiles Library/ScriptAssemblies/Unity.Burst.dll
[ 970/1046  0s] CopyFiles Library/ScriptAssemblies/Unity.InputSystem.ForUI.dll
[ 971/1046  0s] CopyFiles Library/ScriptAssemblies/Unity.RenderPipelines.ShaderGraph.ShaderGraphLibrary.dll
[ 972/1046  0s] CopyFiles Library/ScriptAssemblies/Unity.RenderPipeline.Universal.ShaderLibrary.dll
[ 973/1046  0s] CopyFiles Library/ScriptAssemblies/Unity.InternalAPIEngineBridge.013.dll
[ 974/1046  0s] CopyFiles Library/ScriptAssemblies/Unity.VisualScripting.Core.dll
[ 975/1046  0s] CopyFiles Library/ScriptAssemblies/VContainer.dll
[ 976/1046  0s] CopyFiles Library/ScriptAssemblies/Unity.2D.Animation.Runtime.dll
[ 977/1046  0s] CopyFiles Library/ScriptAssemblies/Unity.2D.IK.Runtime.dll
[ 978/1046  0s] CopyFiles Library/ScriptAssemblies/Unity.2D.SpriteShape.Runtime.dll
[ 979/1046  0s] CopyFiles Library/ScriptAssemblies/Unity.Addressables.dll
[ 980/1046  0s] CopyFiles Library/ScriptAssemblies/Unity.2D.PixelPerfect.dll
[ 981/1046  0s] CopyFiles Library/ScriptAssemblies/Unity.Mathematics.dll
[ 982/1046  0s] CopyFiles Library/ScriptAssemblies/Unity.Collections.dll
[ 983/1046  0s] CopyFiles Library/ScriptAssemblies/Unity.TextMeshPro.dll
[ 984/1046  0s] CopyFiles Library/ScriptAssemblies/Unity.Localization.dll
[ 985/1046  0s] CopyFiles Library/ScriptAssemblies/Unity.Timeline.dll
[ 986/1046  0s] CopyFiles Library/ScriptAssemblies/Unity.ScriptableBuildPipeline.dll
[ 987/1046  0s] CopyFiles Library/ScriptAssemblies/Unity.Collections.BurstCompatibilityGen.dll
[ 988/1046  0s] CopyFiles Library/ScriptAssemblies/Unity.AI.Navigation.Updater.dll
[ 989/1046  0s] CopyFiles Library/ScriptAssemblies/Unity.RenderPipelines.Core.ShaderLibrary.dll
[ 990/1046  0s] CopyFiles Library/ScriptAssemblies/Unity.AI.Navigation.Updater.pdb
[ 991/1046  0s] CopyFiles Library/ScriptAssemblies/Unity.Collections.BurstCompatibilityGen.pdb
[ 992/1046  0s] CopyFiles Library/ScriptAssemblies/Unity.Localization.Editor.pdb
[ 993/1046  0s] CopyFiles Library/ScriptAssemblies/Unity.2D.Sprite.Editor.pdb
[ 994/1046  0s] CopyFiles Library/ScriptAssemblies/Unity.2D.Sprite.Editor.dll
[ 995/1046  0s] CopyFiles Library/ScriptAssemblies/Unity.2D.Common.Editor.pdb
[ 996/1046  0s] CopyFiles Library/ScriptAssemblies/Unity.2D.Common.Editor.dll
[ 997/1046  0s] CopyFiles Library/ScriptAssemblies/Unity.ShaderGraph.Editor.pdb
[ 998/1046  0s] CopyFiles Library/ScriptAssemblies/Unity.2D.Tilemap.Extras.Editor.pdb
[ 999/1046  0s] CopyFiles Library/ScriptAssemblies/Unity.2D.Animation.Editor.pdb
[1000/1046  0s] CopyFiles Library/ScriptAssemblies/Unity.2D.Aseprite.Editor.pdb
[1001/1046  0s] CopyFiles Library/ScriptAssemblies/Unity.2D.Aseprite.Editor.dll
[1002/1046  0s] CopyFiles Library/ScriptAssemblies/Unity.AI.Navigation.Editor.pdb
[1003/1046  0s] CopyFiles Library/ScriptAssemblies/Unity.AI.Navigation.Editor.dll
[1004/1046  0s] CopyFiles Library/ScriptAssemblies/Unity.ScriptableBuildPipeline.Editor.dll
[1005/1046  0s] CopyFiles Library/ScriptAssemblies/Unity.ScriptableBuildPipeline.Editor.pdb
[1006/1046  0s] CopyFiles Library/ScriptAssemblies/Unity.Addressables.Editor.Tests.DocExampleCode.pdb
[1007/1046  0s] CopyFiles Library/ScriptAssemblies/Unity.Addressables.Editor.Tests.DocExampleCode.dll
[1008/1046  0s] CopyFiles Library/ScriptAssemblies/Unity.Addressables.Editor.dll
[1009/1046  0s] CopyFiles Library/ScriptAssemblies/Unity.Addressables.Editor.pdb
[1010/1046  0s] CopyFiles Library/ScriptAssemblies/Unity.VisualScripting.Shared.Editor.pdb
[1011/1046  0s] CopyFiles Library/ScriptAssemblies/Unity.VisualScripting.Shared.Editor.dll
[1012/1046  0s] CopyFiles Library/ScriptAssemblies/Unity.InternalAPIEditorBridge.001.pdb
[1013/1046  0s] CopyFiles Library/ScriptAssemblies/Unity.InternalAPIEditorBridge.001.dll
[1014/1046  0s] CopyFiles Library/ScriptAssemblies/Unity.2D.Common.Path.Editor.dll
[1015/1046  0s] CopyFiles Library/ScriptAssemblies/Unity.2D.Common.Path.Editor.pdb
[1016/1046  0s] CopyFiles Library/ScriptAssemblies/Unity.ShaderGraph.Utilities.dll
[1017/1046  0s] CopyFiles Library/ScriptAssemblies/Unity.ShaderGraph.Utilities.pdb
[1018/1046  0s] CopyFiles Library/ScriptAssemblies/Unity.PlasticSCM.Editor.dll
[1019/1046  0s] CopyFiles Library/ScriptAssemblies/Unity.PlasticSCM.Editor.pdb
[1020/1046  0s] CopyFiles Library/ScriptAssemblies/Unity.2D.Animation.Editor.dll
[1021/1046  0s] CopyFiles Library/ScriptAssemblies/UnityEditor.UI.dll
[1022/1046  0s] CopyFiles Library/ScriptAssemblies/UnityEditor.UI.pdb
[1023/1046  0s] CopyFiles Library/ScriptAssemblies/PPv2URPConverters.dll
[1024/1046  0s] CopyFiles Library/ScriptAssemblies/PPv2URPConverters.pdb
[1025/1046  0s] CopyFiles Library/ScriptAssemblies/Unity.VisualScripting.SettingsProvider.Editor.pdb
[1026/1046  0s] CopyFiles Library/ScriptAssemblies/Unity.VisualScripting.SettingsProvider.Editor.dll
[1027/1046  0s] CopyFiles Library/ScriptAssemblies/Unity.2D.SpriteShape.Editor.dll
[1028/1046  0s] CopyFiles Library/ScriptAssemblies/Unity.2D.SpriteShape.Editor.pdb
[1029/1046  0s] CopyFiles Library/ScriptAssemblies/NavMeshPlusEditor.dll
[1030/1046  0s] CopyFiles Library/ScriptAssemblies/NavMeshPlusEditor.pdb
[1031/1046  0s] CopyFiles Library/ScriptAssemblies/Unity.VisualScripting.Core.Editor.dll
[1032/1046  0s] CopyFiles Library/ScriptAssemblies/Unity.VisualScripting.Core.Editor.pdb
[1033/1046  0s] CopyFiles Library/ScriptAssemblies/Unity.VisualScripting.Flow.Editor.dll
[1034/1046  0s] CopyFiles Library/ScriptAssemblies/Unity.Localization.Editor.dll
[1035/1046  0s] CopyFiles Library/ScriptAssemblies/Unity.VisualScripting.Flow.Editor.pdb
[1036/1046  0s] CopyFiles Library/ScriptAssemblies/PsdPlugin.pdb
[1037/1046  0s] CopyFiles Library/ScriptAssemblies/PsdPlugin.dll
[1038/1046  0s] CopyFiles Library/ScriptAssemblies/Unity.InternalAPIEditorBridge.013.dll
[1039/1046  0s] CopyFiles Library/ScriptAssemblies/Unity.InternalAPIEditorBridge.013.pdb
[1040/1046  0s] CopyFiles Library/ScriptAssemblies/Unity.InputSystem.DocCodeSamples.dll
[1041/1046  0s] CopyFiles Library/ScriptAssemblies/Unity.InputSystem.DocCodeSamples.pdb
[1042/1046  0s] CopyFiles Library/ScriptAssemblies/Unity.RenderPipelines.Core.Editor.dll
[1043/1046  0s] CopyFiles Library/ScriptAssemblies/Unity.RenderPipelines.Core.Editor.pdb
[1044/1046  0s] CopyFiles Library/ScriptAssemblies/VContainer.Editor.dll
[1045/1046  0s] CopyFiles Library/ScriptAssemblies/Unity.AI.Navigation.Editor.ConversionSystem.pdb
[1046/1046  0s] CopyFiles Library/ScriptAssemblies/VContainer.Editor.pdb
[1047/1046  0s] CopyFiles Library/ScriptAssemblies/Unity.AI.Navigation.Editor.ConversionSystem.dll
[1048/1046  0s] CopyFiles Library/ScriptAssemblies/Unity.2D.PixelPerfect.Editor.dll
[1049/1046  0s] CopyFiles Library/ScriptAssemblies/Unity.Collections.pdb
[1050/1046  0s] CopyFiles Library/ScriptAssemblies/Unity.2D.PixelPerfect.Editor.pdb
[1051/1046  0s] CopyFiles Library/ScriptAssemblies/Unity.2D.Animation.Runtime.pdb
[1052/1046  0s] CopyFiles Library/ScriptAssemblies/Unity.RenderPipelines.Universal.Editor.dll
[1053/1046  0s] CopyFiles Library/ScriptAssemblies/Unity.RenderPipelines.Universal.Editor.pdb
[1054/1046  0s] CopyFiles Library/ScriptAssemblies/Unity.2D.Psdimporter.Editor.dll
[1055/1046  0s] CopyFiles Library/ScriptAssemblies/Unity.2D.Psdimporter.Editor.pdb
[1056/1046  0s] CopyFiles Library/ScriptAssemblies/Unity.Mathematics.Editor.pdb
[1057/1046  0s] CopyFiles Library/ScriptAssemblies/Unity.2D.SpriteShape.Runtime.pdb
[1058/1046  0s] CopyFiles Library/ScriptAssemblies/Unity.2D.Aseprite.Common.dll
[1059/1046  0s] CopyFiles Library/ScriptAssemblies/Unity.2D.Aseprite.Common.pdb
[1060/1046  0s] CopyFiles Library/ScriptAssemblies/Unity.TextMeshPro.Editor.pdb
[1061/1046  0s] CopyFiles Library/ScriptAssemblies/Unity.Mathematics.Editor.dll
[1062/1046  0s] CopyFiles Library/ScriptAssemblies/Unity.Collections.DocCodeSamples.dll
[1063/1046  0s] CopyFiles Library/ScriptAssemblies/Unity.TextMeshPro.Editor.dll
[1064/1046  0s] CopyFiles Library/ScriptAssemblies/Unity.CollabProxy.Editor.pdb
[1065/1046  0s] CopyFiles Library/ScriptAssemblies/Unity.Collections.DocCodeSamples.pdb
[1066/1046  0s] CopyFiles Library/ScriptAssemblies/Unity.CollabProxy.Editor.dll
[1067/1046  0s] CopyFiles Library/ScriptAssemblies/Unity.Searcher.Editor.pdb
[1068/1046  0s] CopyFiles Library/ScriptAssemblies/Unity.Windsurf.Editor.pdb
[1069/1046  0s] CopyFiles Library/ScriptAssemblies/Unity.Searcher.Editor.dll
[1070/1046  0s] CopyFiles Library/ScriptAssemblies/Unity.InternalAPIEngineBridge.001.pdb
[1071/1046  0s] CopyFiles Library/ScriptAssemblies/Unity.Windsurf.Editor.dll
[1072/1046  0s] CopyFiles Library/ScriptAssemblies/Unity.2D.PixelPerfect.pdb
[1073/1046  0s] CopyFiles Library/ScriptAssemblies/Unity.RenderPipelines.Core.ShaderLibrary.pdb
[1074/1046  0s] CopyFiles Library/ScriptAssemblies/Unity.RenderPipeline.Universal.ShaderLibrary.pdb
[1075/1046  0s] CopyFiles Library/ScriptAssemblies/Unity.VisualScripting.Core.pdb
[1076/1046  0s] CopyFiles Library/ScriptAssemblies/Unity.RenderPipelines.Universal.Runtime.pdb
[1077/1046  0s] CopyFiles Library/ScriptAssemblies/Unity.2D.Tilemap.Extras.Editor.dll
[1078/1046  0s] CopyFiles Library/ScriptAssemblies/Unity.ResourceManager.pdb
[1079/1046  0s] CopyFiles Library/ScriptAssemblies/Unity.InternalAPIEngineBridge.013.pdb
[1080/1046  0s] CopyFiles Library/ScriptAssemblies/Unity.RenderPipelines.Universal.2D.Internal.pdb
[1081/1046  0s] CopyFiles Library/ScriptAssemblies/Unity.InputSystem.pdb
[1082/1046  0s] CopyFiles Library/ScriptAssemblies/Unity.Addressables.pdb
[1083/1046  0s] CopyFiles Library/ScriptAssemblies/Unity.Localization.pdb
[1084/1046  0s] CopyFiles Library/ScriptAssemblies/Unity.TextMeshPro.pdb
[1085/1046  0s] CopyFiles Library/ScriptAssemblies/Unity.ScriptableBuildPipeline.pdb
[1086/1046  0s] CopyFiles Library/ScriptAssemblies/Unity.2D.Common.Runtime.pdb
[1087/1046  0s] CopyFiles Library/ScriptAssemblies/Unity.AI.Navigation.pdb
[1088/1046  0s] CopyFiles Library/ScriptAssemblies/VContainer.pdb
[1089/1046  0s] CopyFiles Library/ScriptAssemblies/Unity.VisualScripting.State.pdb
[1090/1046  0s] CopyFiles Library/ScriptAssemblies/Unity.RenderPipelines.Universal.Shaders.pdb
[1091/1046  0s] CopyFiles Library/ScriptAssemblies/Unity.2D.Tilemap.Extras.pdb
[1092/1046  0s] CopyFiles Library/ScriptAssemblies/Unity.RenderPipelines.Universal.Config.Runtime.pdb
[1093/1046  0s] CopyFiles Library/ScriptAssemblies/Unity.VisualScripting.Flow.pdb
[1094/1046  0s] CopyFiles Library/ScriptAssemblies/Unity.Burst.pdb
[1095/1046  0s] CopyFiles Library/ScriptAssemblies/Unity.InputSystem.ForUI.pdb
[1096/1046  0s] CopyFiles Library/ScriptAssemblies/Unity.Timeline.pdb
[1097/1046  0s] CopyFiles Library/ScriptAssemblies/Unity.Mathematics.pdb
[1098/1046  0s] CopyFiles Library/ScriptAssemblies/UnityEngine.UI.pdb
[1099/1046  0s] CopyFiles Library/ScriptAssemblies/Unity.RenderPipelines.Core.Runtime.pdb
[1100/1046  0s] CopyFiles Library/ScriptAssemblies/Unity.InputSystem.TestFramework.pdb
[1101/1046  0s] CopyFiles Library/ScriptAssemblies/NavMeshPlus.pdb
[1102/1046  0s] CopyFiles Library/ScriptAssemblies/Unity.2D.IK.Runtime.pdb
[1103/1046  0s] CopyFiles Library/ScriptAssemblies/Unity.RenderPipelines.ShaderGraph.ShaderGraphLibrary.pdb
[1104/1046  0s] CopyFiles Library/ScriptAssemblies/Unity.Rider.Editor.dll
[1105/1046  0s] CopyFiles Library/ScriptAssemblies/Unity.VisualStudio.Editor.dll
[1106/1046  0s] CopyFiles Library/ScriptAssemblies/Unity.Burst.CodeGen.dll
[1107/1046  0s] CopyFiles Library/ScriptAssemblies/Unity.Rider.Editor.pdb
[1108/1046  0s] CopyFiles Library/ScriptAssemblies/Unity.VisualStudio.Editor.pdb
[1109/1046  0s] CopyFiles Library/ScriptAssemblies/Unity.Burst.CodeGen.pdb
[1110/1046  0s] CopyFiles Library/ScriptAssemblies/Unity.ShaderGraph.Editor.dll
[1111/1046  0s] ILPostProcess Library/Bee/artifacts/1900b0aE.dag/post-processed/Unity.2D.Tilemap.Editor.dll (+pdb)
Processing assembly Library/Bee/artifacts/1900b0aE.dag/Unity.2D.Tilemap.Editor.dll, with 118 defines and 226 references

processors: zzzUnity.Burst.CodeGen.BurstILPostProcessor

running zzzUnity.Burst.CodeGen.BurstILPostProcessor
[1112/1046  0s] ILPostProcess Library/Bee/artifacts/1900b0aE.dag/post-processed/Unity.VisualScripting.State.Editor.dll (+pdb)
Processing assembly Library/Bee/artifacts/1900b0aE.dag/Unity.VisualScripting.State.Editor.dll, with 118 defines and 231 references

processors: zzzUnity.Burst.CodeGen.BurstILPostProcessor

running zzzUnity.Burst.CodeGen.BurstILPostProcessor
[1113/1046  0s] ILPostProcess Library/Bee/artifacts/1900b0aE.dag/post-processed/Unity.2D.IK.Editor.dll (+pdb)
Processing assembly Library/Bee/artifacts/1900b0aE.dag/Unity.2D.IK.Editor.dll, with 118 defines and 232 references

processors: zzzUnity.Burst.CodeGen.BurstILPostProcessor

running zzzUnity.Burst.CodeGen.BurstILPostProcessor
[1114/1046  0s] CopyFiles Library/ScriptAssemblies/Unity.2D.Tilemap.Editor.pdb
[1115/1046  0s] CopyFiles Library/ScriptAssemblies/Unity.VisualScripting.State.Editor.pdb
[1116/1046  0s] CopyFiles Library/ScriptAssemblies/Unity.2D.IK.Editor.pdb
[1117/1046  0s] CopyFiles Library/ScriptAssemblies/Unity.VisualScripting.State.Editor.dll
[1118/1046  0s] ILPostProcess Library/Bee/artifacts/1900b0aE.dag/post-processed/Unity.Timeline.Editor.dll (+pdb)
Processing assembly Library/Bee/artifacts/1900b0aE.dag/Unity.Timeline.Editor.dll, with 119 defines and 227 references

processors: zzzUnity.Burst.CodeGen.BurstILPostProcessor

running zzzUnity.Burst.CodeGen.BurstILPostProcessor
[1119/1046  0s] CopyFiles Library/ScriptAssemblies/Unity.2D.IK.Editor.dll
[1120/1046  0s] CopyFiles Library/ScriptAssemblies/Unity.Timeline.Editor.pdb
[1121/1046  0s] CopyFiles Library/ScriptAssemblies/Unity.2D.Tilemap.Editor.dll
[1122/1046  0s] ILPostProcess Library/Bee/artifacts/1900b0aE.dag/post-processed/Unity.Burst.Editor.dll (+pdb)
Processing assembly Library/Bee/artifacts/1900b0aE.dag/Unity.Burst.Editor.dll, with 118 defines and 227 references

processors: zzzUnity.Burst.CodeGen.BurstILPostProcessor

running zzzUnity.Burst.CodeGen.BurstILPostProcessor
[1123/1046  0s] ILPostProcess Library/Bee/artifacts/1900b0aE.dag/post-processed/Assembly-CSharp-Editor.dll (+pdb)
Processing assembly Library/Bee/artifacts/1900b0aE.dag/Assembly-CSharp-Editor.dll, with 118 defines and 299 references

processors: zzzUnity.Burst.CodeGen.BurstILPostProcessor

running zzzUnity.Burst.CodeGen.BurstILPostProcessor
[1124/1046  0s] CopyFiles Library/ScriptAssemblies/Unity.Burst.Editor.pdb
[1125/1046  0s] CopyFiles Library/ScriptAssemblies/Assembly-CSharp-Editor.pdb
[1126/1046  0s] CopyFiles Library/ScriptAssemblies/Unity.Timeline.Editor.dll
[1127/1046  0s] ILPostProcess Library/Bee/artifacts/1900b0aE.dag/post-processed/Assembly-CSharp.dll (+pdb)
Processing assembly Library/Bee/artifacts/1900b0aE.dag/Assembly-CSharp.dll, with 120 defines and 282 references

processors: zzzUnity.Burst.CodeGen.BurstILPostProcessor

running zzzUnity.Burst.CodeGen.BurstILPostProcessor
[1128/1046  0s] CopyFiles Library/ScriptAssemblies/Assembly-CSharp.pdb
[1129/1046  0s] CopyFiles Library/ScriptAssemblies/Assembly-CSharp.dll
[1130/1046  0s] CopyFiles Library/ScriptAssemblies/Unity.Burst.Editor.dll
[1131/1046  0s] CopyFiles Library/ScriptAssemblies/Assembly-CSharp-Editor.dll
*** Tundra build success (21.22 seconds), 959 items updated, 1046 evaluated
[API Updater] Updated Files:
Skipping ScriptUpdater consent dialog. Consent declined based on command line parameters.
Finished running ScriptUpdaters
C:\RoguelikePrototype\Library\PackageCache\com.unity.test-framework@1.1.33\UnityEditor.TestRunner\TestLaunchers\PlatformSetup\PlatformSpecificSetup.cs(118,18): warning CS0618: 'BuildTarget.Lumin' is obsolete: 'Lumin has been removed in 2022.2'
C:\RoguelikePrototype\Library\PackageCache\com.unity.test-framework@1.1.33\UnityEditor.TestRunner\TestLaunchers\PlatformSetup\UwpPlatformSetup.cs(26,17): warning CS0618: 'EditorUserBuildSettings.wsaSubtarget' is obsolete: 'EditorUserBuildSettings.wsaSubtarget is obsolete and has no effect. It will be removed in a subsequent Unity release.'
C:\RoguelikePrototype\Library\PackageCache\com.unity.test-framework@1.1.33\UnityEditor.TestRunner\TestLaunchers\PlatformSetup\UwpPlatformSetup.cs(26,56): warning CS0618: 'WSASubtarget' is obsolete: 'WSASubtarget is obsolete and has no effect. It will be removed in a subsequent Unity release.'
C:\RoguelikePrototype\Library\PackageCache\com.unity.test-framework@1.1.33\UnityEditor.TestRunner\TestLaunchers\PlayerLauncher.cs(138,59): warning CS0618: 'BuildTarget.Lumin' is obsolete: 'Lumin has been removed in 2022.2'
C:\RoguelikePrototype\Library\PackageCache\com.unity.textmeshpro@3.0.7\Scripts\Runtime\TMP_FontAsset.cs(1508,17): warning CS0618: 'Texture2D.Resize(int, int)' is obsolete: 'Texture2D.Resize(int, int) has been deprecated because it actually reinitializes the texture. Use Texture2D.Reinitialize(int, int) instead (UnityUpgradable) -> Reinitialize([*] System.Int32, [*] System.Int32)'
C:\RoguelikePrototype\Library\PackageCache\com.unity.textmeshpro@3.0.7\Scripts\Runtime\TMP_FontAsset.cs(1730,17): warning CS0618: 'Texture2D.Resize(int, int)' is obsolete: 'Texture2D.Resize(int, int) has been deprecated because it actually reinitializes the texture. Use Texture2D.Reinitialize(int, int) instead (UnityUpgradable) -> Reinitialize([*] System.Int32, [*] System.Int32)'
C:\RoguelikePrototype\Library\PackageCache\com.unity.textmeshpro@3.0.7\Scripts\Runtime\TMP_FontAsset.cs(2074,17): warning CS0618: 'Texture2D.Resize(int, int)' is obsolete: 'Texture2D.Resize(int, int) has been deprecated because it actually reinitializes the texture. Use Texture2D.Reinitialize(int, int) instead (UnityUpgradable) -> Reinitialize([*] System.Int32, [*] System.Int32)'
C:\RoguelikePrototype\Library\PackageCache\com.unity.textmeshpro@3.0.7\Scripts\Runtime\TMP_FontAsset.cs(2444,17): warning CS0618: 'Texture2D.Resize(int, int)' is obsolete: 'Texture2D.Resize(int, int) has been deprecated because it actually reinitializes the texture. Use Texture2D.Reinitialize(int, int) instead (UnityUpgradable) -> Reinitialize([*] System.Int32, [*] System.Int32)'
C:\RoguelikePrototype\Library\PackageCache\com.unity.textmeshpro@3.0.7\Scripts\Runtime\TMP_FontAsset.cs(2846,17): warning CS0618: 'Texture2D.Resize(int, int, TextureFormat, bool)' is obsolete: 'Texture2D.Resize(int, int, TextureFormat, bool) has been deprecated because it actually reinitializes the texture. Use Texture2D.Reinitialize(int, int, TextureFormat, bool) instead (UnityUpgradable) -> Reinitialize([*] System.Int32, [*] System.Int32, UnityEngine.TextureFormat, [*] System.Boolean)'
C:\RoguelikePrototype\Library\PackageCache\com.unity.textmeshpro@3.0.7\Scripts\Runtime\TMP_FontAsset.cs(2850,17): warning CS0618: 'Texture2D.Resize(int, int, TextureFormat, bool)' is obsolete: 'Texture2D.Resize(int, int, TextureFormat, bool) has been deprecated because it actually reinitializes the texture. Use Texture2D.Reinitialize(int, int, TextureFormat, bool) instead (UnityUpgradable) -> Reinitialize([*] System.Int32, [*] System.Int32, UnityEngine.TextureFormat, [*] System.Boolean)'
C:\RoguelikePrototype\Library\PackageCache\com.unity.searcher@4.9.2\Editor\Searcher\SearcherControl.cs(73,17): warning CS0618: 'BaseVerticalCollectionView.onItemsChosen' is obsolete: 'onItemsChosen is deprecated, use itemsChosen instead'
C:\RoguelikePrototype\Library\PackageCache\com.unity.searcher@4.9.2\Editor\Searcher\SearcherControl.cs(74,17): warning CS0618: 'BaseVerticalCollectionView.onSelectionChange' is obsolete: 'onSelectionChange is deprecated, use selectionChanged instead'
C:\RoguelikePrototype\Library\PackageCache\com.unity.textmeshpro@3.0.7\Scripts\Editor\TMP_BaseEditorPanel.cs(342,31): warning CS0618: 'Handles.FreeMoveHandle(Vector3, Quaternion, float, Vector3, Handles.CapFunction)' is obsolete: 'Rotation parameter is obsolete. (UnityUpgradable) -> !1'
C:\RoguelikePrototype\Library\PackageCache\com.unity.textmeshpro@3.0.7\Scripts\Editor\TMP_BaseEditorPanel.cs(357,30): warning CS0618: 'Handles.FreeMoveHandle(Vector3, Quaternion, float, Vector3, Handles.CapFunction)' is obsolete: 'Rotation parameter is obsolete. (UnityUpgradable) -> !1'
C:\RoguelikePrototype\Library\PackageCache\com.unity.textmeshpro@3.0.7\Scripts\Editor\TMP_BaseEditorPanel.cs(371,32): warning CS0618: 'Handles.FreeMoveHandle(Vector3, Quaternion, float, Vector3, Handles.CapFunction)' is obsolete: 'Rotation parameter is obsolete. (UnityUpgradable) -> !1'
C:\RoguelikePrototype\Library\PackageCache\com.unity.textmeshpro@3.0.7\Scripts\Editor\TMP_BaseEditorPanel.cs(385,33): warning CS0618: 'Handles.FreeMoveHandle(Vector3, Quaternion, float, Vector3, Handles.CapFunction)' is obsolete: 'Rotation parameter is obsolete. (UnityUpgradable) -> !1'
C:\RoguelikePrototype\Library\PackageCache\com.unity.textmeshpro@3.0.7\Scripts\Editor\TMPro_FontAssetCreatorWindow.cs(1470,21): warning CS0618: 'Texture2D.Resize(int, int)' is obsolete: 'Texture2D.Resize(int, int) has been deprecated because it actually reinitializes the texture. Use Texture2D.Reinitialize(int, int) instead (UnityUpgradable) -> Reinitialize([*] System.Int32, [*] System.Int32)'
C:\RoguelikePrototype\Library\PackageCache\com.unity.textmeshpro@3.0.7\Scripts\Editor\TMPro_FontAssetCreatorWindow.cs(1661,21): warning CS0618: 'Texture2D.Resize(int, int)' is obsolete: 'Texture2D.Resize(int, int) has been deprecated because it actually reinitializes the texture. Use Texture2D.Reinitialize(int, int) instead (UnityUpgradable) -> Reinitialize([*] System.Int32, [*] System.Int32)'
C:\RoguelikePrototype\Library\PackageCache\com.unity.localization@1.4.3\Editor\Search\TableSearchProvider.cs(290,25): warning CS0618: 'QueryEngine<TableEntrySearchData>.Parse(string, bool)' is obsolete: 'Parse has been deprecated. Use ParseQuery instead (UnityUpgradable) -> ParseQuery(*)'
Assets\Nytherion\Gameplay\Combat\Weapons\Melee\ShortDagger.cs(112,40): warning CS0414: The field 'ShortDagger.swingDistance' is assigned but its value is never used
Assets\Nytherion\Gameplay\Skills\Abilities\PyroTank\PyroTankController.cs(34,23): warning CS0414: The field 'PyroTankController.explosionEndsAt' is assigned but its value is never used
Assets\Nytherion\Gameplay\Combat\Weapons\Melee\ShortDagger.cs(26,40): warning CS0414: The field 'ShortDagger.thrustDistance' is assigned but its value is never used
Assets\Nytherion\Gameplay\Combat\Weapons\Melee\ShortDagger.cs(79,41): warning CS0414: The field 'ShortDagger.thrustEffectStateName' is assigned but its value is never used
Assets\Editor\Data\TrainingDummySetup.cs(241,29): warning CS0252: Possible unintended reference comparison; to get a value comparison, cast the left hand side to type 'Object'
AssetDatabase: script compilation time: 23.569703s
Begin MonoManager ReloadAssembly
- Loaded All Assemblies, in 10.186 seconds
Refreshing native plugins compatible for Editor in 8.01 ms, found 4 plugins.
Preloading 0 native plugins for Editor in 0.00 ms.
Start importing Assets/Nytherion/Gameplay/Combat/Weapons/Ranged/WeaponLaserBeam.cs using Guid(95f12614be2063a4689f0d149894532f) Importer(-1,00000000000000000000000000000000) [PhysX] Initialized MultithreadedTaskDispatcher with 12 workers.
 -> (artifact id: '75da19b9a9ea8f2a705afbf0228563d7') in 0.014193 seconds
Start importing Assets/Nytherion/Gameplay/Combat/Weapons/Ranged/LaserWeapon.cs using Guid(7bfe0847af1de5c4c9febca291179101) Importer(-1,00000000000000000000000000000000) [PhysX] Initialized MultithreadedTaskDispatcher with 12 workers.
 -> (artifact id: '8d8f46a5ed1c75678b053bbf30a09b07') in 0.007884 seconds
Start importing Assets/Editor/Data/LaserWeaponVerification.cs using Guid(dd95b09fca94c04439e8ff64719fc201) Importer(-1,00000000000000000000000000000000) [PhysX] Initialized MultithreadedTaskDispatcher with 12 workers.
 -> (artifact id: 'a619633ed6936bf9855a9d927eef44df') in 0.007031 seconds
Start importing Assets/Nytherion/Gameplay/Characters/Player/Core/PlayerCombat.cs using Guid(5e505006480333f4ba51ea6413fab036) Importer(-1,00000000000000000000000000000000) [PhysX] Initialized MultithreadedTaskDispatcher with 12 workers.
 -> (artifact id: '9c7d4e6ac1c2aff892fb31bb835b20b0') in 0.007494 seconds
Start importing Assets/Editor/LaserOffsetBatch.cs using Guid(3f93f4cad7b67cf46a7a9a6d67ab968a) Importer(-1,00000000000000000000000000000000) [PhysX] Initialized MultithreadedTaskDispatcher with 12 workers.
 -> (artifact id: '869373b8e6647821c23dd3d3ffca37d1') in 0.010192 seconds
Refreshing native plugins compatible for Editor in 8.18 ms, found 4 plugins.
Native extension for WindowsStandalone target not found
[Licensing::Client] Successfully resolved entitlement details
[Licensing::Module] Serial number assigned to: "F4-6RG9-4KD6-T4HW-2SXE-XXXX"
[Licensing::Module] Serial number assigned to: "14568601583659-UnityPersXXXX"
Mono: successfully reloaded assembly
- Finished resetting the current domain, in  4.955 seconds
Domain Reload Profiling: 15134ms
	BeginReloadAssembly (313ms)
		ExecutionOrderSort (0ms)
		DisableScriptedObjects (9ms)
		BackupInstance (0ms)
		ReleaseScriptingObjects (0ms)
		CreateAndSetChildDomain (60ms)
	RebuildCommonClasses (68ms)
	RebuildNativeTypeToScriptingClass (13ms)
	initialDomainReloadingComplete (50ms)
	LoadAllAssembliesAndSetupDomain (9734ms)
		LoadAssemblies (9546ms)
		RebuildTransferFunctionScriptingTraits (0ms)
		AnalyzeDomain (341ms)
			TypeCache.Refresh (274ms)
				TypeCache.ScanAssembly (249ms)
			ScanForSourceGeneratedMonoScriptInfo (47ms)
			ResolveRequiredComponents (18ms)
	FinalizeReload (4956ms)
		ReleaseScriptCaches (0ms)
		RebuildScriptCaches (0ms)
		SetupLoadedEditorAssemblies (4279ms)
			LogAssemblyErrors (0ms)
			InitializePlatformSupportModulesInManaged (7ms)
			SetLoadedEditorAssemblies (5ms)
			RefreshPlugins (0ms)
			BeforeProcessingInitializeOnLoad (96ms)
			ProcessInitializeOnLoadAttributes (3816ms)
			ProcessInitializeOnLoadMethodAttributes (338ms)
			AfterProcessingInitializeOnLoad (16ms)
			EditorAssembliesLoaded (1ms)
		ExecutionOrderSort2 (0ms)
		AwakeInstancesAfterBackupRestoration (19ms)
Refreshing native plugins compatible for Editor in 10.33 ms, found 4 plugins.
Preloading 0 native plugins for Editor in 0.00 ms.
Asset Pipeline Refresh (id=cb23a4d87bade504e9e1f7cf4e370781): Total: 83.461 seconds - Initiated by InitialRefreshV2(ForceSynchronousImport)
	Summary:
		Imports: total=5 (actual=5, local cache=0, cache server=0)
		Asset DB Process Time: managed=8 ms, native=40484 ms
		Asset DB Callback time: managed=3886 ms, native=48 ms
		Scripting: domain reloads=1, domain reload time=15368 ms, compile time=23572 ms, other=93 ms
		Project Asset Count: scripts=9590, non-scripts=6292
		Asset File Changes: new=1, changed=5, moved=0, deleted=0
		Scan Filter Count: 0
	InvokeBeforeRefreshCallbacks: 33.681ms
	ApplyChangesToAssetFolders: 0.074ms
	Scan: 201.451ms
	OnSourceAssetsModified: 2.122ms
	GetAllGuidsForCategorization: 2.997ms
	CategorizeAssets: 613.742ms
	ImportOutOfDateAssets: 5203.557ms (-18499.259ms without children)
		ImportManagerImport: 62.118ms (12.993ms without children)
			ImportInProcess: 49.057ms
			UpdateCategorizedAssets: 0.069ms
		CompileScripts: 23571.592ms
		ReloadNativeAssets: 0.042ms
		UnloadImportedAssets: 52.107ms
		ReloadImportedAssets: 1.184ms
		EnsureUptoDateAssetsAreRegisteredWithGuidPM: 9.105ms
		InitializingProgressBar: 0.002ms
		PostProcessAllAssetNotificationsAddChangedAssets: 0.001ms
		OnDemandSchedulerStart: 6.664ms
	PostProcessAllAssets: 3884.926ms
	Hotreload: 14.571ms
	GatherAllCurrentPrimaryArtifactRevisions: 0.000ms
	UnloadStreamsBegin: 1.266ms
	PersistCurrentRevisions: 1.376ms
	UnloadStreamsEnd: 0.137ms
	GenerateScriptTypeHashes: 21.022ms
	Untracked: 73500.667ms
Application.AssetDatabase Initial Refresh End
Launched and connected shader compiler UnityShaderCompiler.exe after 0.05 seconds
Scanning for USB devices : 2.058ms
Initializing Unity extensions:
[Licensing::Client] Successfully resolved entitlement details
[Licensing::Module] Serial number assigned to: "F4-6RG9-4KD6-T4HW-2SXE-XXXX"
[Licensing::Module] Serial number assigned to: "14568601583659-UnityPersXXXX"
[MODES] ModeService[none].Initialize
[MODES] ModeService[none].LoadModes
[MODES] Loading mode Default (0) for mode-current-id-PrototypeV01
[PhysX] Initialized MultithreadedTaskDispatcher with 12 workers.
ProgressiveSceneManager::Cancel()
Unloading 426 Unused Serialized files (Serialized files now loaded: 0)
Unloading 857 unused Assets / (1.7 MB). Loaded Objects now: 8324.
Memory consumption went from 249.1 MB to 247.4 MB.
Total: 23.369200 ms (FindLiveObjects: 2.973900 ms CreateObjectMapping: 1.201900 ms MarkObjects: 9.255500 ms  DeleteObjects: 9.936300 ms)

Opening scene 'Assets/Scenes/GameScene.unity'
[PhysX] Initialized MultithreadedTaskDispatcher with 12 workers.
Unloading 702 Unused Serialized files (Serialized files now loaded: 0)
Loaded scene 'Assets/Scenes/GameScene.unity'
	Deserialize:            3845.945 ms
	Integration:            803.971 ms
	Integration of assets:  525.308 ms
	Thread Wait Time:       -0.816 ms
	Total Operation Time:   5174.408 ms
Unloading 2 unused Assets / (1.0 KB). Loaded Objects now: 12265.
Memory consumption went from 313.0 MB to 313.0 MB.
Total: 11.924200 ms (FindLiveObjects: 1.382000 ms CreateObjectMapping: 1.414200 ms MarkObjects: 9.042000 ms  DeleteObjects: 0.084800 ms)

[Project] Loading completed in 97.237 seconds
	Project init time: 				89.999 seconds
		Template init time: 		0.000 seconds
		Package Manager init time: 		0.461 seconds
		Asset Database init time: 		1.514 seconds
		Global illumination init time: 	0.006 seconds
		Assemblies load time: 			0.750 seconds
		Unity extensions init time: 	0.013 seconds
		Asset Database refresh time: 	0.000 seconds
	Scene opening time: 			5.547 seconds
##utp:{"type":"ProjectInfo","version":2,"phase":"Immediate","time":1791204647731,"processId":9296,"projectLoad":97.2369162,"projectInit":89.999047,"templateInit":0.0,"packageManagerInit":0.4606107,"assetDatabaseInit":1.513832,"globalIlluminationInit":0.0056293,"assembliesLoad":0.7500481,"unityExtensionsInit":0.0129799,"assetDatabaseRefresh":0.0,"sceneOpening":5.546616}
##utp:{"type":"EditorInfo","version":2,"phase":"Immediate","time":1791204647731,"processId":9296,"editorVersion":"2022.3.62f2 (7670c08855a9)","branch":"2022.3/respin/2022.3.62f2-4af31df585-v2","buildType":"Release","platform":"Windows"}
SpriteAtlasPacking completed in 0.026590 sec
Reloading assemblies for play mode.
Reloading assemblies after forced synchronous recompile.
Begin MonoManager ReloadAssembly
- Loaded All Assemblies, in  0.990 seconds
Refreshing native plugins compatible for Editor in 9.83 ms, found 4 plugins.
Native extension for WindowsStandalone target not found
Mono: successfully reloaded assembly
- Finished resetting the current domain, in  2.063 seconds
Domain Reload Profiling: 3051ms
	BeginReloadAssembly (735ms)
		ExecutionOrderSort (1ms)
		DisableScriptedObjects (25ms)
		BackupInstance (0ms)
		ReleaseScriptingObjects (1ms)
		CreateAndSetChildDomain (419ms)
	RebuildCommonClasses (47ms)
	RebuildNativeTypeToScriptingClass (18ms)
	initialDomainReloadingComplete (50ms)
	LoadAllAssembliesAndSetupDomain (138ms)
		LoadAssemblies (214ms)
		RebuildTransferFunctionScriptingTraits (0ms)
		AnalyzeDomain (50ms)
			TypeCache.Refresh (14ms)
				TypeCache.ScanAssembly (0ms)
			ScanForSourceGeneratedMonoScriptInfo (0ms)
			ResolveRequiredComponents (32ms)
	FinalizeReload (2063ms)
		ReleaseScriptCaches (0ms)
		RebuildScriptCaches (0ms)
		SetupLoadedEditorAssemblies (1182ms)
			LogAssemblyErrors (0ms)
			InitializePlatformSupportModulesInManaged (13ms)
			SetLoadedEditorAssemblies (10ms)
			RefreshPlugins (0ms)
			BeforeProcessingInitializeOnLoad (153ms)
			ProcessInitializeOnLoadAttributes (850ms)
			ProcessInitializeOnLoadMethodAttributes (140ms)
			AfterProcessingInitializeOnLoad (15ms)
			EditorAssembliesLoaded (1ms)
		ExecutionOrderSort2 (1ms)
		AwakeInstancesAfterBackupRestoration (111ms)
Asset Pipeline Refresh (id=70e6c301503c15d43b9ea4352a1759e8): Total: 4.053 seconds - Initiated by StopAssetImportingV2(ForceSynchronousImport | ForceDomainReload)
	Summary:
		Imports: total=0 (actual=0, local cache=0, cache server=0)
		Asset DB Process Time: managed=0 ms, native=843 ms
		Asset DB Callback time: managed=30 ms, native=41 ms
		Scripting: domain reloads=1, domain reload time=3134 ms, compile time=3 ms, other=0 ms
		Project Asset Count: scripts=9590, non-scripts=6292
		Asset File Changes: new=0, changed=0, moved=0, deleted=0
		Scan Filter Count: 0
	InvokeBeforeRefreshCallbacks: 41.882ms
	ApplyChangesToAssetFolders: 0.078ms
	Scan: 0.003ms
	OnSourceAssetsModified: 0.003ms
	GetAllGuidsForCategorization: 2.777ms
	CategorizeAssets: 434.616ms
	ImportOutOfDateAssets: 2128.517ms (2105.979ms without children)
		CompileScripts: 3.105ms
		CollectScriptTypesHashes: 6.890ms
		ReloadNativeAssets: 1.679ms
		UnloadImportedAssets: 1.396ms
		EnsureUptoDateAssetsAreRegisteredWithGuidPM: 6.005ms
		InitializingProgressBar: 0.001ms
		PostProcessAllAssetNotificationsAddChangedAssets: 0.001ms
		OnDemandSchedulerStart: 3.462ms
	PostProcessAllAssets: 30.857ms
	GatherAllCurrentPrimaryArtifactRevisions: 1.627ms
	UnloadStreamsBegin: 1.663ms
	PersistCurrentRevisions: 0.647ms
	UnloadStreamsEnd: 0.161ms
	GenerateScriptTypeHashes: 10.000ms
	Untracked: 1410.248ms
[PhysX] Initialized MultithreadedTaskDispatcher with 12 workers.
Loaded scene 'Temp/__Backupscenes/0.backup'
	Deserialize:            43.160 ms
	Integration:            2830.191 ms
	Integration of assets:  1.472 ms
	Thread Wait Time:       -0.027 ms
	Total Operation Time:   2874.797 ms
[MODES] ModeService[none].Initialize
[MODES] ModeService[none].LoadModes
[MODES] Loading mode Default (0) for mode-current-id-Nytherion Laser Offset Verification
Created GICache directory at C:/Users/kyung/AppData/LocalLow/Unity/Caches/GiCache. Took: 0.043s, timestamps: [104.601 - 104.644]
타일완성
UnityEngine.StackTraceUtility:ExtractStackTrace ()
UnityEngine.DebugLogHandler:LogFormat (UnityEngine.LogType,UnityEngine.Object,string,object[])
UnityEngine.Logger:Log (UnityEngine.LogType,object)
UnityEngine.Debug:Log (object)
Nytherion.GamePlay.Dungeon.TilemapVisualizer:PaintWallsWithRuleTile (System.Collections.Generic.IEnumerable`1<UnityEngine.Vector2Int>) (at Assets/Nytherion/Gameplay/Dungeon/Generation/TilemapVisualizer.cs:131)
Nytherion.GamePlay.Dungeon.RoomFirstDungeonGenerator:VisualizeDungeon (System.Collections.Generic.HashSet`1<UnityEngine.Vector2Int>,System.Collections.Generic.Dictionary`2<Nytherion.GamePlay.Dungeon.RoomFirstDungeonGenerator/Room, System.Collections.Generic.HashSet`1<UnityEngine.Vector2Int>>,System.Collections.Generic.HashSet`1<UnityEngine.Vector2Int>,System.Collections.Generic.List`1<System.Tuple`2<Nytherion.GamePlay.Dungeon.RoomFirstDungeonGenerator/Room, Nytherion.GamePlay.Dungeon.RoomFirstDungeonGenerator/Room>>,System.Collections.Generic.List`1<Nytherion.GamePlay.Dungeon.RoomFirstDungeonGenerator/PlacedObstacleData>,System.Collections.Generic.List`1<Nytherion.GamePlay.Dungeon.RoomFirstDungeonGenerator/Room>,Nytherion.GamePlay.Dungeon.RoomFirstDungeonGenerator/Room) (at Assets/Nytherion/Gameplay/Dungeon/Generation/RoomFirstDungeonGenerator.cs:573)
Nytherion.GamePlay.Dungeon.RoomFirstDungeonGenerator/<ApplyDungeon>d__22:MoveNext () (at Assets/Nytherion/Gameplay/Dungeon/Generation/RoomFirstDungeonGenerator.cs:263)
UnityEngine.SetupCoroutine:InvokeMoveNext (System.Collections.IEnumerator,intptr)
UnityEngine.MonoBehaviour:StartCoroutine (System.Collections.IEnumerator)
Nytherion.GamePlay.Dungeon.RoomFirstDungeonGenerator/<GenerateNewDungeonCoroutine>d__19:MoveNext () (at Assets/Nytherion/Gameplay/Dungeon/Generation/RoomFirstDungeonGenerator.cs:188)
UnityEngine.SetupCoroutine:InvokeMoveNext (System.Collections.IEnumerator,intptr)

(Filename: Assets/Nytherion/Gameplay/Dungeon/Generation/TilemapVisualizer.cs Line: 131)

[DungeonNavMeshBuilder] Rebuild start
UnityEngine.StackTraceUtility:ExtractStackTrace ()
UnityEngine.DebugLogHandler:LogFormat (UnityEngine.LogType,UnityEngine.Object,string,object[])
UnityEngine.Logger:Log (UnityEngine.LogType,object)
UnityEngine.Debug:Log (object)
DungeonNavMeshBuilder/<RebuildNavMeshCoroutine>d__4:MoveNext () (at Assets/Nytherion/Gameplay/Dungeon/Navigation/DungeonNavMeshBuilder.cs:27)
UnityEngine.SetupCoroutine:InvokeMoveNext (System.Collections.IEnumerator,intptr)
UnityEngine.MonoBehaviour:StartCoroutine (System.Collections.IEnumerator)
Nytherion.GamePlay.Dungeon.RoomFirstDungeonGenerator/<ApplyDungeon>d__22:MoveNext () (at Assets/Nytherion/Gameplay/Dungeon/Generation/RoomFirstDungeonGenerator.cs:277)
UnityEngine.SetupCoroutine:InvokeMoveNext (System.Collections.IEnumerator,intptr)
UnityEngine.MonoBehaviour:StartCoroutine (System.Collections.IEnumerator)
Nytherion.GamePlay.Dungeon.RoomFirstDungeonGenerator/<GenerateNewDungeonCoroutine>d__19:MoveNext () (at Assets/Nytherion/Gameplay/Dungeon/Generation/RoomFirstDungeonGenerator.cs:188)
UnityEngine.SetupCoroutine:InvokeMoveNext (System.Collections.IEnumerator,intptr)

(Filename: Assets/Nytherion/Gameplay/Dungeon/Navigation/DungeonNavMeshBuilder.cs Line: 27)

[LaserWeaponVerification] 23/23 통과, 정리=True, 보고서=C:\RoguelikePrototype\tmp\laser-offset-check\output\laser\verification.json
UnityEngine.StackTraceUtility:ExtractStackTrace ()
UnityEngine.DebugLogHandler:LogFormat (UnityEngine.LogType,UnityEngine.Object,string,object[])
UnityEngine.Logger:Log (UnityEngine.LogType,object)
UnityEngine.Debug:Log (object)
Nytherion.Editor.LaserWeaponVerification:Run () (at Assets/Editor/Data/LaserWeaponVerification.cs:511)
LaserOffsetBatch:Update () (at Assets/Editor/LaserOffsetBatch.cs:45)
UnityEditor.EditorApplication:Internal_CallUpdateFunctions ()

(Filename: Assets/Editor/Data/LaserWeaponVerification.cs Line: 511)

[SaveLoadManager] DataLifetimeScope.Instance 또는 Container가 null입니다.
UnityEngine.StackTraceUtility:ExtractStackTrace ()
UnityEngine.DebugLogHandler:LogFormat (UnityEngine.LogType,UnityEngine.Object,string,object[])
UnityEngine.Logger:Log (UnityEngine.LogType,object)
UnityEngine.Debug:LogWarning (object)
Nytherion.Core.Managers.SaveLoadManager:CollectSaveableEntities () (at Assets/Nytherion/Core/Managers/SaveLoadManager.cs:85)
Nytherion.Core.Managers.SaveLoadManager:SaveGameInternal (bool) (at Assets/Nytherion/Core/Managers/SaveLoadManager.cs:216)
Nytherion.Core.Managers.SaveLoadManager:ForceSaveGame () (at Assets/Nytherion/Core/Managers/SaveLoadManager.cs:207)
Nytherion.Core.Managers.SaveLoadManager:OnDestroy () (at Assets/Nytherion/Core/Managers/SaveLoadManager.cs:385)
LaserOffsetBatch:Update () (at Assets/Editor/LaserOffsetBatch.cs:47)
UnityEditor.EditorApplication:Internal_CallUpdateFunctions ()

(Filename: Assets/Nytherion/Core/Managers/SaveLoadManager.cs Line: 85)

[PhysX] Initialized MultithreadedTaskDispatcher with 12 workers.
Input System module state changed to: ShutdownInProgress.
Input System polling thread exited.
Input System module state changed to: Shutdown.
[Licensing::IpcConnector] LicenseClient-kyung-notifications channel disconnected successfully.
[Licensing::IpcConnector] LicenseClient-kyung channel disconnected successfully.
Cleanup mono
[Performance] WinEditorMain                                                                                                                        :        1 samples, Peak.  1.64 s (1.0x), Avg.  1.64 s, Total. 1.636 s (1.5%)
[Performance] WinEditorMain.ConfigureCrashHandler                                                                                                  :        1 samples, Peak.  17.7 us (1.0x), Avg.  17.7 us, Total. 17.70 us (0.0%)
[Performance] WinEditorMain.CurlRequestInitialize                                                                                                  :        1 samples, Peak.  1.41 ms (1.0x), Avg.  1.41 ms, Total. 1.411 ms (0.0%)
[Performance] WinEditorMain.SetupLogFile                                                                                                           :        1 samples, Peak.   455 us (1.0x), Avg.   455 us, Total. 454.9 us (0.0%)
[Performance] WinEditorMain.RunNativeTestsIfRequiredAndExit                                                                                        :        1 samples, Peak.   200 ns (1.0x), Avg.   200 ns, Total. 200.0 ns (0.0%)
[Performance] WinEditorMain.Licensing                                                                                                              :        1 samples, Peak.  1.39 s (1.0x), Avg.  1.39 s, Total. 1.391 s (1.3%)
[Performance] WinEditorMain.InitializeCrashHandler                                                                                                 :        1 samples, Peak.  13.6 ms (1.0x), Avg.  13.6 ms, Total. 13.61 ms (0.0%)
[Performance] WinEditorMain.CreateApplication                                                                                                      :        1 samples, Peak.  32.0 ms (1.0x), Avg.  32.0 ms, Total. 31.96 ms (0.0%)
[Performance] Application.InitializeProject                                                                                                        :        1 samples, Peak.  90.0 s (1.0x), Avg.  90.0 s, Total. 90.00 s (82.8%)
[Performance] Application.PackageManager.StartServer                                                                                               :        1 samples, Peak.  4.93 ms (1.0x), Avg.  4.93 ms, Total. 4.930 ms (0.0%)
[Performance] Application.AcquireProjectLock                                                                                                       :        1 samples, Peak.  12.0 ms (1.0x), Avg.  12.0 ms, Total. 12.04 ms (0.0%)
[Performance] Application.InitializeEngineNoGraphics                                                                                               :        1 samples, Peak.  67.5 ms (1.0x), Avg.  67.5 ms, Total. 67.48 ms (0.1%)
[Performance] Application.PackageManager.Initialize                                                                                                :        1 samples, Peak.   461 ms (1.0x), Avg.   461 ms, Total. 460.6 ms (0.4%)
[Performance] Connecting to Package Manager                                                                                                        :       47 samples, Peak.  52.0 us (17.1x), Avg.  3.05 us, Total. 143.3 us (0.0%)
[Performance] PackageManager::Api::RunRequestSynchronously                                                                                         :       15 samples, Peak.  11.1 us (3.1x), Avg.  3.55 us, Total. 53.20 us (0.0%)
[Performance] Application.EngineGraphics.Initialize                                                                                                :        1 samples, Peak.   985 ms (1.0x), Avg.   985 ms, Total. 984.6 ms (0.9%)
[Performance] Application.GI.Initialize                                                                                                            :        1 samples, Peak.  5.63 ms (1.0x), Avg.  5.63 ms, Total. 5.631 ms (0.0%)
[Performance] Application.LoadAllDefaultResourcesFromEditor                                                                                        :        1 samples, Peak.  2.89 ms (1.0x), Avg.  2.89 ms, Total. 2.890 ms (0.0%)
[Performance] Application.LoadMonoAssemblies                                                                                                       :        1 samples, Peak.   750 ms (1.0x), Avg.   750 ms, Total. 750.0 ms (0.7%)
[Performance] RestoreManagedReferences                                                                                                             :        3 samples, Peak.   508 ms (1.7x), Avg.   294 ms, Total. 881.9 ms (0.8%)
[Performance] InitializeOnLoad DrivenRectTransformUndo                                                                                             :        3 samples, Peak.   675 us (1.3x), Avg.   525 us, Total. 1.576 ms (0.0%)
[Performance] InitializeOnLoad SceneSearch                                                                                                         :        3 samples, Peak.   167 us (1.2x), Avg.   144 us, Total. 432.6 us (0.0%)
[Performance] InitializeOnLoad CloudBuild                                                                                                          :        3 samples, Peak.  6.30 us (1.2x), Avg.  5.27 us, Total. 15.80 us (0.0%)
[Performance] InitializeOnLoad NativeFormatImporterUtility                                                                                         :        3 samples, Peak.  3.01 ms (1.2x), Avg.  2.41 ms, Total. 7.240 ms (0.0%)
[Performance] InitializeOnLoad SearchService                                                                                                       :        3 samples, Peak.   135 us (1.1x), Avg.   128 us, Total. 383.6 us (0.0%)
[Performance] InitializeOnLoad SettingsService                                                                                                     :        3 samples, Peak.  13.0 us (1.3x), Avg.  10.3 us, Total. 30.90 us (0.0%)
[Performance] InitializeOnLoad WindowLayout                                                                                                        :        3 samples, Peak.   891 us (1.2x), Avg.   774 us, Total. 2.321 ms (0.0%)
[Performance] InitializeOnLoad AssetStoreContext                                                                                                   :        3 samples, Peak.  40.8 ms (1.2x), Avg.  33.9 ms, Total. 101.6 ms (0.1%)
[Performance] InitializeOnLoad PoolManager                                                                                                         :        3 samples, Peak.   616 us (1.4x), Avg.   433 us, Total. 1.298 ms (0.0%)
[Performance] InitializeOnLoad MixerEffectDefinitionReloader                                                                                       :        3 samples, Peak.  2.65 ms (1.2x), Avg.  2.16 ms, Total. 6.485 ms (0.0%)
[Performance] InitializeOnLoad ProjectSearch                                                                                                       :        3 samples, Peak.   115 us (1.3x), Avg.  87.0 us, Total. 261.0 us (0.0%)
[Performance] InitializeOnLoad UISystemProfilerRenderService                                                                                       :        3 samples, Peak.  11.8 us (1.2x), Avg.  9.73 us, Total. 29.20 us (0.0%)
[Performance] InitializeOnLoad EditMode                                                                                                            :        3 samples, Peak.   447 us (1.0x), Avg.   427 us, Total. 1.280 ms (0.0%)
[Performance] InitializeOnLoad UnityConnect                                                                                                        :        3 samples, Peak.  61.5 us (1.0x), Avg.  59.8 us, Total. 179.3 us (0.0%)
[Performance] InitializeOnLoad ManagedDebugger                                                                                                     :        3 samples, Peak.   694 us (2.1x), Avg.   330 us, Total. 990.9 us (0.0%)
[Performance] InitializeOnLoad ShortcutIntegration                                                                                                 :        3 samples, Peak.  76.6 us (1.1x), Avg.  69.5 us, Total. 208.4 us (0.0%)
[Performance] InitializeOnLoad AddComponentWindow                                                                                                  :        3 samples, Peak.   188 us (1.3x), Avg.   147 us, Total. 439.8 us (0.0%)
[Performance] InitializeOnLoad ManagedDebuggerWindow                                                                                               :        3 samples, Peak.   226 us (1.3x), Avg.   175 us, Total. 526.0 us (0.0%)
[Performance] InitializeOnLoad CacheServerWindow                                                                                                   :        3 samples, Peak.  18.2 us (1.3x), Avg.  13.9 us, Total. 41.80 us (0.0%)
[Performance] InitializeOnLoad PlayModeDownload                                                                                                    :        3 samples, Peak.  7.58 ms (2.8x), Avg.  2.68 ms, Total. 8.047 ms (0.0%)
[Performance] InitializeOnLoad MenuItems                                                                                                           :        3 samples, Peak.   116 us (1.2x), Avg.   101 us, Total. 303.0 us (0.0%)
[Performance] InitializeOnLoad PrefabInstanceChangedListener                                                                                       :        3 samples, Peak.   162 us (1.0x), Avg.   155 us, Total. 464.9 us (0.0%)
[Performance] InitializeOnLoad ObjectSelectorSearch                                                                                                :        3 samples, Peak.   101 us (1.4x), Avg.  72.1 us, Total. 216.4 us (0.0%)
[Performance] InitializeOnLoad EditorMonitor                                                                                                       :        3 samples, Peak.  1.18 ms (1.4x), Avg.   821 us, Total. 2.463 ms (0.0%)
[Performance] InitializeOnLoad RetainedMode                                                                                                        :        3 samples, Peak.  3.19 ms (1.2x), Avg.  2.75 ms, Total. 8.259 ms (0.0%)
[Performance] InitializeOnLoad EditorShaderLoader                                                                                                  :        3 samples, Peak.   936 us (1.2x), Avg.   751 us, Total. 2.252 ms (0.0%)
[Performance] InitializeOnLoad EditorDelegateRegistration                                                                                          :        3 samples, Peak.   651 us (1.1x), Avg.   610 us, Total. 1.830 ms (0.0%)
[Performance] InitializeOnLoad UIDocumentHierarchyWatcher                                                                                          :        3 samples, Peak.  95.3 us (1.0x), Avg.  93.8 us, Total. 281.5 us (0.0%)
[Performance] InitializeOnLoad LiveReloadTrackerCreator                                                                                            :        3 samples, Peak.   218 us (1.1x), Avg.   191 us, Total. 574.1 us (0.0%)
[Performance] InitializeOnLoad UxmlObjectEditorFactories                                                                                           :        3 samples, Peak.   543 us (1.1x), Avg.   497 us, Total. 1.491 ms (0.0%)
[Performance] InitializeOnLoad UXMLEditorFactories                                                                                                 :        3 samples, Peak.   123 ms (1.4x), Avg.  90.6 ms, Total. 271.8 ms (0.2%)
[Performance] InitializeOnLoad PurchasingService                                                                                                   :        3 samples, Peak.  8.53 ms (1.0x), Avg.  8.24 ms, Total. 24.71 ms (0.0%)
[Performance] InitializeOnLoad CloudBuildPoller                                                                                                    :        3 samples, Peak.   132 us (1.0x), Avg.   131 us, Total. 392.9 us (0.0%)
[Performance] InitializeOnLoad EditorGameServicesAnalytics                                                                                         :        3 samples, Peak.  3.17 ms (2.3x), Avg.  1.38 ms, Total. 4.133 ms (0.0%)
[Performance] InitializeOnLoad AnalyticsService                                                                                                    :        3 samples, Peak.   235 us (1.1x), Avg.   219 us, Total. 655.6 us (0.0%)
[Performance] InitializeOnLoad BuildService                                                                                                        :        3 samples, Peak.   192 us (1.0x), Avg.   187 us, Total. 561.7 us (0.0%)
[Performance] InitializeOnLoad AdsService                                                                                                          :        3 samples, Peak.   635 us (1.2x), Avg.   535 us, Total. 1.605 ms (0.0%)
[Performance] InitializeOnLoad UDPService                                                                                                          :        3 samples, Peak.   281 us (1.2x), Avg.   227 us, Total. 680.1 us (0.0%)
[Performance] InitializeOnLoad CrashService                                                                                                        :        3 samples, Peak.   294 us (1.3x), Avg.   234 us, Total. 703.3 us (0.0%)
[Performance] InitializeOnLoad ServicesRepository                                                                                                  :        3 samples, Peak.  2.00 us (1.8x), Avg.  1.10 us, Total. 3.300 us (0.0%)
[Performance] InitializeOnLoad SearchWindow                                                                                                        :        3 samples, Peak.   263 us (1.4x), Avg.   183 us, Total. 549.3 us (0.0%)
[Performance] InitializeOnLoad CustomIndexers                                                                                                      :        3 samples, Peak.  25.7 ms (1.2x), Avg.  21.2 ms, Total. 63.53 ms (0.1%)
[Performance] VersionControl.Task.Wait                                                                                                             :        1 samples, Peak.  11.8 us (1.0x), Avg.  11.8 us, Total. 11.80 us (0.0%)
[Performance] InitializeOnLoad SearchMonitor                                                                                                       :        3 samples, Peak.  1.14 ms (1.1x), Avg.  1.08 ms, Total. 3.251 ms (0.0%)
[Performance] InitializeOnLoad ParameterControllerEditor                                                                                           :        3 samples, Peak.  26.0 us (1.0x), Avg.  24.9 us, Total. 74.60 us (0.0%)
[Performance] InitializeOnLoad LayerSettingsWindow                                                                                                 :        3 samples, Peak.  37.6 us (1.4x), Avg.  26.5 us, Total. 79.60 us (0.0%)
[Performance] InitializeOnLoad PackageManagerHookGUIDConverter.RegisterPackagesEventHandler                                                        :        3 samples, Peak.  1.17 ms (1.7x), Avg.   695 us, Total. 2.084 ms (0.0%)
[Performance] InitializeOnLoad EditorDragAndDrop.RegisterEditorClient                                                                              :        3 samples, Peak.  1.34 ms (1.9x), Avg.   691 us, Total. 2.073 ms (0.0%)
[Performance] InitializeOnLoad EditorEventCallbacks.InitializeFontAssetResourceChangeCallBacks                                                     :        3 samples, Peak.  7.18 ms (2.1x), Avg.  3.42 ms, Total. 10.27 ms (0.0%)
[Performance] InitializeOnLoad SceneTemplateService.Init                                                                                           :        3 samples, Peak.  2.18 ms (1.4x), Avg.  1.55 ms, Total. 4.645 ms (0.0%)
[Performance] InitializeOnLoad DiagnosticSwitchesConsoleMessage.Init                                                                               :        3 samples, Peak.  12.6 ms (1.8x), Avg.  7.13 ms, Total. 21.38 ms (0.0%)
[Performance] InitializeOnLoad PackageManagerWindow.EditorInitializedInSafeMode                                                                    :        3 samples, Peak.  39.0 ms (2.9x), Avg.  13.3 ms, Total. 40.02 ms (0.0%)
[Performance] InitializeOnLoad ToolShortcutContext.Init                                                                                            :        3 samples, Peak.   440 us (1.5x), Avg.   298 us, Total. 895.2 us (0.0%)
[Performance] InitializeOnLoad MemoryProfilerCompilationGuard.InjectCompileGuard                                                                   :        3 samples, Peak.   434 us (1.8x), Avg.   246 us, Total. 737.9 us (0.0%)
[Performance] InitializeOnLoad AssetPostprocessingInternal.RefreshCustomDependencies                                                               :        3 samples, Peak.  11.7 ms (1.5x), Avg.  8.00 ms, Total. 24.01 ms (0.0%)
[Performance] InitializeOnLoad SysrootManager.Initialize                                                                                           :        3 samples, Peak.  2.46 ms (1.6x), Avg.  1.51 ms, Total. 4.523 ms (0.0%)
[Performance] InitializeOnLoad ScopedRegistryAddedPopup.SubscribeToRegistriesAdded                                                                 :        3 samples, Peak.  60.3 ms (2.4x), Avg.  24.8 ms, Total. 74.55 ms (0.1%)
[Performance] InitializeOnLoad SceneVisibilityManager.Initialize                                                                                   :        3 samples, Peak.  8.47 ms (2.0x), Avg.  4.19 ms, Total. 12.57 ms (0.0%)
[Performance] InitializeOnLoad EditorWindow.Initialize                                                                                             :        3 samples, Peak.  2.43 ms (2.2x), Avg.  1.10 ms, Total. 3.299 ms (0.0%)
[Performance] AssemblyReloadEvents.afterAssemblyReload: UnityEditor.SceneTemplate.SceneTemplateService.AfterAssemblyReload                         :        3 samples, Peak.  31.9 ms (2.4x), Avg.  13.4 ms, Total. 40.23 ms (0.0%)
[Performance] ProcessService.EditorAfterLoadAllAssemblies                                                                                          :        3 samples, Peak.   652 us (1.4x), Avg.   477 us, Total. 1.430 ms (0.0%)
[Performance] Application.ReadLicenseInfo                                                                                                          :        1 samples, Peak.  13.1 ms (1.0x), Avg.  13.1 ms, Total. 13.05 ms (0.0%)
[Performance] Application.InitialRefresh                                                                                                           :        1 samples, Peak.  83.5 s (1.0x), Avg.  83.5 s, Total. 83.47 s (76.8%)
[Performance] BuilderAssetModificationProcessor.OnWillCreateAsset                                                                                  :        1 samples, Peak.  1.40 ms (1.0x), Avg.  1.40 ms, Total. 1.397 ms (0.0%)
[Performance] ShaderImporter.SourceAssetModified                                                                                                   :        2 samples, Peak.   800 ns (1.0x), Avg.   800 ns, Total. 1.600 us (0.0%)
[Performance] ShaderIncludeImporter.SourceAssetModified                                                                                            :        2 samples, Peak.  1.40 us (1.3x), Avg.  1.10 us, Total. 2.200 us (0.0%)
[Performance] Compiling Scripts                                                                                                                    :        1 samples, Peak.  23.6 s (1.0x), Avg.  23.6 s, Total. 23.57 s (21.7%)
[Performance] AssemblyReloadEvents.beforeAssemblyReload: UnityEditor.SceneTemplate.SceneTemplateService.BeforeAssemblyReload                       :        2 samples, Peak.   546 us (1.0x), Avg.   531 us, Total. 1.061 ms (0.0%)
[Performance] PSDImporterAssetPostProcessor.OnPreprocessAsset                                                                                      :        5 samples, Peak.  1.73 ms (4.9x), Avg.   356 us, Total. 1.779 ms (0.0%)
[Performance] PresetManagerPostProcessor.OnPreprocessAsset                                                                                         :        5 samples, Peak.   260 us (2.7x), Avg.  96.0 us, Total. 480.2 us (0.0%)
[Performance] CancelSplashScreenOnAssetChange.OnPreprocessAsset                                                                                    :        5 samples, Peak.   160 us (4.7x), Avg.  34.1 us, Total. 170.5 us (0.0%)
[Performance] ShaderGraphAssetPostProcessor.OnPreprocessAsset                                                                                      :        5 samples, Peak.   198 us (4.5x), Avg.  43.8 us, Total. 218.9 us (0.0%)
[Performance] SpritePostProcess.OnPreprocessAsset                                                                                                  :        5 samples, Peak.  2.60 ms (4.9x), Avg.   531 us, Total. 2.657 ms (0.0%)
[Performance] InitializeOnLoad TouchSimulation                                                                                                     :        2 samples, Peak.   251 us (1.2x), Avg.   214 us, Total. 427.4 us (0.0%)
[Performance] InitializeOnLoad InputSystem                                                                                                         :        2 samples, Peak.  98.3 ms (1.1x), Avg.  91.4 ms, Total. 182.8 ms (0.2%)
[Performance] InitializeOnLoad InputSystemUIInputModuleEditor                                                                                      :        2 samples, Peak.   271 us (1.3x), Avg.   204 us, Total. 407.9 us (0.0%)
[Performance] InitializeOnLoad EnableUITKEditor                                                                                                    :        2 samples, Peak.  64.9 us (1.4x), Avg.  47.3 us, Total. 94.60 us (0.0%)
[Performance] InitializeOnLoad SpriteEditorWindow                                                                                                  :        2 samples, Peak.  1.10 ms (1.4x), Avg.   808 us, Total. 1.617 ms (0.0%)
[Performance] InitializeOnLoad RegisterCheckResourcesDupeDependencies                                                                              :        2 samples, Peak.  3.22 ms (1.2x), Avg.  2.63 ms, Total. 5.266 ms (0.0%)
[Performance] InitializeOnLoad RegisterCheckBundleDupeDependencies                                                                                 :        2 samples, Peak.   247 us (1.2x), Avg.   202 us, Total. 403.9 us (0.0%)
[Performance] InitializeOnLoad AddressableEditorInitialization                                                                                     :        2 samples, Peak.  6.14 ms (1.1x), Avg.  5.41 ms, Total. 10.83 ms (0.0%)
[Performance] InitializeOnLoad GroupsPopupWindow                                                                                                   :        2 samples, Peak.  9.90 us (1.1x), Avg.  8.85 us, Total. 17.70 us (0.0%)
[Performance] InitializeOnLoad GlobalInitialization                                                                                                :        2 samples, Peak.   591 us (1.1x), Avg.   521 us, Total. 1.041 ms (0.0%)
[Performance] InitializeOnLoad RegisterCheckSceneDupeDependencies                                                                                  :        2 samples, Peak.   107 us (1.0x), Avg.   104 us, Total. 207.3 us (0.0%)
[Performance] InitializeOnLoad RegisterBuildBundleLayout                                                                                           :        2 samples, Peak.  83.9 us (1.0x), Avg.  83.1 us, Total. 166.3 us (0.0%)
[Performance] InitializeOnLoad AddressableAssetInspectorGUI                                                                                        :        2 samples, Peak.  29.0 ms (1.6x), Avg.  18.5 ms, Total. 37.02 ms (0.0%)
[Performance] EditorResources.Load                                                                                                                 :       18 samples, Peak.  23.9 ms (17.8x), Avg.  1.35 ms, Total. 24.28 ms (0.0%)
[Performance] InitializeOnLoad PrefColorBridge                                                                                                     :        2 samples, Peak.   988 us (1.3x), Avg.   777 us, Total. 1.553 ms (0.0%)
[Performance] InitializeOnLoad AssetTableAnalyzeRule                                                                                               :        2 samples, Peak.   669 us (1.1x), Avg.   631 us, Total. 1.261 ms (0.0%)
[Performance] InitializeOnLoad GameViewLanguageMenu                                                                                                :        2 samples, Peak.   903 us (1.1x), Avg.   808 us, Total. 1.616 ms (0.0%)
[Performance] InitializeOnLoad DrivenPropertyDrawer                                                                                                :        2 samples, Peak.   461 us (1.2x), Avg.   383 us, Total. 766.3 us (0.0%)
[Performance] InitializeOnLoad LocalizeComponent                                                                                                   :        2 samples, Peak.  3.77 ms (1.1x), Avg.  3.29 ms, Total. 6.574 ms (0.0%)
[Performance] InitializeOnLoad LocalizeComponent_UGUI                                                                                              :        2 samples, Peak.   627 us (1.2x), Avg.   510 us, Total. 1.020 ms (0.0%)
[Performance] InitializeOnLoad LocalizeComponent_TMPro                                                                                             :        2 samples, Peak.   163 us (1.2x), Avg.   132 us, Total. 263.0 us (0.0%)
[Performance] InitializeOnLoad StringTableAnalyzeRule                                                                                              :        2 samples, Peak.   232 us (1.2x), Avg.   192 us, Total. 383.4 us (0.0%)
[Performance] InitializeOnLoad ScenePropertyTracker                                                                                                :        2 samples, Peak.   255 us (1.3x), Avg.   203 us, Total. 406.3 us (0.0%)
[Performance] InitializeOnLoad ContextualPropertyMenu                                                                                              :        2 samples, Peak.   259 us (1.2x), Avg.   214 us, Total. 427.2 us (0.0%)
[Performance] InitializeOnLoad LocaleAnalyzeRule                                                                                                   :        2 samples, Peak.   149 us (1.2x), Avg.   125 us, Total. 250.1 us (0.0%)
[Performance] InitializeOnLoad ChainIgnitionSkillSetup                                                                                             :        2 samples, Peak.   231 us (1.2x), Avg.   197 us, Total. 394.4 us (0.0%)
[Performance] InitializeOnLoad RelicGachaSync                                                                                                      :        2 samples, Peak.   246 us (1.2x), Avg.   201 us, Total. 401.4 us (0.0%)
[Performance] InitializeOnLoad TargetMakerSetup                                                                                                    :        2 samples, Peak.  79.0 us (1.1x), Avg.  69.7 us, Total. 139.3 us (0.0%)
[Performance] InitializeOnLoad WeaponSkillUIAssetOrganizer                                                                                         :        2 samples, Peak.  73.8 us (1.2x), Avg.  63.5 us, Total. 127.1 us (0.0%)
[Performance] InitializeOnLoad TrainingDummySetup                                                                                                  :        2 samples, Peak.   281 us (1.2x), Avg.   233 us, Total. 466.9 us (0.0%)
[Performance] InitializeOnLoad WeaponOffsetSaveReservation                                                                                         :        2 samples, Peak.   238 us (1.4x), Avg.   166 us, Total. 332.0 us (0.0%)
[Performance] InitializeOnLoad LayLaserWeaponVerification                                                                                          :        2 samples, Peak.  4.39 ms (1.8x), Avg.  2.42 ms, Total. 4.834 ms (0.0%)
[Performance] InitializeOnLoad DebugPanelStatsVerification                                                                                         :        2 samples, Peak.   202 us (1.5x), Avg.   133 us, Total. 265.4 us (0.0%)
[Performance] InitializeOnLoad RelicPresentationVerification                                                                                       :        2 samples, Peak.   527 us (1.3x), Avg.   402 us, Total. 804.3 us (0.0%)
[Performance] InitializeOnLoad RootiUpgradeRelicSetup                                                                                              :        2 samples, Peak.   119 us (1.3x), Avg.  89.5 us, Total. 179.1 us (0.0%)
[Performance] InitializeOnLoad ChargeRelicVerification                                                                                             :        2 samples, Peak.   123 us (1.4x), Avg.  89.5 us, Total. 179.1 us (0.0%)
[Performance] InitializeOnLoad RootiUpgradeVerification                                                                                            :        2 samples, Peak.   447 us (1.3x), Avg.   348 us, Total. 695.7 us (0.0%)
[Performance] InitializeOnLoad BlastCompanionRelicSetup                                                                                            :        2 samples, Peak.   108 us (1.3x), Avg.  84.6 us, Total. 169.2 us (0.0%)
[Performance] InitializeOnLoad GuardianStaffWeaponSetup                                                                                            :        2 samples, Peak.  91.0 us (1.3x), Avg.  72.7 us, Total. 145.3 us (0.0%)
[Performance] InitializeOnLoad WindStoneRelicVerification                                                                                          :        2 samples, Peak.   350 us (1.3x), Avg.   265 us, Total. 530.4 us (0.0%)
[Performance] InitializeOnLoad OpapaRelicSetup                                                                                                     :        2 samples, Peak.  88.9 us (1.2x), Avg.  72.8 us, Total. 145.5 us (0.0%)
[Performance] InitializeOnLoad InventoryIconVerification                                                                                           :        2 samples, Peak.   288 us (1.4x), Avg.   212 us, Total. 423.3 us (0.0%)
[Performance] InitializeOnLoad ObjectPoolingVerification                                                                                           :        2 samples, Peak.   267 us (1.4x), Avg.   197 us, Total. 393.5 us (0.0%)
[Performance] InitializeOnLoad HomingMagicSetup                                                                                                    :        2 samples, Peak.   103 us (1.3x), Avg.  80.0 us, Total. 160.1 us (0.0%)
[Performance] InitializeOnLoad PyroTankSkillSetup                                                                                                  :        2 samples, Peak.   105 us (1.3x), Avg.  79.9 us, Total. 159.8 us (0.0%)
[Performance] InitializeOnLoad SpiritsGuidanceAnimationSetup                                                                                       :        2 samples, Peak.  84.4 us (1.2x), Avg.  67.8 us, Total. 135.6 us (0.0%)
[Performance] InitializeOnLoad LaserOffsetBatch                                                                                                    :        2 samples, Peak.   299 us (1.4x), Avg.   221 us, Total. 441.8 us (0.0%)
[Performance] InitializeOnLoad SkillTooltipVerification                                                                                            :        2 samples, Peak.   346 us (1.4x), Avg.   256 us, Total. 511.5 us (0.0%)
[Performance] InitializeOnLoad RelicPresentationSetup                                                                                              :        2 samples, Peak.   348 us (1.6x), Avg.   222 us, Total. 444.4 us (0.0%)
[Performance] InitializeOnLoad RootiRelicSetup                                                                                                     :        2 samples, Peak.  86.9 us (1.1x), Avg.  82.7 us, Total. 165.3 us (0.0%)
[Performance] InitializeOnLoad InventoryEquipmentSwapVerification                                                                                  :        2 samples, Peak.   151 us (1.0x), Avg.   149 us, Total. 297.4 us (0.0%)
[Performance] InitializeOnLoad WindStoneRelicSetup                                                                                                 :        2 samples, Peak.  88.3 us (1.2x), Avg.  76.7 us, Total. 153.5 us (0.0%)
[Performance] InitializeOnLoad EffectSizeVerification                                                                                              :        2 samples, Peak.  89.3 us (1.2x), Avg.  73.9 us, Total. 147.8 us (0.0%)
[Performance] InitializeOnLoad GenerateSkillRelics                                                                                                 :        2 samples, Peak.   672 us (1.2x), Avg.   540 us, Total. 1.079 ms (0.0%)
[Performance] InitializeOnLoad BoomMakerRelicSetup                                                                                                 :        2 samples, Peak.  96.4 us (1.2x), Avg.  79.5 us, Total. 159.0 us (0.0%)
[Performance] InitializeOnLoad HomingMagicVerification                                                                                             :        2 samples, Peak.   391 us (1.2x), Avg.   330 us, Total. 659.7 us (0.0%)
[Performance] InitializeOnLoad SkillTooltipSetup                                                                                                   :        2 samples, Peak.  89.6 us (1.2x), Avg.  75.2 us, Total. 150.4 us (0.0%)
[Performance] InitializeOnLoad EnemyHitAreaSetup                                                                                                   :        2 samples, Peak.   126 us (1.2x), Avg.   106 us, Total. 211.8 us (0.0%)
[Performance] InitializeOnLoad TargetMakerVerification                                                                                             :        2 samples, Peak.   355 us (1.2x), Avg.   288 us, Total. 575.3 us (0.0%)
[Performance] InitializeOnLoad GuardianStaffWeaponVerification                                                                                     :        2 samples, Peak.   459 us (1.1x), Avg.   413 us, Total. 825.5 us (0.0%)
[Performance] InitializeOnLoad ChainIgnitionSkillVerification                                                                                      :        2 samples, Peak.   669 us (1.2x), Avg.   551 us, Total. 1.103 ms (0.0%)
[Performance] InitializeOnLoad PyroTankSkillVerification                                                                                           :        2 samples, Peak.   402 us (1.3x), Avg.   317 us, Total. 634.6 us (0.0%)
[Performance] InitializeOnLoad InventorySlotFrameSetup                                                                                             :        2 samples, Peak.   293 us (1.2x), Avg.   236 us, Total. 472.2 us (0.0%)
[Performance] InitializeOnLoad BurstLoader                                                                                                         :        2 samples, Peak.  2.77 s (2.0x), Avg.  1.40 s, Total. 2.803 s (2.6%)
[Performance] InitializeOnLoad EditorToolManager                                                                                                   :        4 samples, Peak.  4.76 ms (2.4x), Avg.  1.96 ms, Total. 7.829 ms (0.0%)
[Performance] InitializeOnLoad SceneDragAndDrop                                                                                                    :        2 samples, Peak.   543 us (1.4x), Avg.   381 us, Total. 761.5 us (0.0%)
[Performance] InitializeOnLoad SpriteShapeUpdateCache                                                                                              :        2 samples, Peak.  1.22 ms (1.3x), Avg.   931 us, Total. 1.862 ms (0.0%)
[Performance] InitializeOnLoad SpriteShapeUnityAnalyticsStorage                                                                                    :        2 samples, Peak.  32.6 us (1.1x), Avg.  29.8 us, Total. 59.60 us (0.0%)
[Performance] InitializeOnLoad ShadowCasterGroup2DManager                                                                                          :        2 samples, Peak.   104 us (1.1x), Avg.  92.1 us, Total. 184.1 us (0.0%)
[Performance] InitializeOnLoad ProbeGIBaking                                                                                                       :        2 samples, Peak.  4.52 ms (1.1x), Avg.  4.02 ms, Total. 8.035 ms (0.0%)
[Performance] InitializeOnLoad FilterWindow                                                                                                        :        2 samples, Peak.  77.1 us (1.0x), Avg.  73.5 us, Total. 147.0 us (0.0%)
[Performance] InitializeOnLoad RealtimeProbeSubdivisionDebug                                                                                       :        2 samples, Peak.  2.06 ms (1.2x), Avg.  1.69 ms, Total. 3.383 ms (0.0%)
[Performance] InitializeOnLoad NodeClassCache                                                                                                      :        2 samples, Peak.  12.5 us (1.1x), Avg.  11.0 us, Total. 21.90 us (0.0%)
[Performance] InitializeOnLoad ShaderGraphMaterialsUpdater                                                                                         :        4 samples, Peak.   862 us (2.0x), Avg.   431 us, Total. 1.724 ms (0.0%)
[Performance] InitializeOnLoad Renderer2DAnalytics                                                                                                 :        2 samples, Peak.   274 us (1.3x), Avg.   213 us, Total. 425.0 us (0.0%)
[Performance] InitializeOnLoad BackgroundWatcher                                                                                                   :        2 samples, Peak.   242 us (1.0x), Avg.   233 us, Total. 466.3 us (0.0%)
[Performance] InitializeOnLoad UnityTestProtocolStarter                                                                                            :        2 samples, Peak.   486 us (1.2x), Avg.   410 us, Total. 820.9 us (0.0%)
[Performance] InitializeOnLoad TestStarter                                                                                                         :        2 samples, Peak.  1.04 ms (1.0x), Avg.   999 us, Total. 1.997 ms (0.0%)
[Performance] InitializeOnLoad RerunCallbackInitializer                                                                                            :        2 samples, Peak.  7.56 ms (1.3x), Avg.  5.76 ms, Total. 11.53 ms (0.0%)
[Performance] InitializeOnLoad RiderScriptEditor                                                                                                   :        2 samples, Peak.  12.7 ms (1.1x), Avg.  12.1 ms, Total. 24.13 ms (0.0%)
[Performance] InitializeOnLoad CallbackInitializer                                                                                                 :        2 samples, Peak.  2.38 ms (1.9x), Avg.  1.27 ms, Total. 2.542 ms (0.0%)
[Performance] InitializeOnLoad PlasticPlugin                                                                                                       :        2 samples, Peak.   493 ms (1.2x), Avg.   412 ms, Total. 823.9 ms (0.8%)
[Performance] InitializeOnLoad ToolbarBootstrap                                                                                                    :        2 samples, Peak.  70.0 ms (1.1x), Avg.  62.5 ms, Total. 125.1 ms (0.1%)
[Performance] InitializeOnLoad BackgroundImport                                                                                                    :        2 samples, Peak.   211 us (1.1x), Avg.   195 us, Total. 390.1 us (0.0%)
[Performance] InitializeOnLoad VSUsageUtility                                                                                                      :        2 samples, Peak.  69.4 ms (2.0x), Avg.  35.2 ms, Total. 70.43 ms (0.1%)
[Performance] InitializeOnLoad VisualStudioEditor                                                                                                  :        4 samples, Peak.  18.3 ms (1.7x), Avg.  10.7 ms, Total. 42.64 ms (0.0%)
[Performance] InitializeOnLoad TestRunnerApiListener                                                                                               :        4 samples, Peak.  3.53 ms (2.3x), Avg.  1.56 ms, Total. 6.258 ms (0.0%)
[Performance] InitializeOnLoad VisualStudioIntegration                                                                                             :        4 samples, Peak.  3.53 ms (1.8x), Avg.  2.00 ms, Total. 8.006 ms (0.0%)
[Performance] InitializeOnLoad PrefabLayoutRebuilder                                                                                               :        2 samples, Peak.   404 us (1.2x), Avg.   345 us, Total. 689.4 us (0.0%)
[Performance] InitializeOnLoad SpriteSkinCompositeStartup                                                                                          :        2 samples, Peak.  31.2 ms (1.5x), Avg.  21.5 ms, Total. 43.02 ms (0.0%)
[Performance] InitializeOnLoad UnityAnalyticsStorage                                                                                               :        2 samples, Peak.  1.19 ms (1.2x), Avg.   952 us, Total. 1.905 ms (0.0%)
[Performance] InitializeOnLoad BoneGizmoInitializer                                                                                                :        2 samples, Peak.  7.56 ms (1.4x), Avg.  5.48 ms, Total. 10.96 ms (0.0%)
[Performance] InitializeOnLoad Analytics                                                                                                           :        2 samples, Peak.   477 us (1.0x), Avg.   474 us, Total. 947.7 us (0.0%)
[Performance] InitializeOnLoad NavigationWindow                                                                                                    :        2 samples, Peak.   993 us (1.0x), Avg.   955 us, Total. 1.910 ms (0.0%)
[Performance] InitializeOnLoad Addressables.RegisterPlayModeStateChange                                                                            :        2 samples, Peak.   184 us (1.3x), Avg.   140 us, Total. 279.4 us (0.0%)
[Performance] InitializeOnLoad AssetReference.RegisterForPlaymodeChange                                                                            :        2 samples, Peak.   952 us (1.5x), Avg.   619 us, Total. 1.238 ms (0.0%)
[Performance] InitializeOnLoad IKEditorManager.CreateInstance                                                                                      :        2 samples, Peak.  4.64 ms (1.7x), Avg.  2.72 ms, Total. 5.441 ms (0.0%)
[Performance] InitializeOnLoad $BurstDirectCallInitializer.Initialize                                                                              :       14 samples, Peak.  44.1 ms (5.0x), Avg.  8.75 ms, Total. 122.5 ms (0.1%)
[Performance] InitializeOnLoad SceneViewGridManager.Initialize                                                                                     :        2 samples, Peak.  11.5 ms (1.5x), Avg.  7.86 ms, Total. 15.73 ms (0.0%)
[Performance] InitializeOnLoad TilemapPrefabStageHelper.Initialize                                                                                 :        2 samples, Peak.  4.53 ms (1.6x), Avg.  2.86 ms, Total. 5.728 ms (0.0%)
[Performance] InitializeOnLoad SceneViewOpenTilePaletteHelper.Initialize                                                                           :        2 samples, Peak.  4.43 ms (1.8x), Avg.  2.40 ms, Total. 4.794 ms (0.0%)
[Performance] InitializeOnLoad TileDragAndDropManager.Initialize                                                                                   :        2 samples, Peak.  2.83 ms (1.9x), Avg.  1.47 ms, Total. 2.949 ms (0.0%)
[Performance] InitializeOnLoad AddressableAssetSettings.RegisterWithAssetPostProcessor                                                             :        2 samples, Peak.  3.34 ms (1.8x), Avg.  1.89 ms, Total. 3.779 ms (0.0%)
[Performance] InitializeOnLoad AddressableAssetSettings.CheckCCDStatus                                                                             :        2 samples, Peak.   279 us (1.6x), Avg.   179 us, Total. 357.5 us (0.0%)
[Performance] InitializeOnLoad ProfileDataSourceSettings.InitializeCloudEnvironment                                                                :        2 samples, Peak.   462 us (1.3x), Avg.   362 us, Total. 723.7 us (0.0%)
[Performance] InitializeOnLoad AddressablesBuildScriptHooks.Init                                                                                   :        2 samples, Peak.   135 us (1.0x), Avg.   130 us, Total. 260.8 us (0.0%)
[Performance] InitializeOnLoad AddressablesPlayerBuildProcessor.CleanTemporaryPlayerBuildData                                                      :        2 samples, Peak.  2.51 ms (1.4x), Avg.  1.77 ms, Total. 3.540 ms (0.0%)
[Performance] InitializeOnLoad VisualStudioEditor.LegacyVisualStudioCodePackageDisabler                                                            :        4 samples, Peak.  1.14 ms (1.5x), Avg.   769 us, Total. 3.078 ms (0.0%)
[Performance] InitializeOnLoad InputSystemPackageControl.SubscribePackageManagerEvent                                                              :        2 samples, Peak.   205 us (1.0x), Avg.   199 us, Total. 398.8 us (0.0%)
[Performance] InitializeOnLoad InputSystemPluginControl.CheckForExtension                                                                          :        2 samples, Peak.  2.75 ms (1.1x), Avg.  2.49 ms, Total. 4.984 ms (0.0%)
[Performance] InitializeOnLoad MaterialReimporter.RegisterUpgraderReimport                                                                         :        4 samples, Peak.   462 us (1.9x), Avg.   246 us, Total. 983.0 us (0.0%)
[Performance] InitializeOnLoad BackgroundImport.Setup                                                                                              :        2 samples, Peak.   995 us (1.1x), Avg.   878 us, Total. 1.756 ms (0.0%)
[Performance] InitializeOnLoad TestJobDataHolder.ResumeRunningJobs                                                                                 :        2 samples, Peak.  2.86 ms (1.9x), Avg.  1.52 ms, Total. 3.033 ms (0.0%)
[Performance] InitializeOnLoad AnalyticsReporter.RegisterCallbacks                                                                                 :        2 samples, Peak.  1.34 ms (1.1x), Avg.  1.17 ms, Total. 2.346 ms (0.0%)
[Performance] InitializeOnLoad DebugManagerWindowLifetimeAnalytic.SubscribeToDebugManagerOpenCloseWindows                                          :        2 samples, Peak.   967 us (1.2x), Avg.   825 us, Total. 1.650 ms (0.0%)
[Performance] InitializeOnLoad CoreRenderPipelinePreferences.InitPreferenceProviders                                                               :        2 samples, Peak.   104 ms (1.4x), Avg.  72.6 ms, Total. 145.3 ms (0.1%)
[Performance] InitializeOnLoad VolumeGizmoDrawer.InitVolumeGizmoCallbacks                                                                          :        2 samples, Peak.  1.19 ms (1.4x), Avg.   867 us, Total. 1.734 ms (0.0%)
[Performance] DidReloadScriptsAdvancedDropdownWindow.OnScriptReload                                                                                :        4 samples, Peak.   921 us (1.5x), Avg.   594 us, Total. 2.377 ms (0.0%)
[Performance] DidReloadScriptsNavMeshExtension.OnScriptReload                                                                                      :        2 samples, Peak.  1.13 ms (1.5x), Avg.   758 us, Total. 1.515 ms (0.0%)
[Performance] DidReloadScriptsTestRunnerWindow.CompilationCallback                                                                                 :        2 samples, Peak.   441 us (1.4x), Avg.   323 us, Total. 646.5 us (0.0%)
[Performance] DidReloadScriptsTestListCache.ScriptReloaded                                                                                         :        2 samples, Peak.  2.81 ms (1.9x), Avg.  1.48 ms, Total. 2.954 ms (0.0%)
[Performance] DidReloadScriptsLookDev.OnEditorReload                                                                                               :        2 samples, Peak.   473 us (1.0x), Avg.   472 us, Total. 943.3 us (0.0%)
[Performance] DidReloadScriptsDebugWindow.OnEditorReload                                                                                           :        2 samples, Peak.  20.7 ms (1.5x), Avg.  13.7 ms, Total. 27.45 ms (0.0%)
[Performance] DidReloadScriptsVolumeComponentEditor.OnEditorReload                                                                                 :        2 samples, Peak.  99.1 ms (1.5x), Avg.  64.4 ms, Total. 128.8 ms (0.1%)
[Performance] AssemblyReloadEvents.afterAssemblyReload: UnityEditor.U2D.Animation.BoneGizmo.OnAfterAssemblyReload                                  :        2 samples, Peak.  2.40 ms (1.3x), Avg.  1.88 ms, Total. 3.761 ms (0.0%)
[Performance] AssetDatabase.ImportAssets                                                                                                           :        3 samples, Peak.   800 ns (1.4x), Avg.   567 ns, Total. 1.700 us (0.0%)
[Performance] MilestoneAssetPostprocessor.OnPostprocessAllAssets                                                                                   :        2 samples, Peak.  1.94 ms (1.2x), Avg.  1.66 ms, Total. 3.319 ms (0.0%)
[Performance] OpapaRelicAssetPostprocessor.OnPostprocessAllAssets                                                                                  :        2 samples, Peak.   442 us (1.0x), Avg.   438 us, Total. 876.7 us (0.0%)
[Performance] RelicAssetPostprocessor.OnPostprocessAllAssets                                                                                       :        2 samples, Peak.  3.36 s (1.0x), Avg.  3.36 s, Total. 6.726 s (6.2%)
[Performance] SkillAssetPostprocessor.OnPostprocessAllAssets                                                                                       :        2 samples, Peak.   690 us (1.0x), Avg.   687 us, Total. 1.374 ms (0.0%)
[Performance] TMPro_TexturePostProcessor.OnPostprocessAllAssets                                                                                    :        2 samples, Peak.  1.22 ms (1.0x), Avg.  1.21 ms, Total. 2.412 ms (0.0%)
[Performance] AssetPostprocessor.OnPostprocessAllAssets                                                                                            :        2 samples, Peak.  1.12 ms (1.0x), Avg.  1.12 ms, Total. 2.240 ms (0.0%)
[Performance] BuilderAssetPostprocessor.OnPostprocessAllAssets                                                                                     :        2 samples, Peak.  3.41 ms (1.0x), Avg.  3.41 ms, Total. 6.824 ms (0.0%)
[Performance] AddressablesAssetPostProcessor.OnPostprocessAllAssets                                                                                :        2 samples, Peak.  2.00 ms (1.0x), Avg.  1.99 ms, Total. 3.986 ms (0.0%)
[Performance] ArtifactBrowserPostProcessor.OnPostprocessAllAssets                                                                                  :        2 samples, Peak.  1.01 ms (1.0x), Avg.  1.01 ms, Total. 2.012 ms (0.0%)
[Performance] AssetEvents.OnPostprocessAllAssets                                                                                                   :        4 samples, Peak.   255 us (1.5x), Avg.   174 us, Total. 696.0 us (0.0%)
[Performance] AudioMixerPostprocessor.OnPostprocessAllAssets                                                                                       :        2 samples, Peak.   584 us (1.0x), Avg.   581 us, Total. 1.162 ms (0.0%)
[Performance] StyleCatalogPostProcessor.OnPostprocessAllAssets                                                                                     :        2 samples, Peak.  43.6 ms (1.0x), Avg.  43.6 ms, Total. 87.29 ms (0.1%)
[Performance] BuildCatalog                                                                                                                         :        1 samples, Peak.  42.5 ms (1.0x), Avg.  42.5 ms, Total. 42.46 ms (0.0%)
[Performance] ModelImporterPostProcessor.OnPostprocessAllAssets                                                                                    :        2 samples, Peak.  1.44 ms (1.0x), Avg.  1.43 ms, Total. 2.868 ms (0.0%)
[Performance] MaterialPostprocessor.OnPostprocessAllAssets                                                                                         :        4 samples, Peak.  1.25 ms (1.2x), Avg.  1.04 ms, Total. 4.174 ms (0.0%)
[Performance] UniversalRenderPipelineGlobalSettingsPostprocessor.OnPostprocessAllAssets                                                            :        4 samples, Peak.  10.5 ms (1.9x), Avg.  5.62 ms, Total. 22.48 ms (0.0%)
[Performance] RetainedModeAssetPostprocessor.OnPostprocessAllAssets                                                                                :        2 samples, Peak.  4.01 ms (1.0x), Avg.  4.00 ms, Total. 8.002 ms (0.0%)
[Performance] AssetChangedListener.OnPostprocessAllAssets                                                                                          :        2 samples, Peak.  2.17 ms (1.0x), Avg.  2.17 ms, Total. 4.330 ms (0.0%)
[Performance] PostProcessor.OnPostprocessAllAssets                                                                                                 :        2 samples, Peak.   681 us (1.0x), Avg.   674 us, Total. 1.348 ms (0.0%)
[Performance] ShaderGraphAssetPostProcessor.OnPostprocessAllAssets                                                                                 :        2 samples, Peak.  2.97 ms (1.0x), Avg.  2.97 ms, Total. 5.935 ms (0.0%)
[Performance] SpeedTreePostProcessor.OnPostprocessAllAssets                                                                                        :        2 samples, Peak.   285 us (1.0x), Avg.   280 us, Total. 559.2 us (0.0%)
[Performance] TextAssetPostProcessor.OnPostprocessAllAssets                                                                                        :        2 samples, Peak.   690 us (1.0x), Avg.   688 us, Total. 1.375 ms (0.0%)
[Performance] AssetProcessor.OnPostprocessAllAssets                                                                                                :        6 samples, Peak.  5.48 ms (2.1x), Avg.  2.62 ms, Total. 15.71 ms (0.0%)
[Performance] SpriteLibraryAssetPostprocessor.OnPostprocessAllAssets                                                                               :        2 samples, Peak.   414 us (1.0x), Avg.   411 us, Total. 822.5 us (0.0%)
[Performance] PSDImporterAssetPostProcessor.OnPostprocessAllAssets                                                                                 :        2 samples, Peak.   132 us (1.0x), Avg.   130 us, Total. 259.5 us (0.0%)
[Performance] PSDImportPostProcessor.OnPostprocessAllAssets                                                                                        :        2 samples, Peak.   134 us (1.0x), Avg.   133 us, Total. 265.4 us (0.0%)
[Performance] SpriteEditorTexturePostprocessor.OnPostprocessAllAssets                                                                              :        2 samples, Peak.   369 us (1.0x), Avg.   368 us, Total. 735.9 us (0.0%)
[Performance] SpriteShapeAssetPostProcessor.OnPostprocessAllAssets                                                                                 :        2 samples, Peak.   706 us (1.0x), Avg.   703 us, Total. 1.407 ms (0.0%)
[Performance] AssetPathToTypes.OnPostprocessAllAssets                                                                                              :        2 samples, Peak.   599 us (1.0x), Avg.   595 us, Total. 1.190 ms (0.0%)
[Performance] InputActionAssetPostprocessor.OnPostprocessAllAssets                                                                                 :        4 samples, Peak.   744 us (1.4x), Avg.   545 us, Total. 2.181 ms (0.0%)
[Performance] InputActionJsonNameModifierAssetProcessor.OnPostprocessAllAssets                                                                     :        4 samples, Peak.   167 us (1.5x), Avg.   112 us, Total. 449.1 us (0.0%)
[Performance] ProjectSettingsPostprocessor.OnPostprocessAllAssets                                                                                  :        4 samples, Peak.   255 us (1.3x), Avg.   194 us, Total. 775.6 us (0.0%)
[Performance] LocalizationAssetPostProcessor.OnPostprocessAllAssets                                                                                :        2 samples, Peak.  2.36 ms (1.0x), Avg.  2.35 ms, Total. 4.698 ms (0.0%)
[Performance] SyncVS.PostprocessSyncProject                                                                                                        :        2 samples, Peak.   400 ms (1.9x), Avg.   208 ms, Total. 415.0 ms (0.4%)
[Performance] EditorApplication.projectChanged: UnityEditor.Audio.MixerEffectDefinitionReloader.OnProjectChanged                                   :        1 samples, Peak.   688 us (1.0x), Avg.   688 us, Total. 687.6 us (0.0%)
[Performance] EditorApplication.projectChanged: UnityEngine.InputSystem.LowLevel.NativeInputRuntime.OnProjectChanged                               :        1 samples, Peak.  2.10 ms (1.0x), Avg.  2.10 ms, Total. 2.104 ms (0.0%)
[Performance] Application.ImportPackagesAndSetTemplateWhenCreatingProject                                                                          :        1 samples, Peak.  14.5 ms (1.0x), Avg.  14.5 ms, Total. 14.48 ms (0.0%)
[Performance] Application.SyncCurrentColorSpace                                                                                                    :        1 samples, Peak.   913 ms (1.0x), Avg.   913 ms, Total. 913.1 ms (0.8%)
[Performance] Application.OnUsbDevicesChanged                                                                                                      :        1 samples, Peak.  2.11 ms (1.0x), Avg.  2.11 ms, Total. 2.109 ms (0.0%)
[Performance] Application.AssetInstanceCacheUpdate                                                                                                 :        1 samples, Peak.   300 ns (1.0x), Avg.   300 ns, Total. 300.0 ns (0.0%)
[Performance] Application.UnityExtensions.Initialize                                                                                               :        1 samples, Peak.  13.0 ms (1.0x), Avg.  13.0 ms, Total. 12.98 ms (0.0%)
[Performance] CodeEditorProjectSync.SyncEditorProject                                                                                              :        1 samples, Peak.  1.20 s (1.0x), Avg.  1.20 s, Total. 1.201 s (1.1%)
[Performance] Application.ExecuteStartups                                                                                                          :        1 samples, Peak.  93.2 ms (1.0x), Avg.  93.2 ms, Total. 93.23 ms (0.1%)
[Performance] Menu.RegisterMenuInterface                                                                                                           :       26 samples, Peak.  2.00 us (7.9x), Avg.   254 ns, Total. 6.600 us (0.0%)
[Performance] Gizmo.RebuildRenderers                                                                                                               :        3 samples, Peak.  86.5 ms (1.6x), Avg.  53.7 ms, Total. 161.2 ms (0.1%)
[Performance] Gizmo.AddGizmoRenderers                                                                                                              :      372 samples, Peak.  2.65 ms (61.1x), Avg.  43.4 us, Total. 16.16 ms (0.0%)
[Performance] Application.editorInitializingProject                                                                                                :        1 samples, Peak.   235 ms (1.0x), Avg.   235 ms, Total. 235.2 ms (0.2%)
[Performance] Application.FinishLoadingProject                                                                                                     :        1 samples, Peak.  5.55 s (1.0x), Avg.  5.55 s, Total. 5.547 s (5.1%)
[Performance] Application.InitializeMenu                                                                                                           :        1 samples, Peak.   162 ms (1.0x), Avg.   162 ms, Total. 161.8 ms (0.1%)
[Performance] Menu.RebuildAll                                                                                                                      :        1 samples, Peak.   162 ms (1.0x), Avg.   162 ms, Total. 161.8 ms (0.1%)
[Performance] Menu.BuildRegisteredMenuInterfaces                                                                                                   :        1 samples, Peak.   155 ms (1.0x), Avg.   155 ms, Total. 154.9 ms (0.1%)
[Performance] Menu.FilterMenuItem                                                                                                                  :     1164 samples, Peak.  29.1 ms (1108.4x), Avg.  26.2 us, Total. 30.54 ms (0.0%)
[Performance] UpdateAllMenus                                                                                                                       :        1 samples, Peak.  2.53 ms (1.0x), Avg.  2.53 ms, Total. 2.533 ms (0.0%)
[Performance] Menu.RebuildOSMainMenu                                                                                                               :        2 samples, Peak.  8.14 ms (1.4x), Avg.  6.02 ms, Total. 12.04 ms (0.0%)
[Performance] EditorSceneManager.sceneClosing: UnityEditor.SceneVisibilityManager.EditorSceneManagerOnSceneClosing                                 :        3 samples, Peak.  1.23 ms (2.2x), Avg.   561 us, Total. 1.683 ms (0.0%)
[Performance] GUIView.RepaintAll.PlayerLoopController                                                                                              :     1462 samples, Peak.  12.5 us (25.5x), Avg.   491 ns, Total. 717.5 us (0.0%)
[Performance] EditorSceneManager.newSceneCreated: UnityEditor.SceneTemplate.SceneTemplateService.OnNewSceneCreated                                 :        1 samples, Peak.   419 us (1.0x), Avg.   419 us, Total. 418.7 us (0.0%)
[Performance] EditorSceneManager.newSceneCreated: UnityEditor.SceneVisibilityManager.EditorSceneManagerOnNewSceneCreated                           :        1 samples, Peak.   322 us (1.0x), Avg.   322 us, Total. 322.0 us (0.0%)
[Performance] EditorSceneManager.newSceneCreated: UnityEditor.SceneManagement.StageNavigationManager.OnNewSceneCreated                             :        1 samples, Peak.  91.6 us (1.0x), Avg.  91.6 us, Total. 91.60 us (0.0%)
[Performance] Application.InvokeFinishedLoadingProject                                                                                             :        1 samples, Peak.  76.7 ms (1.0x), Avg.  76.7 ms, Total. 76.68 ms (0.1%)
[Performance] ProcessService.OnProjectLoaded                                                                                                       :        1 samples, Peak.  89.3 us (1.0x), Avg.  89.3 us, Total. 89.30 us (0.0%)
[Performance] EditorSceneManager.sceneOpening: UnityEditor.SceneVisibilityManager.EditorSceneManagerOnSceneOpening                                 :        1 samples, Peak.   314 us (1.0x), Avg.   314 us, Total. 314.2 us (0.0%)
[Performance] Inspector.InitOrRebuild                                                                                                              :        2 samples, Peak.  5.70 ms (1.6x), Avg.  3.51 ms, Total. 7.028 ms (0.0%)
[Performance] EditorSceneManager.sceneOpened: UnityEditor.SceneTemplate.SceneTemplateService.OnSceneOpened                                         :        1 samples, Peak.   255 us (1.0x), Avg.   255 us, Total. 255.1 us (0.0%)
[Performance] EditorSceneManager.sceneOpened: UnityEditor.SceneVisibilityManager.EditorSceneManagerOnSceneOpened                                   :        1 samples, Peak.   116 us (1.0x), Avg.   116 us, Total. 115.9 us (0.0%)
[Performance] EditorSceneManager.sceneOpened: UnityEditor.SceneManagement.StageNavigationManager.OnSceneOpened                                     :        1 samples, Peak.  58.6 us (1.0x), Avg.  58.6 us, Total. 58.60 us (0.0%)
[Performance] EditorApplication.playModeStateChanged                                                                                               :        1 samples, Peak.  9.46 ms (1.0x), Avg.  9.46 ms, Total. 9.459 ms (0.0%)
[Performance] EditorApplication.playModeStateChanged: UnityEditor.ObjectPool.PoolManager.OnEditorStateChange                                       :        2 samples, Peak.   358 us (1.4x), Avg.   261 us, Total. 521.5 us (0.0%)
[Performance] EditorApplication.playModeStateChanged: UnityEditor.PackageManager.UI.Internal.PlayModeDownload.PlayModeStateChanged                 :        2 samples, Peak.   997 us (1.8x), Avg.   567 us, Total. 1.134 ms (0.0%)
[Performance] EditorApplication.playModeStateChanged: UnityEngine.InputSystem.LowLevel.NativeInputRuntime.OnPlayModeStateChanged                   :        2 samples, Peak.  1.22 ms (1.5x), Avg.   830 us, Total. 1.661 ms (0.0%)
[Performance] EditorApplication.playModeStateChanged: UnityEditor.Localization.UI.GameViewLanguageMenu.PlayModeStateChanged                        :        2 samples, Peak.   132 us (1.1x), Avg.   126 us, Total. 251.0 us (0.0%)
[Performance] EditorApplication.playModeStateChanged: callback in Nytherion.Editor.TrainingDummySetup                                              :        2 samples, Peak.  92.5 us (1.2x), Avg.  77.2 us, Total. 154.3 us (0.0%)
[Performance] EditorApplication.playModeStateChanged: Nytherion.Editor.WeaponOffsetSaveReservation.OnPlayModeStateChanged                          :        2 samples, Peak.  99.0 us (1.3x), Avg.  78.1 us, Total. 156.1 us (0.0%)
[Performance] EditorApplication.playModeStateChanged: callback in Nytherion.Editor.LayLaserWeaponVerification                                      :        2 samples, Peak.   117 us (1.2x), Avg.  97.6 us, Total. 195.3 us (0.0%)
[Performance] EditorApplication.playModeStateChanged: callback in Nytherion.Editor.RelicPresentationVerification                                   :        2 samples, Peak.  62.8 us (1.2x), Avg.  51.8 us, Total. 103.6 us (0.0%)
[Performance] EditorApplication.playModeStateChanged: callback in Nytherion.Editor.RootiUpgradeVerification                                        :        2 samples, Peak.  59.5 us (1.2x), Avg.  48.4 us, Total. 96.70 us (0.0%)
[Performance] EditorApplication.playModeStateChanged: callback in Nytherion.Editor.WindStoneRelicVerification                                      :        2 samples, Peak.  56.1 us (1.2x), Avg.  46.3 us, Total. 92.60 us (0.0%)
[Performance] EditorApplication.playModeStateChanged: callback in Nytherion.Editor.InventoryIconVerification                                       :        2 samples, Peak.  57.2 us (1.2x), Avg.  45.9 us, Total. 91.80 us (0.0%)
[Performance] EditorApplication.playModeStateChanged: callback in LaserOffsetBatch                                                                 :        2 samples, Peak.  46.8 us (1.2x), Avg.  38.8 us, Total. 77.70 us (0.0%)
[Performance] EditorApplication.playModeStateChanged: callback in Nytherion.Editor.SkillTooltipVerification                                        :        2 samples, Peak.  44.6 us (1.2x), Avg.  37.2 us, Total. 74.30 us (0.0%)
[Performance] EditorApplication.playModeStateChanged: callback in Nytherion.Editor.HomingMagicVerification                                         :        2 samples, Peak.  54.5 us (1.2x), Avg.  44.6 us, Total. 89.10 us (0.0%)
[Performance] EditorApplication.playModeStateChanged: callback in Nytherion.Editor.TargetMakerVerification                                         :        2 samples, Peak.  52.2 us (1.2x), Avg.  43.4 us, Total. 86.80 us (0.0%)
[Performance] EditorApplication.playModeStateChanged: callback in Nytherion.Editor.GuardianStaffWeaponVerification                                 :        2 samples, Peak.  52.5 us (1.2x), Avg.  44.5 us, Total. 89.00 us (0.0%)
[Performance] EditorApplication.playModeStateChanged: callback in Nytherion.Editor.ChainIgnitionSkillVerification                                  :        2 samples, Peak.  84.7 us (1.2x), Avg.  72.5 us, Total. 145.1 us (0.0%)
[Performance] EditorApplication.playModeStateChanged: callback in Nytherion.Editor.PyroTankSkillVerification                                       :        2 samples, Peak.  95.6 us (1.2x), Avg.  81.3 us, Total. 162.5 us (0.0%)
[Performance] EditorApplication.playModeStateChanged: callback in Nytherion.Editor.InventorySlotFrameSetup                                         :        2 samples, Peak.  47.7 us (1.2x), Avg.  40.2 us, Total. 80.30 us (0.0%)
[Performance] EditorApplication.playModeStateChanged: Unity.Burst.Editor.BurstLoader.EditorApplicationOnPlayModeStateChanged                       :        2 samples, Peak.   138 us (1.2x), Avg.   111 us, Total. 222.2 us (0.0%)
[Performance] EditorApplication.playModeStateChanged: callback in UnityEditor.U2D.SpriteShapeUpdateCache                                           :        2 samples, Peak.   176 us (1.7x), Avg.   102 us, Total. 204.4 us (0.0%)
[Performance] EditorApplication.playModeStateChanged: UnityEditor.SceneManagement.EditorSceneManager.PlayModeStateChangedCallback                  :        2 samples, Peak.  64.2 us (1.2x), Avg.  52.3 us, Total. 104.7 us (0.0%)
[Performance] EditorApplication.playModeStateChanged: UnityEngine.Rendering.Universal.ShadowCasterGroup2DManager.OnPlayModeStateChanged            :        2 samples, Peak.   308 us (1.2x), Avg.   248 us, Total. 496.1 us (0.0%)
[Performance] EditorApplication.playModeStateChanged: UnityEditor.TestTools.TestRunner.PlaymodeLauncher+BackgroundWatcher.OnPlayModeStateChanged   :        2 samples, Peak.   636 us (1.2x), Avg.   513 us, Total. 1.025 ms (0.0%)
[Performance] EditorApplication.playModeStateChanged: UnityEditor.U2D.Animation.BoneGizmo.PlayModeStateChanged                                     :        2 samples, Peak.  50.0 us (1.0x), Avg.  49.1 us, Total. 98.10 us (0.0%)
[Performance] EditorApplication.playModeStateChanged: UnityEngine.AddressableAssets.Addressables.SetAddressablesReInitFlagOnExitPlayMode           :        2 samples, Peak.   136 us (1.2x), Avg.   117 us, Total. 234.4 us (0.0%)
[Performance] EditorApplication.playModeStateChanged: UnityEngine.AddressableAssets.AssetReference.EditorApplicationOnplayModeStateChanged         :        2 samples, Peak.   355 us (1.3x), Avg.   267 us, Total. 533.6 us (0.0%)
[Performance] EditorApplication.playModeStateChanged: UnityEditor.AddressableAssets.Build.AddressablesBuildScriptHooks.OnEditorPlayModeChanged     :        2 samples, Peak.   484 us (1.3x), Avg.   379 us, Total. 758.1 us (0.0%)
[Performance] EditorApplication.playModeStateChanged: UnityEditor.PackageManager.UI.Internal.ApplicationProxy.PlayModeStateChanged                 :        2 samples, Peak.   225 us (1.0x), Avg.   219 us, Total. 437.5 us (0.0%)
[Performance] EditorApplication.playModeStateChanged: UnityEditor.SceneVisibilityManager.EditorApplicationPlayModeStateChanged                     :        2 samples, Peak.  51.0 us (1.1x), Avg.  44.9 us, Total. 89.90 us (0.0%)
[Performance] EditorApplication.playModeStateChanged: UnityEditor.TestTools.TestRunner.TestRunnerWindow.OnPlayModeStateChanged                     :        2 samples, Peak.   154 us (1.2x), Avg.   131 us, Total. 261.2 us (0.0%)
[Performance] EditorApplication.playModeStateChanged: UnityEditor.Tilemaps.GridPaintingState.PlayModeStateChanged                                  :        2 samples, Peak.   113 us (1.3x), Avg.  89.5 us, Total. 179.1 us (0.0%)
[Performance] Application.InvokeProjectWasLoaded                                                                                                   :        1 samples, Peak.  51.2 us (1.0x), Avg.  51.2 us, Total. 51.20 us (0.0%)
[Performance] Application.Message                                                                                                                  :     1461 samples, Peak.   159 us (300.6x), Avg.   529 ns, Total. 773.3 us (0.0%)
[Performance] Application.Message.WM_0031F                                                                                                         :        1 samples, Peak.  10.2 us (1.0x), Avg.  10.2 us, Total. 10.20 us (0.0%)
[Performance] Application.Tick                                                                                                                     :     1460 samples, Peak.  7.74 s (1100.1x), Avg.  7.04 ms, Total. 10.27 s (9.4%)
[Performance] CheckLicensingClient                                                                                                                 :        2 samples, Peak.  11.4 us (1.0x), Avg.  11.2 us, Total. 22.40 us (0.0%)
[Performance] CheckLicensingClientNotification                                                                                                     :        2 samples, Peak.  16.4 us (1.2x), Avg.  14.1 us, Total. 28.20 us (0.0%)
[Performance] LicenseActivated.Tick                                                                                                                :        1 samples, Peak.  12.9 us (1.0x), Avg.  12.9 us, Total. 12.90 us (0.0%)
[Performance] Application.TickVersionControl                                                                                                       :     1461 samples, Peak.  49.6 us (60.8x), Avg.   815 ns, Total. 1.191 ms (0.0%)
[Performance] MonoCompiler.Tick                                                                                                                    :       14 samples, Peak.  7.35 s (14.0x), Avg.   525 ms, Total. 7.352 s (6.8%)
[Performance] Application.EnterPlayMode                                                                                                            :        1 samples, Peak.  7.30 s (1.0x), Avg.  7.30 s, Total. 7.304 s (6.7%)
[Performance] Application.Reload                                                                                                                   :        1 samples, Peak.  4.05 s (1.0x), Avg.  4.05 s, Total. 4.053 s (3.7%)
[Performance] AssemblyReloadEvents.beforeAssemblyReload: UnityEditor.Rendering.Analytics.DebugManagerWindowLifetimeAnalytic.OnBeforeAssemblyReload :        1 samples, Peak.  1.38 ms (1.0x), Avg.  1.38 ms, Total. 1.378 ms (0.0%)
[Performance] SceneDataContainer.TransformHierarchyChangedSetParentCallback                                                                        :     5400 samples, Peak.   126 us (195.3x), Avg.   645 ns, Total. 3.481 ms (0.0%)
[Performance] SceneVisibilityState.IsFlagSetInParents                                                                                              :    11079 samples, Peak.  16.6 us (69.1x), Avg.   240 ns, Total. 2.662 ms (0.0%)
[Performance] TimelineAnalyticsProcess.OnProcessScene                                                                                              :        1 samples, Peak.  2.17 ms (1.0x), Avg.  2.17 ms, Total. 2.169 ms (0.0%)
[Performance] UnityBuildPostprocessor.OnProcessScene                                                                                               :        1 samples, Peak.   997 us (1.0x), Avg.   997 us, Total. 997.3 us (0.0%)
[Performance] EditorApplication.playModeStateChanged: UnityEngine.InputSystem.Editor.InputExitPlayModeAnalytic.OnPlayModeStateChange               :        1 samples, Peak.   106 us (1.0x), Avg.   106 us, Total. 106.1 us (0.0%)
[Performance] UnityConnect.Tick                                                                                                                    :        1 samples, Peak.  7.93 ms (1.0x), Avg.  7.93 ms, Total. 7.931 ms (0.0%)
[Performance] UnityVersionControl.Tick                                                                                                             :        1 samples, Peak.   900 ns (1.0x), Avg.   900 ns, Total. 900.0 ns (0.0%)
[Performance] CurlRequest.Tick                                                                                                                     :       25 samples, Peak.  56.4 us (17.6x), Avg.  3.20 us, Total. 80.10 us (0.0%)
[Performance] HubClient.Tick                                                                                                                       :       25 samples, Peak.  1.10 us (3.5x), Avg.   316 ns, Total. 7.900 us (0.0%)
[Performance] AssetDatabase.Tick                                                                                                                   :       25 samples, Peak.  77.4 us (23.1x), Avg.  3.36 us, Total. 83.90 us (0.0%)
[Performance] SceneBackgroundTask.Tick                                                                                                             :       18 samples, Peak.   400 ns (2.1x), Avg.   189 ns, Total. 3.400 us (0.0%)
[Performance] Scheduler.Tick                                                                                                                       :      218 samples, Peak.  1.97 ms (125.4x), Avg.  15.7 us, Total. 3.431 ms (0.0%)
[Performance] RepaintAllProfilerWindows                                                                                                            :        6 samples, Peak.   318 us (5.8x), Avg.  54.5 us, Total. 326.7 us (0.0%)
[Performance] PlayerUpdates.Tick                                                                                                                   :       48 samples, Peak.  30.8 us (2.3x), Avg.  13.3 us, Total. 639.8 us (0.0%)
[Performance] Application.TickGlobalCallbacks                                                                                                      :     1461 samples, Peak.   150 ms (1086.5x), Avg.   138 us, Total. 201.1 ms (0.2%)
[Performance] EditorAnalytics.Tick                                                                                                                 :       12 samples, Peak.  38.7 us (6.2x), Avg.  6.22 us, Total. 74.60 us (0.0%)
[Performance] Video.Update                                                                                                                         :     1461 samples, Peak.  86.8 us (200.9x), Avg.   432 ns, Total. 631.1 us (0.0%)
[Performance] Application.TickProgress                                                                                                             :     1461 samples, Peak.  2.91 ms (826.3x), Avg.  3.52 us, Total. 5.141 ms (0.0%)
[Performance] Application.TickSceneTracker                                                                                                         :     1460 samples, Peak.  40.6 ms (46.9x), Avg.   865 us, Total. 1.262 s (1.2%)
[Performance] EditorApplication.update                                                                                                             :     1460 samples, Peak.  40.4 ms (47.4x), Avg.   852 us, Total. 1.244 s (1.1%)
[Performance] EditorApplication.update: Nytherion.Editor.TargetMakerSetup.Update                                                                   :     1461 samples, Peak.   318 us (133.5x), Avg.  2.38 us, Total. 3.484 ms (0.0%)
[Performance] EditorApplication.update: Nytherion.Editor.WeaponSkillUIAssetOrganizer.Update                                                        :     1461 samples, Peak.   114 us (187.3x), Avg.   607 ns, Total. 886.7 us (0.0%)
[Performance] EditorApplication.update: Nytherion.Editor.TrainingDummySetup.Update                                                                 :     1461 samples, Peak.  1.87 ms (518.5x), Avg.  3.60 us, Total. 5.264 ms (0.0%)
[Performance] EditorApplication.update: Nytherion.Editor.LayLaserWeaponVerification.Update                                                         :     1461 samples, Peak.   199 us (217.1x), Avg.   915 ns, Total. 1.336 ms (0.0%)
[Performance] EditorApplication.update: Nytherion.Editor.DebugPanelStatsVerification.Update                                                        :     1461 samples, Peak.  1.41 ms (17.8x), Avg.  78.9 us, Total. 115.3 ms (0.1%)
[Performance] EditorApplication.update: Nytherion.Editor.RelicPresentationVerification.Update                                                      :     1461 samples, Peak.  2.18 ms (22.3x), Avg.  97.8 us, Total. 142.8 ms (0.1%)
[Performance] EditorApplication.update: Nytherion.Editor.RootiUpgradeRelicSetup.ProcessRequest                                                     :     1461 samples, Peak.   286 us (172.1x), Avg.  1.66 us, Total. 2.429 ms (0.0%)
[Performance] EditorApplication.update: Nytherion.Editor.ChargeRelicVerification.Update                                                            :     1461 samples, Peak.   363 us (8.5x), Avg.  42.9 us, Total. 62.73 ms (0.1%)
[Performance] EditorApplication.update: Nytherion.Editor.RootiUpgradeVerification.Update                                                           :     1461 samples, Peak.   166 us (101.3x), Avg.  1.64 us, Total. 2.399 ms (0.0%)
[Performance] EditorApplication.update: Nytherion.Editor.GuardianStaffWeaponSetup.Update                                                           :     1461 samples, Peak.   146 us (199.5x), Avg.   730 ns, Total. 1.066 ms (0.0%)
[Performance] EditorApplication.update: Nytherion.Editor.WindStoneRelicVerification.Update                                                         :     1461 samples, Peak.  1.07 ms (24.3x), Avg.  44.0 us, Total. 64.24 ms (0.1%)
[Performance] EditorApplication.update: Nytherion.Editor.InventoryIconVerification.Update                                                          :     1461 samples, Peak.  1.26 ms (29.0x), Avg.  43.5 us, Total. 63.59 ms (0.1%)
[Performance] EditorApplication.update: Nytherion.Editor.ObjectPoolingVerification.Update                                                          :     1461 samples, Peak.   214 us (86.7x), Avg.  2.46 us, Total. 3.598 ms (0.0%)
[Performance] EditorApplication.update: Nytherion.Editor.HomingMagicSetup.Update                                                                   :     1461 samples, Peak.   106 us (202.7x), Avg.   525 ns, Total. 767.0 us (0.0%)
[Performance] EditorApplication.update: Nytherion.Editor.SpiritsGuidanceAnimationSetup.Update                                                      :     1461 samples, Peak.   111 us (236.9x), Avg.   469 ns, Total. 685.2 us (0.0%)
[Performance] EditorApplication.update: LaserOffsetBatch.Update                                                                                    :     1460 samples, Peak.   273 us (121.8x), Avg.  2.24 us, Total. 3.273 ms (0.0%)
[Performance] EditorApplication.update: Nytherion.Editor.SkillTooltipVerification.Update                                                           :     1460 samples, Peak.   890 us (10.7x), Avg.  83.5 us, Total. 122.0 ms (0.1%)
[Performance] EditorApplication.update: Nytherion.Editor.RelicPresentationSetup.Update                                                             :     1460 samples, Peak.   225 us (151.4x), Avg.  1.48 us, Total. 2.167 ms (0.0%)
[Performance] EditorApplication.update: Nytherion.Editor.InventoryEquipmentSwapVerification.Update                                                 :     1460 samples, Peak.  57.6 us (121.2x), Avg.   475 ns, Total. 693.8 us (0.0%)
[Performance] EditorApplication.update: Nytherion.Editor.WindStoneRelicSetup.Update                                                                :     1460 samples, Peak.  85.9 us (202.0x), Avg.   425 ns, Total. 620.9 us (0.0%)
[Performance] EditorApplication.update: Nytherion.Editor.EffectSizeVerification.Update                                                             :     1460 samples, Peak.  1.58 ms (38.7x), Avg.  40.7 us, Total. 59.43 ms (0.1%)
[Performance] EditorApplication.update: Nytherion.Editor.HomingMagicVerification.Update                                                            :     1460 samples, Peak.  1.92 ms (21.8x), Avg.  88.3 us, Total. 128.9 ms (0.1%)
[Performance] EditorApplication.update: Nytherion.Editor.SkillTooltipSetup.Update                                                                  :     1460 samples, Peak.   275 us (178.0x), Avg.  1.54 us, Total. 2.254 ms (0.0%)
[Performance] EditorApplication.update: Nytherion.Editor.EnemyHitAreaSetup.Update                                                                  :     1460 samples, Peak.   187 us (347.8x), Avg.   537 ns, Total. 784.1 us (0.0%)
[Performance] EditorApplication.update: Nytherion.Editor.TargetMakerVerification.Update                                                            :     1460 samples, Peak.   933 us (21.9x), Avg.  42.6 us, Total. 62.16 ms (0.1%)
[Performance] EditorApplication.update: Nytherion.Editor.GuardianStaffWeaponVerification.Update                                                    :     1460 samples, Peak.  1.52 ms (34.3x), Avg.  44.4 us, Total. 64.76 ms (0.1%)
[Performance] EditorApplication.update: Nytherion.Editor.ChainIgnitionSkillVerification.Update                                                     :     1460 samples, Peak.  5.35 ms (60.2x), Avg.  88.9 us, Total. 129.8 ms (0.1%)
[Performance] EditorApplication.update: Nytherion.Editor.PyroTankSkillVerification.Update                                                          :     1460 samples, Peak.  1.69 ms (39.0x), Avg.  43.2 us, Total. 63.10 ms (0.1%)
[Performance] EditorApplication.update: Nytherion.Editor.InventorySlotFrameSetup.Update                                                            :     1460 samples, Peak.  1.10 ms (24.7x), Avg.  44.6 us, Total. 65.15 ms (0.1%)
[Performance] EditorApplication.update: UnityEngine.Rendering.ProbeSubdivisionContext+RealtimeProbeSubdivisionDebug.UpdateRealtimeSubdivisionDebug :     1460 samples, Peak.  3.31 ms (1104.5x), Avg.  2.99 us, Total. 4.370 ms (0.0%)
[Performance] EditorApplication.update: Unity.PlasticSCM.Editor.Hub.ProcessHubCommand.RunOnceWhenAccessTokenIsInitialized                          :     1460 samples, Peak.   262 us (162.0x), Avg.  1.62 us, Total. 2.363 ms (0.0%)
[Performance] EditorApplication.update: callback in Microsoft.Unity.VisualStudio.Editor.VisualStudioIntegration                                    :        1 samples, Peak.  9.48 ms (1.0x), Avg.  9.48 ms, Total. 9.475 ms (0.0%)
[Performance] EditorApplication.update: Microsoft.Unity.VisualStudio.Editor.VisualStudioIntegration.OnUpdate                                       :     1460 samples, Peak.   372 us (154.6x), Avg.  2.41 us, Total. 3.517 ms (0.0%)
[Performance] EditorApplication.update: UnityEditor.AddressableAssets.Settings.AddressableAssetSettings.TryAddAssetPostprocessorOnNextUpdate       :        1 samples, Peak.   128 us (1.0x), Avg.   128 us, Total. 128.4 us (0.0%)
[Performance] EditorApplication.update: callback in UnityEditor.Rendering.Universal.MaterialReimporter                                             :     1460 samples, Peak.  6.97 ms (958.2x), Avg.  7.27 us, Total. 10.62 ms (0.0%)
[Performance] EditorApplication.update: UnityEditor.U2D.Aseprite.BackgroundImport.OnUpdate                                                         :     1460 samples, Peak.   406 us (99.3x), Avg.  4.09 us, Total. 5.970 ms (0.0%)
[Performance] EditorApplication.update: UnityEditor.PackageManager.UI.Internal.ApplicationProxy.OnUpdate                                           :     1460 samples, Peak.   644 us (298.1x), Avg.  2.16 us, Total. 3.153 ms (0.0%)
[Performance] EditorApplication.update: UnityEngine.U2D.Animation.BufferManager.Update                                                             :     1460 samples, Peak.   130 us (104.7x), Avg.  1.24 us, Total. 1.812 ms (0.0%)
[Performance] EditorApplication.update: UnityEditor.SceneManagement.StageNavigationManager.Update                                                  :     1460 samples, Peak.   459 us (619.8x), Avg.   741 ns, Total. 1.081 ms (0.0%)
[Performance] ConsoleLog.Tick                                                                                                                      :       14 samples, Peak.   280 us (11.9x), Avg.  23.6 us, Total. 329.9 us (0.0%)
[Performance] HierarchyWindow.Tick                                                                                                                 :       18 samples, Peak.  7.50 ms (17.3x), Avg.   433 us, Total. 7.801 ms (0.0%)
[Performance] EditorApplication.hierarchyChanged: Unity.UIElements.Editor.UIDocumentHierarchyWatcher.OnHierarchyChanged                            :        2 samples, Peak.   142 us (2.0x), Avg.  71.4 us, Total. 142.8 us (0.0%)
[Performance] EditorApplication.hierarchyChanged: UnityEditor.Tilemaps.SceneViewGridManager.UpdateCache                                            :        2 samples, Peak.  6.56 ms (2.0x), Avg.  3.28 ms, Total. 6.565 ms (0.0%)
[Performance] EditorApplication.hierarchyChanged: UnityEditor.Tilemaps.SceneViewOpenTilePaletteHelper.SelectionChanged                             :        2 samples, Peak.  35.8 us (1.9x), Avg.  18.7 us, Total. 37.40 us (0.0%)
[Performance] EditorApplication.hierarchyChanged: UnityEditor.Tilemaps.GridPaintingState.HierarchyChanged                                          :        2 samples, Peak.   170 us (2.0x), Avg.  85.9 us, Total. 171.9 us (0.0%)
[Performance] Inspector.Tick                                                                                                                       :       18 samples, Peak.   164 ms (17.9x), Avg.  9.16 ms, Total. 164.9 ms (0.2%)
[Performance] EditorApplication.delayCall: UnityEditor.ShortcutManagement.ShortcutIntegration.EnsureShortcutsAreInitialized                        :        1 samples, Peak.  46.1 ms (1.0x), Avg.  46.1 ms, Total. 46.14 ms (0.0%)
[Performance] EditorApplication.delayCall: callback in UnityEngine.InputSystem.EnhancedTouch.TouchSimulation                                       :        1 samples, Peak.  82.2 us (1.0x), Avg.  82.2 us, Total. 82.20 us (0.0%)
[Performance] EditorApplication.delayCall: UnityEngine.InputSystem.InputSystem.SetUpRemotingInternal                                               :        1 samples, Peak.  8.22 ms (1.0x), Avg.  8.22 ms, Total. 8.224 ms (0.0%)
[Performance] EditorApplication.delayCall: UnityEngine.InputSystem.InputSystem.ShowRestartWarning                                                  :        1 samples, Peak.  9.82 ms (1.0x), Avg.  9.82 ms, Total. 9.816 ms (0.0%)
[Performance] EditorApplication.delayCall: Nytherion.Editor.ChainIgnitionSkillSetup.SetupIfMissing                                                 :       18 samples, Peak.   355 us (16.4x), Avg.  21.6 us, Total. 389.4 us (0.0%)
[Performance] EditorApplication.delayCall: callback in Nytherion.Editor.RelicGachaSync                                                             :        1 samples, Peak.  53.5 ms (1.0x), Avg.  53.5 ms, Total. 53.46 ms (0.0%)
[Performance] EditorApplication.delayCall: Nytherion.Editor.BlastCompanionRelicSetup.TryAutomaticSetup                                             :        1 samples, Peak.   242 us (1.0x), Avg.   242 us, Total. 242.0 us (0.0%)
[Performance] EditorApplication.delayCall: Nytherion.Editor.OpapaRelicSetup.TryAutomaticSetup                                                      :        1 samples, Peak.   162 us (1.0x), Avg.   162 us, Total. 162.3 us (0.0%)
[Performance] EditorApplication.delayCall: Nytherion.Editor.PyroTankSkillSetup.SetupIfMissing                                                      :       18 samples, Peak.   135 us (12.1x), Avg.  11.1 us, Total. 200.7 us (0.0%)
[Performance] EditorApplication.delayCall: Nytherion.Editor.RootiRelicSetup.TryAutomaticSetup                                                      :       18 samples, Peak.   206 us (15.4x), Avg.  13.4 us, Total. 240.8 us (0.0%)
[Performance] EditorApplication.delayCall: callback in Nytherion.Editor.GenerateSkillRelics                                                        :        1 samples, Peak.  43.6 ms (1.0x), Avg.  43.6 ms, Total. 43.64 ms (0.0%)
[Performance] EditorApplication.delayCall: Nytherion.Editor.BoomMakerRelicSetup.TryAutomaticSetup                                                  :        1 samples, Peak.   220 us (1.0x), Avg.   220 us, Total. 219.5 us (0.0%)
[Performance] EditorApplication.delayCall: callback in UnityEditor.AI.NavMeshEditorHelpers                                                         :        1 samples, Peak.  60.1 us (1.0x), Avg.  60.1 us, Total. 60.10 us (0.0%)
[Performance] EditorApplication.delayCall: callback in UnityEditor.EditorTools.ToolShortcutContext                                                 :        1 samples, Peak.   519 us (1.0x), Avg.   519 us, Total. 519.4 us (0.0%)
[Performance] EditorApplication.delayCall: callback in UnityEditor.SceneVisibilityManager                                                          :        1 samples, Peak.   108 us (1.0x), Avg.   108 us, Total. 108.5 us (0.0%)
[Performance] EditorApplication.delayCall: callback in UnityEditor.EditorWindow                                                                    :        1 samples, Peak.  52.4 us (1.0x), Avg.  52.4 us, Total. 52.40 us (0.0%)
[Performance] EditorApplication.delayCall: UnityEditor.EditorTools.EditorToolContext.Activate                                                      :        1 samples, Peak.   900 ns (1.0x), Avg.   900 ns, Total. 900.0 ns (0.0%)
[Performance] Tooltip.Tick                                                                                                                         :       47 samples, Peak.  98.8 us (36.9x), Avg.  2.68 us, Total. 125.9 us (0.0%)
[Performance] Application.RequestRepaintForPanels                                                                                                  :     1460 samples, Peak.   536 us (149.3x), Avg.  3.59 us, Total. 5.242 ms (0.0%)
[Performance] Application.UpdateScene                                                                                                              :     1460 samples, Peak.   222 ms (262.2x), Avg.   848 us, Total. 1.239 s (1.1%)
[Performance] PackageImporter.Tick                                                                                                                 :       13 samples, Peak.   900 ns (2.1x), Avg.   423 ns, Total. 5.500 us (0.0%)
[Performance] InspectorBackground.Tick                                                                                                             :       17 samples, Peak.  2.70 us (2.4x), Avg.  1.12 us, Total. 19.00 us (0.0%)
[Performance] BurstDebug.Tick                                                                                                                      :        6 samples, Peak.   700 ns (1.2x), Avg.   567 ns, Total. 3.400 us (0.0%)
[Performance] Application.ChangeLayoutIfNeeded                                                                                                     :     1460 samples, Peak.   600 ns (7.1x), Avg.  84.6 ns, Total. 123.5 us (0.0%)
[Performance] AsyncReadManager.ForceCloseFiles                                                                                                     :        3 samples, Peak.   116 us (2.1x), Avg.  55.9 us, Total. 167.8 us (0.0%)
[Performance] Application.Shutdown.SaveDefaultWindowPreferences                                                                                    :        1 samples, Peak.   188 us (1.0x), Avg.   188 us, Total. 187.6 us (0.0%)
[Performance] Application.Shutdown.SaveSceneManagerSetup                                                                                           :        1 samples, Peak.   494 us (1.0x), Avg.   494 us, Total. 493.5 us (0.0%)
[Performance] Application.Shutdown.CleanupAllContainerWindows                                                                                      :        1 samples, Peak.  1.30 us (1.0x), Avg.  1.30 us, Total. 1.300 us (0.0%)
[Performance] EditorApplication.quitting: Unity.Burst.Editor.BurstLoader.OnEditorApplicationQuitting                                               :        1 samples, Peak.  51.2 us (1.0x), Avg.  51.2 us, Total. 51.20 us (0.0%)
[Performance] EditorApplication.quitting: UnityEditor.Tilemaps.SceneViewGridManager.EditorQuitting                                                 :        1 samples, Peak.   125 us (1.0x), Avg.   125 us, Total. 124.6 us (0.0%)
[Performance] EditorApplication.quitting: callback in UnityEditor.TextCore.Text.EditorEventCallbacks                                               :        1 samples, Peak.  17.7 ms (1.0x), Avg.  17.7 ms, Total. 17.71 ms (0.0%)
[Performance] Application.Shutdown.PauseProfilerSession                                                                                            :        1 samples, Peak.  28.8 us (1.0x), Avg.  28.8 us, Total. 28.80 us (0.0%)
[Performance] Application.Shutdown.PauseAssetImportWorkers                                                                                         :        1 samples, Peak.   613 us (1.0x), Avg.   613 us, Total. 612.5 us (0.0%)
[Performance] Application.Shutdown.SaveAssets                                                                                                      :        1 samples, Peak.  15.2 ms (1.0x), Avg.  15.2 ms, Total. 15.24 ms (0.0%)
[Performance] PaletteAssetModificationProcessor.OnWillSaveAssets                                                                                   :        1 samples, Peak.  1.11 ms (1.0x), Avg.  1.11 ms, Total. 1.107 ms (0.0%)
[Performance] StateMacroSavedEvent.OnWillSaveAssets                                                                                                :        1 samples, Peak.   233 us (1.0x), Avg.   233 us, Total. 232.8 us (0.0%)
[Performance] FlowMacroSavedEvent.OnWillSaveAssets                                                                                                 :        1 samples, Peak.   172 us (1.0x), Avg.   172 us, Total. 172.2 us (0.0%)
[Performance] AssetModificationProcessor.OnWillSaveAssets                                                                                          :        1 samples, Peak.   464 us (1.0x), Avg.   464 us, Total. 463.9 us (0.0%)
[Performance] UnityCloudProjectLinkMonitor.OnWillSaveAssets                                                                                        :        1 samples, Peak.   401 us (1.0x), Avg.   401 us, Total. 401.4 us (0.0%)
[Performance] BuilderAssetModificationProcessor.OnWillSaveAssets                                                                                   :        1 samples, Peak.   515 us (1.0x), Avg.   515 us, Total. 514.9 us (0.0%)
[Performance] TerrainModificationProcessor.OnWillSaveAssets                                                                                        :        1 samples, Peak.  1.47 ms (1.0x), Avg.  1.47 ms, Total. 1.465 ms (0.0%)
[Performance] Application.Shutdown.CleanupRenderPipeline                                                                                           :        1 samples, Peak.  22.0 us (1.0x), Avg.  22.0 us, Total. 22.00 us (0.0%)
[Performance] Application.Shutdown.StopPreloadManager                                                                                              :        1 samples, Peak.  9.91 ms (1.0x), Avg.  9.91 ms, Total. 9.909 ms (0.0%)
[Performance] Application.Shutdown.DestroyWorld                                                                                                    :        1 samples, Peak.  51.1 ms (1.0x), Avg.  51.1 ms, Total. 51.14 ms (0.0%)
[Performance] Application.Shutdown.CleanupAfterLoad                                                                                                :        1 samples, Peak.   282 ms (1.0x), Avg.   282 ms, Total. 281.9 ms (0.3%)
[Performance] Application.Shutdown.Progress                                                                                                        :        1 samples, Peak.  7.20 us (1.0x), Avg.  7.20 us, Total. 7.200 us (0.0%)
[Performance] Application.Shutdown.GICleanupManagers                                                                                               :        1 samples, Peak.   523 us (1.0x), Avg.   523 us, Total. 523.5 us (0.0%)
[Performance] Application.Shutdown.MenuCleanupClass                                                                                                :        1 samples, Peak.   372 us (1.0x), Avg.   372 us, Total. 372.5 us (0.0%)
[Performance] Application.Shutdown.ADBSaveStateBeforeShutdown                                                                                      :        1 samples, Peak.  6.30 us (1.0x), Avg.  6.30 us, Total. 6.300 us (0.0%)
[Performance] Application.Shutdown.RemoteShutdown                                                                                                  :        1 samples, Peak.   800 ns (1.0x), Avg.   800 ns, Total. 800.0 ns (0.0%)
[Performance] Application.Shutdown.CleanupVCProvider                                                                                               :        1 samples, Peak.  9.00 us (1.0x), Avg.  9.00 us, Total. 9.000 us (0.0%)
[Performance] Application.Shutdown.InputShutdown                                                                                                   :        1 samples, Peak.   400 ns (1.0x), Avg.   400 ns, Total. 400.0 ns (0.0%)
[Performance] Application.Shutdown.GizmoManagerDestroy                                                                                             :        1 samples, Peak.   617 us (1.0x), Avg.   617 us, Total. 617.3 us (0.0%)
[Performance] Application.Shutdown.ProfilerSession                                                                                                 :        1 samples, Peak.   136 us (1.0x), Avg.   136 us, Total. 135.6 us (0.0%)
[Performance] Application.Shutdown.ReleaseGfxWindowOnAllGUIViews                                                                                   :        1 samples, Peak.   300 ns (1.0x), Avg.   300 ns, Total. 300.0 ns (0.0%)
[Performance] Application.Shutdown.CleanupEngine                                                                                                   :        1 samples, Peak.   173 ms (1.0x), Avg.   173 ms, Total. 173.1 ms (0.2%)
[Performance] Application.Shutdown.CleanupAssetDatabase                                                                                            :        1 samples, Peak.  21.5 ms (1.0x), Avg.  21.5 ms, Total. 21.48 ms (0.0%)
[Performance] Application.Shutdown.ScriptCompilationCleanUp                                                                                        :        1 samples, Peak.  21.3 ms (1.0x), Avg.  21.3 ms, Total. 21.31 ms (0.0%)
[Performance] Application.Shutdown.DestroyJobSystem                                                                                                :        1 samples, Peak.  1.29 ms (1.0x), Avg.  1.29 ms, Total. 1.294 ms (0.0%)
[Performance] Application.Shutdown.CleanupPersistentManager                                                                                        :        1 samples, Peak.  4.79 ms (1.0x), Avg.  4.79 ms, Total. 4.791 ms (0.0%)
[Performance] Application.Shutdown.CleanupAsyncReadManager                                                                                         :        1 samples, Peak.   250 us (1.0x), Avg.   250 us, Total. 250.0 us (0.0%)
[Performance] Application.Shutdown.CleanupProgressBar                                                                                              :        1 samples, Peak.   300 ns (1.0x), Avg.   300 ns, Total. 300.0 ns (0.0%)
[Performance] Application.Shutdown.CleanupMono                                                                                                     :        1 samples, Peak.   314 ms (1.0x), Avg.   314 ms, Total. 313.7 ms (0.3%)
[Performance] Application.Shutdown.CleanupStdConverters                                                                                            :        1 samples, Peak.  51.9 us (1.0x), Avg.  51.9 us, Total. 51.90 us (0.0%)
[Performance] Application.Shutdown.UnloadAllPlatformSupportModuleNativeDlls                                                                        :        1 samples, Peak.  1.20 us (1.0x), Avg.  1.20 us, Total. 1.200 us (0.0%)
[Performance] Application.Shutdown.UnloadAllPlatformSupportNativeLibraries                                                                         :        1 samples, Peak.   200 ns (1.0x), Avg.   200 ns, Total. 200.0 ns (0.0%)
[Performance] Application.Shutdown.CleanupAutoDocumentation                                                                                        :        1 samples, Peak.   547 us (1.0x), Avg.   547 us, Total. 546.6 us (0.0%)
[Performance] Application.Shutdown.ShaderNameManagerDestroy                                                                                        :        1 samples, Peak.  63.9 us (1.0x), Avg.  63.9 us, Total. 63.90 us (0.0%)
[Performance] Application.Shutdown.CleanupCacheServer                                                                                              :        1 samples, Peak.   200 ns (1.0x), Avg.   200 ns, Total. 200.0 ns (0.0%)
[Performance] Application.Shutdown.Virtualization_Shutdown                                                                                         :        1 samples, Peak.   300 ns (1.0x), Avg.   300 ns, Total. 300.0 ns (0.0%)
[Performance] Application.Shutdown.DevConnections                                                                                                  :        1 samples, Peak.  90.2 us (1.0x), Avg.  90.2 us, Total. 90.20 us (0.0%)
Checking for leaked weakptr:
  Found no leaked weakptrs.
[Package Manager] Server::Kill -- Server was shutdown
Memory Statistics:
[ALLOC_TEMP_TLS] TLS Allocator
  StackAllocators : 
    [ALLOC_TEMP_CurlRequest]
      Initial Block Size 64.0 KB
      Current Block Size 64.0 KB
      Peak Allocated Bytes 0 B
      Overflow Count 0
    [ALLOC_TEMP_MAIN]
      Peak usage frame count: [4.0 KB-8.0 KB]: 1457 frames, [8.0 KB-16.0 KB]: 1 frames, [4.0 MB-8.0 MB]: 1 frames, [8.0 MB-16.0 MB]: 1 frames
      Initial Block Size 16.0 MB
      Current Block Size 29.3 MB
      Peak Allocated Bytes 14.6 MB
      Overflow Count 0
    [ALLOC_TEMP_Background Job.Worker 8]
      Initial Block Size 32.0 KB
      Current Block Size 32.0 KB
      Peak Allocated Bytes 54 B
      Overflow Count 0
    [ALLOC_TEMP_Job.Worker 4]
      Initial Block Size 256.0 KB
      Current Block Size 1.0 MB
      Peak Allocated Bytes 1.0 MB
      Overflow Count 1
    [ALLOC_TEMP_AUDIO_FMOD mixer thread]
      Initial Block Size 64.0 KB
      Current Block Size 64.0 KB
      Peak Allocated Bytes 54 B
      Overflow Count 0
    [ALLOC_TEMP_BakingJobs.Worker 5]
      Initial Block Size 256.0 KB
      Current Block Size 256.0 KB
      Peak Allocated Bytes 54 B
      Overflow Count 0
    [ALLOC_TEMP_Background Job.Worker 11]
      Initial Block Size 32.0 KB
      Current Block Size 32.0 KB
      Peak Allocated Bytes 54 B
      Overflow Count 0
    [ALLOC_TEMP_Background Job.Worker 3]
      Initial Block Size 32.0 KB
      Current Block Size 32.0 KB
      Peak Allocated Bytes 54 B
      Overflow Count 0
    [ALLOC_TEMP_BatchDeleteObjects]
      Initial Block Size 64.0 KB
      Current Block Size 64.0 KB
      Peak Allocated Bytes 54 B
      Overflow Count 0
    [ALLOC_TEMP_CoreBusinessMetricsCache]
      Initial Block Size 64.0 KB
      Current Block Size 64.0 KB
      Peak Allocated Bytes 8.0 KB
      Overflow Count 0
    [ALLOC_TEMP_REST Message Handler]
      Initial Block Size 64.0 KB
      Current Block Size 64.0 KB
      Peak Allocated Bytes 54 B
      Overflow Count 0
    [ALLOC_TEMP_AssetDatabase.IOService]
      Initial Block Size 64.0 KB
      Current Block Size 64.0 KB
      Peak Allocated Bytes 54 B
      Overflow Count 0
    [ALLOC_TEMP_Background Job.Worker 2]
      Initial Block Size 32.0 KB
      Current Block Size 32.0 KB
      Peak Allocated Bytes 1.4 KB
      Overflow Count 0
    [ALLOC_TEMP_Job.Worker 10]
      Initial Block Size 256.0 KB
      Current Block Size 256.0 KB
      Peak Allocated Bytes 162.6 KB
      Overflow Count 1
    [ALLOC_TEMP_Loading.PreloadManager] x 2
      Initial Block Size 32.0 MB
      Current Block Size 54.4 MB
      Peak Allocated Bytes 39.5 MB
      Overflow Count 0
    [ALLOC_TEMP_Profiler.Dispatcher]
      Initial Block Size 64.0 KB
      Current Block Size 64.0 KB
      Peak Allocated Bytes 0 B
      Overflow Count 0
    [ALLOC_TEMP_Job.Worker 3]
      Initial Block Size 256.0 KB
      Current Block Size 1.0 MB
      Peak Allocated Bytes 1.0 MB
      Overflow Count 0
    [ALLOC_TEMP_Background Job.Worker 5]
      Initial Block Size 32.0 KB
      Current Block Size 32.0 KB
      Peak Allocated Bytes 54 B
      Overflow Count 0
    [ALLOC_TEMP_CurlRequest]
      Initial Block Size 64.0 KB
      Current Block Size 64.0 KB
      Peak Allocated Bytes 0 B
      Overflow Count 0
    [ALLOC_TEMP_Background Job.Worker 13]
      Initial Block Size 32.0 KB
      Current Block Size 32.0 KB
      Peak Allocated Bytes 54 B
      Overflow Count 0
    [ALLOC_TEMP_Job.Worker 2]
      Initial Block Size 256.0 KB
      Current Block Size 1.0 MB
      Peak Allocated Bytes 1.0 MB
      Overflow Count 1
    [ALLOC_TEMP_Background Job.Worker 9]
      Initial Block Size 32.0 KB
      Current Block Size 32.0 KB
      Peak Allocated Bytes 54 B
      Overflow Count 0
    [ALLOC_TEMP_Job.Worker 0]
      Initial Block Size 256.0 KB
      Current Block Size 324.0 KB
      Peak Allocated Bytes 216.0 KB
      Overflow Count 1
    [ALLOC_TEMP_Job.Worker 5]
      Initial Block Size 256.0 KB
      Current Block Size 1.0 MB
      Peak Allocated Bytes 1.0 MB
      Overflow Count 1
    [ALLOC_TEMP_ReadCacheIndex] x 2
      Initial Block Size 64.0 KB
      Current Block Size 64.0 KB
      Peak Allocated Bytes 0.7 KB
      Overflow Count 0
    [ALLOC_TEMP_EnlightenWorker] x 12
      Initial Block Size 64.0 KB
      Current Block Size 64.0 KB
      Peak Allocated Bytes 54 B
      Overflow Count 0
    [ALLOC_TEMP_DirMonitor]
      Initial Block Size 64.0 KB
      Current Block Size 64.0 KB
      Peak Allocated Bytes 0.9 KB
      Overflow Count 0
    [ALLOC_TEMP_Job.Worker 9]
      Initial Block Size 256.0 KB
      Current Block Size 256.0 KB
      Peak Allocated Bytes 69.7 KB
      Overflow Count 1
    [ALLOC_TEMP_Job.Worker 6]
      Initial Block Size 256.0 KB
      Current Block Size 256.0 KB
      Peak Allocated Bytes 117.9 KB
      Overflow Count 1
    [ALLOC_TEMP_BakingJobs.Worker 1]
      Initial Block Size 256.0 KB
      Current Block Size 256.0 KB
      Peak Allocated Bytes 0.6 KB
      Overflow Count 0
    [ALLOC_TEMP_Loading.AsyncRead]
      Initial Block Size 64.0 KB
      Current Block Size 64.0 KB
      Peak Allocated Bytes 128 B
      Overflow Count 0
    [ALLOC_TEMP_Background Job.Worker 10]
      Initial Block Size 32.0 KB
      Current Block Size 32.0 KB
      Peak Allocated Bytes 54 B
      Overflow Count 0
    [ALLOC_TEMP_Background Job.Worker 6]
      Initial Block Size 32.0 KB
      Current Block Size 32.0 KB
      Peak Allocated Bytes 54 B
      Overflow Count 0
    [ALLOC_TEMP_AUDIO_FMOD (WASAPI) feeder thread]
      Initial Block Size 64.0 KB
      Current Block Size 64.0 KB
      Peak Allocated Bytes 168 B
      Overflow Count 0
    [ALLOC_TEMP_Background Job.Worker 1]
      Initial Block Size 32.0 KB
      Current Block Size 248.0 KB
      Peak Allocated Bytes 191.5 KB
      Overflow Count 2
    [ALLOC_TEMP_AUDIO_FMOD stream thread]
      Initial Block Size 64.0 KB
      Current Block Size 64.0 KB
      Peak Allocated Bytes 54 B
      Overflow Count 0
    [ALLOC_TEMP_BakingJobs.Worker 2]
      Initial Block Size 256.0 KB
      Current Block Size 256.0 KB
      Peak Allocated Bytes 54 B
      Overflow Count 0
    [ALLOC_TEMP_Background Job.Worker 7]
      Initial Block Size 32.0 KB
      Current Block Size 32.0 KB
      Peak Allocated Bytes 54 B
      Overflow Count 0
    [ALLOC_TEMP_Job.Worker 8]
      Initial Block Size 256.0 KB
      Current Block Size 272.0 KB
      Peak Allocated Bytes 181.6 KB
      Overflow Count 1
    [ALLOC_TEMP_Job.Worker 1]
      Initial Block Size 256.0 KB
      Current Block Size 1.0 MB
      Peak Allocated Bytes 1.0 MB
      Overflow Count 1
    [ALLOC_TEMP_BakingJobs.Worker 0]
      Initial Block Size 256.0 KB
      Current Block Size 256.0 KB
      Peak Allocated Bytes 54 B
      Overflow Count 0
    [ALLOC_TEMP_BakingJobs.Worker 3]
      Initial Block Size 256.0 KB
      Current Block Size 256.0 KB
      Peak Allocated Bytes 54 B
      Overflow Count 0
    [ALLOC_TEMP_EditorTaskManager]
      Initial Block Size 64.0 KB
      Current Block Size 68.0 KB
      Peak Allocated Bytes 64.0 KB
      Overflow Count 0
    [ALLOC_TEMP_Background Job.Worker 15]
      Initial Block Size 32.0 KB
      Current Block Size 32.0 KB
      Peak Allocated Bytes 54 B
      Overflow Count 0
    [ALLOC_TEMP_BakingJobs.Worker 4]
      Initial Block Size 256.0 KB
      Current Block Size 256.0 KB
      Peak Allocated Bytes 54 B
      Overflow Count 0
    [ALLOC_TEMP_Background Job.Worker 12]
      Initial Block Size 32.0 KB
      Current Block Size 32.0 KB
      Peak Allocated Bytes 54 B
      Overflow Count 0
    [ALLOC_TEMP_HTTP REST Server]
      Initial Block Size 64.0 KB
      Current Block Size 64.0 KB
      Peak Allocated Bytes 152 B
      Overflow Count 0
    [ALLOC_TEMP_AssetGarbageCollectorHelper] x 11
      Initial Block Size 64.0 KB
      Current Block Size 64.0 KB
      Peak Allocated Bytes 0 B
      Overflow Count 0
    [ALLOC_TEMP_Background Job.Worker 0]
      Initial Block Size 32.0 KB
      Current Block Size 32.0 KB
      Peak Allocated Bytes 54 B
      Overflow Count 0
    [ALLOC_TEMP_Background Job.Worker 4]
      Initial Block Size 32.0 KB
      Current Block Size 32.0 KB
      Peak Allocated Bytes 54 B
      Overflow Count 0
    [ALLOC_TEMP_Background Job.Worker 14]
      Initial Block Size 32.0 KB
      Current Block Size 32.0 KB
      Peak Allocated Bytes 54 B
      Overflow Count 0
    [ALLOC_TEMP_Job.Worker 7]
      Initial Block Size 256.0 KB
      Current Block Size 256.0 KB
      Peak Allocated Bytes 140.9 KB
      Overflow Count 1
    [ALLOC_TEMP_CloudJob.Worker 0]
      Initial Block Size 32.0 KB
      Current Block Size 32.0 KB
      Peak Allocated Bytes 5.0 KB
      Overflow Count 0
[ALLOC_MEMORYPROFILER]
  Peak usage frame count: [1.0 MB-2.0 MB]: 1460 frames
  Requested Block Size 1.0 MB
  Peak Block count 2
  Peak Allocated memory 1.3 MB
  Peak Large allocation bytes 0 B
[ALLOC_DEFAULT] Dual Thread Allocator
  Peak main deferred allocation count 4433
    [ALLOC_BUCKET]
      Large Block size 32.0 MB
      Used Block count 2
      Peak Allocated bytes 20.2 MB
    [ALLOC_DEFAULT_MAIN]
      Peak usage frame count: [128.0 MB-256.0 MB]: 1460 frames
      Requested Block Size 16.0 MB
      Peak Block count 14
      Peak Allocated memory 241.6 MB
      Peak Large allocation bytes 43.6 MB
    [ALLOC_DEFAULT_THREAD]
      Peak usage frame count: [8.0 MB-16.0 MB]: 1459 frames, [128.0 MB-256.0 MB]: 1 frames
      Requested Block Size 16.0 MB
      Peak Block count 2
      Peak Allocated memory 128.3 MB
      Peak Large allocation bytes 128.0 MB
[ALLOC_TEMP_JOB_1_FRAME]
  Initial Block Size 2.0 MB
  Used Block Count 0
  Overflow Count (too large) 0
  Overflow Count (full) 0
[ALLOC_TEMP_JOB_2_FRAMES]
  Initial Block Size 2.0 MB
  Used Block Count 0
  Overflow Count (too large) 0
  Overflow Count (full) 0
[ALLOC_TEMP_JOB_4_FRAMES (JobTemp)]
  Initial Block Size 2.0 MB
  Used Block Count 1
  Overflow Count (too large) 0
  Overflow Count (full) 0
[ALLOC_TEMP_JOB_ASYNC (Background)]
  Initial Block Size 1.0 MB
  Used Block Count 1
  Overflow Count (too large) 5
  Overflow Count (full) 0
[ALLOC_GFX] Dual Thread Allocator
  Peak main deferred allocation count 54
    [ALLOC_BUCKET]
      Large Block size 32.0 MB
      Used Block count 2
      Peak Allocated bytes 20.2 MB
    [ALLOC_GFX_MAIN]
      Peak usage frame count: [32.0 MB-64.0 MB]: 1460 frames
      Requested Block Size 16.0 MB
      Peak Block count 3
      Peak Allocated memory 41.4 MB
      Peak Large allocation bytes 0 B
    [ALLOC_GFX_THREAD]
      Peak usage frame count: [32.0 MB-64.0 MB]: 1460 frames
      Requested Block Size 16.0 MB
      Peak Block count 1
      Peak Allocated memory 32.1 MB
      Peak Large allocation bytes 32.0 MB
[ALLOC_CACHEOBJECTS] Dual Thread Allocator
  Peak main deferred allocation count 3342
    [ALLOC_BUCKET]
      Large Block size 32.0 MB
      Used Block count 2
      Peak Allocated bytes 20.2 MB
    [ALLOC_CACHEOBJECTS_MAIN]
      Peak usage frame count: [32.0 MB-64.0 MB]: 1459 frames, [64.0 MB-128.0 MB]: 1 frames
      Requested Block Size 4.0 MB
      Peak Block count 35
      Peak Allocated memory 93.4 MB
      Peak Large allocation bytes 25.0 MB
    [ALLOC_CACHEOBJECTS_THREAD]
      Peak usage frame count: [16.0 MB-32.0 MB]: 1459 frames, [32.0 MB-64.0 MB]: 1 frames
      Requested Block Size 4.0 MB
      Peak Block count 9
      Peak Allocated memory 50.5 MB
      Peak Large allocation bytes 15.1 MB
[ALLOC_TYPETREE] Dual Thread Allocator
  Peak main deferred allocation count 4168
    [ALLOC_BUCKET]
      Large Block size 32.0 MB
      Used Block count 2
      Peak Allocated bytes 20.2 MB
    [ALLOC_TYPETREE_MAIN]
      Peak usage frame count: [2.0 MB-4.0 MB]: 1459 frames, [32.0 MB-64.0 MB]: 1 frames
      Requested Block Size 2.0 MB
      Peak Block count 20
      Peak Allocated memory 36.2 MB
      Peak Large allocation bytes 0 B
    [ALLOC_TYPETREE_THREAD]
      Peak usage frame count: [0.5 MB-1.0 MB]: 1459 frames, [8.0 MB-16.0 MB]: 1 frames
      Requested Block Size 2.0 MB
      Peak Block count 7
      Peak Allocated memory 12.5 MB
      Peak Large allocation bytes 0 B
[ALLOC_PROFILER]
  Peak usage frame count: [256.0 KB-0.5 MB]: 1460 frames
  Requested Block Size 16.0 MB
  Peak Block count 1
  Peak Allocated memory 491.4 KB
  Peak Large allocation bytes 0 B
    [ALLOC_PROFILER_BUCKET]
      Large Block size 32.0 MB
      Used Block count 1
      Peak Allocated bytes 4.5 KB
[ALLOC_PROFILER_EDITOR]
  Peak usage frame count: [0-1.0 KB]: 1460 frames
  Requested Block Size 1.0 MB
  Peak Block count 0
  Peak Allocated memory 0 B
  Peak Large allocation bytes 0 B
    [ALLOC_PROFILER_BUCKET]
      Large Block size 32.0 MB
      Used Block count 1
      Peak Allocated bytes 4.5 KB
##utp:{"type":"MemoryLeaks","version":2,"phase":"Immediate","time":1791204659366,"processId":9296,"allocatedMemory":36223582,"memoryLabels":[{"Default":20335},{"Permanent":15615},{"NewDelete":82240},{"Thread":4229188},{"Manager":31121},{"VertexData":12},{"Geometry":560},{"Texture":480},{"Shader":68850},{"Material":24},{"GfxDevice":57048},{"Animation":296},{"Audio":3928},{"FontEngine":272},{"Physics":513},{"Serialization":948},{"Input":14744},{"JobScheduler":36256},{"Mono":40},{"ScriptingNativeRuntime":191848},{"BaseObject":1627276},{"Resource":1360},{"Renderer":2304},{"Transform":16},{"File":3805},{"WebCam":96},{"Culling":40},{"Terrain":1137},{"Wind":24},{"STL":48},{"String":31462},{"DynamicArray":130446},{"HashMap":4658664},{"Utility":2662722},{"Curl":1424},{"PoolAlloc":1728},{"AI":104},{"TypeTree":78873},{"ScriptManager":640},{"RuntimeInitializeOnLoadManager":80},{"SpriteAtlas":128},{"GI":4072},{"Director":7960},{"CloudService":3880},{"WebRequest":688},{"VR":46081},{"SceneManager":568},{"Video":72},{"LazyScriptCache":40},{"NativeArray":408},{"Camera":25},{"Secure":1},{"SerializationCache":1584},{"APIUpdating":11872},{"Subsystems":392},{"VirtualTexturing":57896},{"StaticSafetyDebugInfo":327680},{"EditorGui":56},{"EditorUtility":141226},{"VersionControl":4},{"Undo":704},{"AssetDatabase":21134876},{"RestService":1414},{"EditorGi":376},{"License":3584},{"UnityConnect":25344},{"Collab":593},{"Upm":480246},{"DrivenProperties":96},{"LocalIPC":276},{"ProfilerEditor":10943},{"CoreBusinessMetrics":3850},{"AssetReference":40},{"IPCStream":40}]}
