[Licensing::Module] Trying to connect to existing licensing client channel...
[Licensing::IpcConnector] Successfully connected to: "LicenseClient-kyung" at "2026-09-29T14:08:30.5285363Z"
[Licensing::Client] Code 10 while verifying Licensing Client signature (process Id: 11648, path: "C:/Program Files/Unity Hub/UnityLicensingClient_V1/Unity.Licensing.Client.exe")
[Licensing::Module] LicensingClient has failed validation; ignoring
[Licensing::Client] Handshaking with LicensingClient:
  Version:                 1.17.4+4293ba1
  Session Id:              8b4c0c07d81e423cb5b15743da306f1d
  Correlation Id:          c33b62d914a2d3cbf1386592b4d9986d
  External correlation Id: 2241022205759834916
  Machine Id:              sgq3U92oUHjAYY2K+5R//JWuJmw=
[Licensing::Module] Successfully connected to LicensingClient on channel: "LicenseClient-kyung" (connect: 0.00s, validation: 0.01s, handshake: 0.10s)
[Licensing::IpcConnector] Successfully connected to: "LicenseClient-kyung-notifications" at "2026-09-29T14:08:30.637547Z"
[Licensing::Module] Error: Access token is unavailable; failed to update
[Licensing::Client] Successfully updated license
Built from '2022.3/respin/2022.3.62f2-4af31df585-v2' branch; Version is '2022.3.62f2 (7670c08855a9) revision 7762112'; Using compiler version '192829333'; Build Type 'Release'
OS: 'Windows 10  (10.0.19045) 64bit Core' Language: 'ko' Physical Memory: 24514 MB
[Licensing::Client] Successfully resolved entitlement details
[Licensing::Module] Serial number assigned to: "F4-6RG9-4KD6-T4HW-2SXE-XXXX"
[Licensing::Module] Serial number assigned to: "14568601583659-UnityPersXXXX"
BatchMode: 1, IsHumanControllingUs: 0, StartBugReporterOnCrash: 0, Is64bit: 1, IsPro: 0
[Licensing::Client] Successfully resolved entitlement details
[Licensing::Module] Serial number assigned to: "F4-6RG9-4KD6-T4HW-2SXE-XXXX"
[Licensing::Module] Serial number assigned to: "14568601583659-UnityPersXXXX"

COMMAND LINE ARGUMENTS:
C:\Program Files\Unity\Hub\Editor\2022.3.62f2\Editor\Unity.exe
-batchmode
-nographics
-projectPath
C:\Users\kyung\AppData\Local\Temp\nytherion-all-skills-verification-20260928
-executeMethod
Nytherion.Editor.RootiUpgradeVerification.RunBatch
-logFile
C:/RoguelikePrototype/output/rooti-upgrades/unity-batch-final.log
Successfully changed project path to: C:\Users\kyung\AppData\Local\Temp\nytherion-all-skills-verification-20260928
C:/Users/kyung/AppData/Local/Temp/nytherion-all-skills-verification-20260928
[UnityMemory] Configuration Parameters - Can be set up in boot.config
    "memorysetup-bucket-allocator-granularity=16"
    "memorysetup-bucket-allocator-bucket-count=8"
    "memorysetup-bucket-allocator-block-size=33554432"
    "memorysetup-bucket-allocator-block-count=8"
    "memorysetup-main-allocator-block-size=16777216"
    "memorysetup-thread-allocator-block-size=16777216"
    "memorysetup-gfx-main-allocator-block-size=16777216"
    "memorysetup-gfx-thread-allocator-block-size=16777216"
    "memorysetup-cache-allocator-block-size=4194304"
    "memorysetup-typetree-allocator-block-size=2097152"
    "memorysetup-profiler-bucket-allocator-granularity=16"
    "memorysetup-profiler-bucket-allocator-bucket-count=8"
    "memorysetup-profiler-bucket-allocator-block-size=33554432"
    "memorysetup-profiler-bucket-allocator-block-count=8"
    "memorysetup-profiler-allocator-block-size=16777216"
    "memorysetup-profiler-editor-allocator-block-size=1048576"
    "memorysetup-temp-allocator-size-main=16777216"
    "memorysetup-job-temp-allocator-block-size=2097152"
    "memorysetup-job-temp-allocator-block-size-background=1048576"
    "memorysetup-job-temp-allocator-reduction-small-platforms=262144"
    "memorysetup-allocator-temp-initial-block-size-main=262144"
    "memorysetup-allocator-temp-initial-block-size-worker=262144"
    "memorysetup-temp-allocator-size-background-worker=32768"
    "memorysetup-temp-allocator-size-job-worker=262144"
    "memorysetup-temp-allocator-size-preload-manager=33554432"
    "memorysetup-temp-allocator-size-nav-mesh-worker=65536"
    "memorysetup-temp-allocator-size-audio-worker=65536"
    "memorysetup-temp-allocator-size-cloud-worker=32768"
    "memorysetup-temp-allocator-size-gi-baking-worker=262144"
    "memorysetup-temp-allocator-size-gfx=262144"
Player connection [25248]  Target information:

Player connection [25248]  * "[IP] 192.168.0.14 [Port] 55505 [Flags] 2 [Guid] 646002470 [EditorId] 646002470 [Version] 1048832 [Id] WindowsEditor(7,DESKTOP-HR3SF2C) [Debug] 1 [PackageName] WindowsEditor [ProjectName] Editor" 

Player connection [25248] Host joined multi-casting on [225.0.0.222:54997]...
Player connection [25248] Host joined alternative multi-casting on [225.0.0.222:34997]...
Input System module state changed to: Initialized.
[PhysX] Initialized MultithreadedTaskDispatcher with 12 workers.
[Package Manager] UpmClient::Connect -- Connected to IPC stream "Upm-37512" after 0.9 seconds.
[Package Manager] Restoring resolved packages state from cache
[Licensing::Client] Successfully resolved entitlement details
[Package Manager] Registered 68 packages:
  Packages from [https://package.openupm.com]:
    jp.hadashikick.vcontainer@1.17.0 (location: C:\Users\kyung\AppData\Local\Temp\nytherion-all-skills-verification-20260928\Library\PackageCache\jp.hadashikick.vcontainer@1.17.0)
  Packages from [https://packages.unity.com]:
    com.unity.2d.animation@9.2.2 (location: C:\Users\kyung\AppData\Local\Temp\nytherion-all-skills-verification-20260928\Library\PackageCache\com.unity.2d.animation@9.2.2)
    com.unity.2d.aseprite@1.1.11 (location: C:\Users\kyung\AppData\Local\Temp\nytherion-all-skills-verification-20260928\Library\PackageCache\com.unity.2d.aseprite@1.1.11)
    com.unity.ai.navigation@1.1.7 (location: C:\Users\kyung\AppData\Local\Temp\nytherion-all-skills-verification-20260928\Library\PackageCache\com.unity.ai.navigation@1.1.7)
    com.unity.collab-proxy@2.8.2 (location: C:\Users\kyung\AppData\Local\Temp\nytherion-all-skills-verification-20260928\Library\PackageCache\com.unity.collab-proxy@2.8.2)
    com.unity.ide.rider@3.0.36 (location: C:\Users\kyung\AppData\Local\Temp\nytherion-all-skills-verification-20260928\Library\PackageCache\com.unity.ide.rider@3.0.36)
    com.unity.ide.visualstudio@2.0.22 (location: C:\Users\kyung\AppData\Local\Temp\nytherion-all-skills-verification-20260928\Library\PackageCache\com.unity.ide.visualstudio@2.0.22)
    com.unity.inputsystem@1.14.0 (location: C:\Users\kyung\AppData\Local\Temp\nytherion-all-skills-verification-20260928\Library\PackageCache\com.unity.inputsystem@1.14.0)
    com.unity.localization@1.4.3 (location: C:\Users\kyung\AppData\Local\Temp\nytherion-all-skills-verification-20260928\Library\PackageCache\com.unity.localization@1.4.3)
    com.unity.nuget.newtonsoft-json@3.2.1 (location: C:\Users\kyung\AppData\Local\Temp\nytherion-all-skills-verification-20260928\Library\PackageCache\com.unity.nuget.newtonsoft-json@3.2.1)
    com.unity.test-framework@1.1.33 (location: C:\Users\kyung\AppData\Local\Temp\nytherion-all-skills-verification-20260928\Library\PackageCache\com.unity.test-framework@1.1.33)
    com.unity.textmeshpro@3.0.7 (location: C:\Users\kyung\AppData\Local\Temp\nytherion-all-skills-verification-20260928\Library\PackageCache\com.unity.textmeshpro@3.0.7)
    com.unity.timeline@1.7.7 (location: C:\Users\kyung\AppData\Local\Temp\nytherion-all-skills-verification-20260928\Library\PackageCache\com.unity.timeline@1.7.7)
    com.unity.visualscripting@1.9.4 (location: C:\Users\kyung\AppData\Local\Temp\nytherion-all-skills-verification-20260928\Library\PackageCache\com.unity.visualscripting@1.9.4)
    com.unity.ext.nunit@1.0.6 (location: C:\Users\kyung\AppData\Local\Temp\nytherion-all-skills-verification-20260928\Library\PackageCache\com.unity.ext.nunit@1.0.6)
    com.unity.mathematics@1.2.6 (location: C:\Users\kyung\AppData\Local\Temp\nytherion-all-skills-verification-20260928\Library\PackageCache\com.unity.mathematics@1.2.6)
    com.unity.burst@1.8.21 (location: C:\Users\kyung\AppData\Local\Temp\nytherion-all-skills-verification-20260928\Library\PackageCache\com.unity.burst@1.8.21)
    com.unity.addressables@1.22.3 (location: C:\Users\kyung\AppData\Local\Temp\nytherion-all-skills-verification-20260928\Library\PackageCache\com.unity.addressables@1.22.3)
    com.unity.2d.pixel-perfect@5.1.0 (location: C:\Users\kyung\AppData\Local\Temp\nytherion-all-skills-verification-20260928\Library\PackageCache\com.unity.2d.pixel-perfect@5.1.0)
    com.unity.2d.psdimporter@8.1.0 (location: C:\Users\kyung\AppData\Local\Temp\nytherion-all-skills-verification-20260928\Library\PackageCache\com.unity.2d.psdimporter@8.1.0)
    com.unity.2d.spriteshape@9.1.0 (location: C:\Users\kyung\AppData\Local\Temp\nytherion-all-skills-verification-20260928\Library\PackageCache\com.unity.2d.spriteshape@9.1.0)
    com.unity.2d.tilemap.extras@3.1.3 (location: C:\Users\kyung\AppData\Local\Temp\nytherion-all-skills-verification-20260928\Library\PackageCache\com.unity.2d.tilemap.extras@3.1.3)
    com.unity.2d.common@8.1.1 (location: C:\Users\kyung\AppData\Local\Temp\nytherion-all-skills-verification-20260928\Library\PackageCache\com.unity.2d.common@8.1.1)
    com.unity.collections@1.2.4 (location: C:\Users\kyung\AppData\Local\Temp\nytherion-all-skills-verification-20260928\Library\PackageCache\com.unity.collections@1.2.4)
    com.unity.searcher@4.9.2 (location: C:\Users\kyung\AppData\Local\Temp\nytherion-all-skills-verification-20260928\Library\PackageCache\com.unity.searcher@4.9.2)
    com.unity.scriptablebuildpipeline@1.21.25 (location: C:\Users\kyung\AppData\Local\Temp\nytherion-all-skills-verification-20260928\Library\PackageCache\com.unity.scriptablebuildpipeline@1.21.25)
  Built-in packages:
    com.unity.feature.2d@2.0.1 (location: C:\Users\kyung\AppData\Local\Temp\nytherion-all-skills-verification-20260928\Library\PackageCache\com.unity.feature.2d@2.0.1)
    com.unity.render-pipelines.universal@14.0.12 (location: C:\Users\kyung\AppData\Local\Temp\nytherion-all-skills-verification-20260928\Library\PackageCache\com.unity.render-pipelines.universal@14.0.12)
    com.unity.ugui@1.0.0 (location: C:\Users\kyung\AppData\Local\Temp\nytherion-all-skills-verification-20260928\Library\PackageCache\com.unity.ugui@1.0.0)
    com.unity.modules.ai@1.0.0 (location: C:\Users\kyung\AppData\Local\Temp\nytherion-all-skills-verification-20260928\Library\PackageCache\com.unity.modules.ai@1.0.0)
    com.unity.modules.androidjni@1.0.0 (location: C:\Users\kyung\AppData\Local\Temp\nytherion-all-skills-verification-20260928\Library\PackageCache\com.unity.modules.androidjni@1.0.0)
    com.unity.modules.animation@1.0.0 (location: C:\Users\kyung\AppData\Local\Temp\nytherion-all-skills-verification-20260928\Library\PackageCache\com.unity.modules.animation@1.0.0)
    com.unity.modules.assetbundle@1.0.0 (location: C:\Users\kyung\AppData\Local\Temp\nytherion-all-skills-verification-20260928\Library\PackageCache\com.unity.modules.assetbundle@1.0.0)
    com.unity.modules.audio@1.0.0 (location: C:\Users\kyung\AppData\Local\Temp\nytherion-all-skills-verification-20260928\Library\PackageCache\com.unity.modules.audio@1.0.0)
    com.unity.modules.cloth@1.0.0 (location: C:\Users\kyung\AppData\Local\Temp\nytherion-all-skills-verification-20260928\Library\PackageCache\com.unity.modules.cloth@1.0.0)
    com.unity.modules.director@1.0.0 (location: C:\Users\kyung\AppData\Local\Temp\nytherion-all-skills-verification-20260928\Library\PackageCache\com.unity.modules.director@1.0.0)
    com.unity.modules.imageconversion@1.0.0 (location: C:\Users\kyung\AppData\Local\Temp\nytherion-all-skills-verification-20260928\Library\PackageCache\com.unity.modules.imageconversion@1.0.0)
    com.unity.modules.imgui@1.0.0 (location: C:\Users\kyung\AppData\Local\Temp\nytherion-all-skills-verification-20260928\Library\PackageCache\com.unity.modules.imgui@1.0.0)
    com.unity.modules.jsonserialize@1.0.0 (location: C:\Users\kyung\AppData\Local\Temp\nytherion-all-skills-verification-20260928\Library\PackageCache\com.unity.modules.jsonserialize@1.0.0)
    com.unity.modules.particlesystem@1.0.0 (location: C:\Users\kyung\AppData\Local\Temp\nytherion-all-skills-verification-20260928\Library\PackageCache\com.unity.modules.particlesystem@1.0.0)
    com.unity.modules.physics@1.0.0 (location: C:\Users\kyung\AppData\Local\Temp\nytherion-all-skills-verification-20260928\Library\PackageCache\com.unity.modules.physics@1.0.0)
    com.unity.modules.physics2d@1.0.0 (location: C:\Users\kyung\AppData\Local\Temp\nytherion-all-skills-verification-20260928\Library\PackageCache\com.unity.modules.physics2d@1.0.0)
    com.unity.modules.screencapture@1.0.0 (location: C:\Users\kyung\AppData\Local\Temp\nytherion-all-skills-verification-20260928\Library\PackageCache\com.unity.modules.screencapture@1.0.0)
    com.unity.modules.terrain@1.0.0 (location: C:\Users\kyung\AppData\Local\Temp\nytherion-all-skills-verification-20260928\Library\PackageCache\com.unity.modules.terrain@1.0.0)
    com.unity.modules.terrainphysics@1.0.0 (location: C:\Users\kyung\AppData\Local\Temp\nytherion-all-skills-verification-20260928\Library\PackageCache\com.unity.modules.terrainphysics@1.0.0)
    com.unity.modules.tilemap@1.0.0 (location: C:\Users\kyung\AppData\Local\Temp\nytherion-all-skills-verification-20260928\Library\PackageCache\com.unity.modules.tilemap@1.0.0)
    com.unity.modules.ui@1.0.0 (location: C:\Users\kyung\AppData\Local\Temp\nytherion-all-skills-verification-20260928\Library\PackageCache\com.unity.modules.ui@1.0.0)
    com.unity.modules.uielements@1.0.0 (location: C:\Users\kyung\AppData\Local\Temp\nytherion-all-skills-verification-20260928\Library\PackageCache\com.unity.modules.uielements@1.0.0)
    com.unity.modules.umbra@1.0.0 (location: C:\Users\kyung\AppData\Local\Temp\nytherion-all-skills-verification-20260928\Library\PackageCache\com.unity.modules.umbra@1.0.0)
    com.unity.modules.unityanalytics@1.0.0 (location: C:\Users\kyung\AppData\Local\Temp\nytherion-all-skills-verification-20260928\Library\PackageCache\com.unity.modules.unityanalytics@1.0.0)
    com.unity.modules.unitywebrequest@1.0.0 (location: C:\Users\kyung\AppData\Local\Temp\nytherion-all-skills-verification-20260928\Library\PackageCache\com.unity.modules.unitywebrequest@1.0.0)
    com.unity.modules.unitywebrequestassetbundle@1.0.0 (location: C:\Users\kyung\AppData\Local\Temp\nytherion-all-skills-verification-20260928\Library\PackageCache\com.unity.modules.unitywebrequestassetbundle@1.0.0)
    com.unity.modules.unitywebrequestaudio@1.0.0 (location: C:\Users\kyung\AppData\Local\Temp\nytherion-all-skills-verification-20260928\Library\PackageCache\com.unity.modules.unitywebrequestaudio@1.0.0)
    com.unity.modules.unitywebrequesttexture@1.0.0 (location: C:\Users\kyung\AppData\Local\Temp\nytherion-all-skills-verification-20260928\Library\PackageCache\com.unity.modules.unitywebrequesttexture@1.0.0)
    com.unity.modules.unitywebrequestwww@1.0.0 (location: C:\Users\kyung\AppData\Local\Temp\nytherion-all-skills-verification-20260928\Library\PackageCache\com.unity.modules.unitywebrequestwww@1.0.0)
    com.unity.modules.vehicles@1.0.0 (location: C:\Users\kyung\AppData\Local\Temp\nytherion-all-skills-verification-20260928\Library\PackageCache\com.unity.modules.vehicles@1.0.0)
    com.unity.modules.video@1.0.0 (location: C:\Users\kyung\AppData\Local\Temp\nytherion-all-skills-verification-20260928\Library\PackageCache\com.unity.modules.video@1.0.0)
    com.unity.modules.vr@1.0.0 (location: C:\Users\kyung\AppData\Local\Temp\nytherion-all-skills-verification-20260928\Library\PackageCache\com.unity.modules.vr@1.0.0)
    com.unity.modules.wind@1.0.0 (location: C:\Users\kyung\AppData\Local\Temp\nytherion-all-skills-verification-20260928\Library\PackageCache\com.unity.modules.wind@1.0.0)
    com.unity.modules.xr@1.0.0 (location: C:\Users\kyung\AppData\Local\Temp\nytherion-all-skills-verification-20260928\Library\PackageCache\com.unity.modules.xr@1.0.0)
    com.unity.modules.subsystems@1.0.0 (location: C:\Users\kyung\AppData\Local\Temp\nytherion-all-skills-verification-20260928\Library\PackageCache\com.unity.modules.subsystems@1.0.0)
    com.unity.render-pipelines.core@14.0.12 (location: C:\Users\kyung\AppData\Local\Temp\nytherion-all-skills-verification-20260928\Library\PackageCache\com.unity.render-pipelines.core@14.0.12)
    com.unity.shadergraph@14.0.12 (location: C:\Users\kyung\AppData\Local\Temp\nytherion-all-skills-verification-20260928\Library\PackageCache\com.unity.shadergraph@14.0.12)
    com.unity.render-pipelines.universal-config@14.0.10 (location: C:\Users\kyung\AppData\Local\Temp\nytherion-all-skills-verification-20260928\Library\PackageCache\com.unity.render-pipelines.universal-config@14.0.10)
    com.unity.2d.sprite@1.0.0 (location: C:\Users\kyung\AppData\Local\Temp\nytherion-all-skills-verification-20260928\Library\PackageCache\com.unity.2d.sprite@1.0.0)
    com.unity.2d.tilemap@1.0.0 (location: C:\Users\kyung\AppData\Local\Temp\nytherion-all-skills-verification-20260928\Library\PackageCache\com.unity.2d.tilemap@1.0.0)
  Git packages:
    com.h8man.2d.navmeshplus@https://github.com/h8man/NavMeshPlus.git#master (location: C:\Users\kyung\AppData\Local\Temp\nytherion-all-skills-verification-20260928\Library\PackageCache\com.h8man.2d.navmeshplus@53de7d5c64)
    com.unity.ide.windsurf@https://github.com/Asuta/com.unity.ide.windsurf.git (location: C:\Users\kyung\AppData\Local\Temp\nytherion-all-skills-verification-20260928\Library\PackageCache\com.unity.ide.windsurf@6161accf3e)
[Subsystems] No new subsystems found in resolved package list.
Package Manager log level set to [2]
[Package Manager] Done registering packages in 0.15 seconds
Refreshing native plugins compatible for Editor in 387.78 ms, found 4 plugins.
Preloading 0 native plugins for Editor in 0.00 ms.
Initialize engine version: 2022.3.62f2 (7670c08855a9)
[Subsystems] Discovering subsystems at path C:/Program Files/Unity/Hub/Editor/2022.3.62f2/Editor/Data/Resources/UnitySubsystems
[Subsystems] Discovering subsystems at path C:/Users/kyung/AppData/Local/Temp/nytherion-all-skills-verification-20260928/Assets
Forcing GfxDevice: Null
GfxDevice: creating device client; threaded=0; jobified=0
NullGfxDevice:
    Version:  NULL 1.0 [1.0]
    Renderer: Null Device
    Vendor:   Unity Technologies
Shader Hidden/ProbeVolume/VoxelizeScene is not supported: GPU does not support conservative rasterization
[Licensing::Client] Successfully resolved entitlement details
[Licensing::Module] Serial number assigned to: "F4-6RG9-4KD6-T4HW-2SXE-XXXX"
[Licensing::Module] Serial number assigned to: "14568601583659-UnityPersXXXX"
Initialize mono
Mono path[0] = 'C:/Program Files/Unity/Hub/Editor/2022.3.62f2/Editor/Data/Managed'
Mono path[1] = 'C:/Program Files/Unity/Hub/Editor/2022.3.62f2/Editor/Data/MonoBleedingEdge/lib/mono/unityjit-win32'
Mono config path = 'C:/Program Files/Unity/Hub/Editor/2022.3.62f2/Editor/Data/MonoBleedingEdge/etc'
Using monoOptions --debugger-agent=transport=dt_socket,embedding=1,server=y,suspend=n,address=127.0.0.1:56512
Using cacheserver namespaces - metadata:defaultmetadata, artifacts:defaultartifacts
Using cacheserver namespaces - metadata:defaultmetadata, artifacts:defaultartifacts
ImportWorker Server TCP listen port: 0
Begin MonoManager ReloadAssembly
Registering precompiled unity dll's ...
Register platform support module: C:/Program Files/Unity/Hub/Editor/2022.3.62f2/Editor/Data/PlaybackEngines/WindowsStandaloneSupport/UnityEditor.WindowsStandalone.Extensions.dll
Registered in 0.013929 seconds.
- Loaded All Assemblies, in  0.508 seconds
Native extension for WindowsStandalone target not found
Mono: successfully reloaded assembly
- Finished resetting the current domain, in  0.336 seconds
Domain Reload Profiling: 840ms
	BeginReloadAssembly (129ms)
		ExecutionOrderSort (0ms)
		DisableScriptedObjects (0ms)
		BackupInstance (0ms)
		ReleaseScriptingObjects (0ms)
		CreateAndSetChildDomain (1ms)
	RebuildCommonClasses (39ms)
	RebuildNativeTypeToScriptingClass (12ms)
	initialDomainReloadingComplete (96ms)
	LoadAllAssembliesAndSetupDomain (227ms)
		LoadAssemblies (126ms)
		RebuildTransferFunctionScriptingTraits (0ms)
		AnalyzeDomain (225ms)
			TypeCache.Refresh (223ms)
				TypeCache.ScanAssembly (206ms)
			ScanForSourceGeneratedMonoScriptInfo (0ms)
			ResolveRequiredComponents (0ms)
	FinalizeReload (336ms)
		ReleaseScriptCaches (0ms)
		RebuildScriptCaches (0ms)
		SetupLoadedEditorAssemblies (280ms)
			LogAssemblyErrors (0ms)
			InitializePlatformSupportModulesInManaged (12ms)
			SetLoadedEditorAssemblies (9ms)
			RefreshPlugins (0ms)
			BeforeProcessingInitializeOnLoad (2ms)
			ProcessInitializeOnLoadAttributes (188ms)
			ProcessInitializeOnLoadMethodAttributes (69ms)
			AfterProcessingInitializeOnLoad (0ms)
			EditorAssembliesLoaded (0ms)
		ExecutionOrderSort2 (0ms)
		AwakeInstancesAfterBackupRestoration (0ms)
[Licensing::Client] Successfully resolved entitlement details
[Licensing::Module] Serial number assigned to: "F4-6RG9-4KD6-T4HW-2SXE-XXXX"
[Licensing::Module] Serial number assigned to: "14568601583659-UnityPersXXXX"
Application.AssetDatabase Initial Refresh Start
The GUID inside 'Assets/Nytherion/Art/Characters/Player/Animations/Walk.anim.meta' cannot be extracted by the YAML Parser. Attempting to extract it via string matching instead. Please verify the file does not contain unexpected data.
The GUID inside 'Assets/Nytherion/Core/Enums/BossPortal.cs.meta' cannot be extracted by the YAML Parser. Attempting to extract it via string matching instead. Please verify the file does not contain unexpected data.
The GUID inside 'Assets/Nytherion/Core/Managers/BaseManager.cs.meta' cannot be extracted by the YAML Parser. Attempting to extract it via string matching instead. Please verify the file does not contain unexpected data.
The GUID inside 'Assets/Nytherion/Core/test/BossPortal.prefab.meta' cannot be extracted by the YAML Parser. Attempting to extract it via string matching instead. Please verify the file does not contain unexpected data.
The GUID inside 'Assets/Nytherion/Core/test/BossSpawnPoint.cs.meta' cannot be extracted by the YAML Parser. Attempting to extract it via string matching instead. Please verify the file does not contain unexpected data.
The GUID inside 'Assets/Nytherion/Core/test/portal.anim.meta' cannot be extracted by the YAML Parser. Attempting to extract it via string matching instead. Please verify the file does not contain unexpected data.
The GUID inside 'Assets/Nytherion/Core/test/VillagePortal.prefab.meta' cannot be extracted by the YAML Parser. Attempting to extract it via string matching instead. Please verify the file does not contain unexpected data.
The GUID inside 'Assets/Nytherion/Gameplay/Characters/Player/States/DashState.cs.meta' cannot be extracted by the YAML Parser. Attempting to extract it via string matching instead. Please verify the file does not contain unexpected data.
The GUID inside 'Assets/Nytherion/Gameplay/Characters/Player/States/IdleState.cs.meta' cannot be extracted by the YAML Parser. Attempting to extract it via string matching instead. Please verify the file does not contain unexpected data.
The GUID inside 'Assets/Nytherion/Gameplay/Characters/Player/States/PlayerState.cs.meta' cannot be extracted by the YAML Parser. Attempting to extract it via string matching instead. Please verify the file does not contain unexpected data.
The GUID inside 'Assets/Nytherion/Gameplay/Dungeon/Portals/VillagePortal.cs.meta' cannot be extracted by the YAML Parser. Attempting to extract it via string matching instead. Please verify the file does not contain unexpected data.
The GUID inside 'Assets/Prefabs/Infrastructure/Managers/DungeonManager.prefab.meta' cannot be extracted by the YAML Parser. Attempting to extract it via string matching instead. Please verify the file does not contain unexpected data.
The GUID inside 'Assets/Prefabs/Infrastructure/Managers/GachaUIController.prefab.meta' cannot be extracted by the YAML Parser. Attempting to extract it via string matching instead. Please verify the file does not contain unexpected data.
The GUID inside 'Assets/Prefabs/Infrastructure/Managers/GameSceneUIManager.prefab.meta' cannot be extracted by the YAML Parser. Attempting to extract it via string matching instead. Please verify the file does not contain unexpected data.
The GUID inside 'Assets/Prefabs/Infrastructure/Managers/InventoryPresenter.prefab.meta' cannot be extracted by the YAML Parser. Attempting to extract it via string matching instead. Please verify the file does not contain unexpected data.
The GUID inside 'Assets/Prefabs/Infrastructure/Managers/ItemUsageManager.prefab.meta' cannot be extracted by the YAML Parser. Attempting to extract it via string matching instead. Please verify the file does not contain unexpected data.
[ScriptCompilation] Requested script compilation because: Assetdatabase observed changes in script compilation related files
Starting: C:\Program Files\Unity\Hub\Editor\2022.3.62f2\Editor\Data\bee_backend.exe --ipc --defer-dag-verification --dagfile="Library/Bee/1900b0aE.dag" --continue-on-failure --profile="Library/Bee/backend1.traceevents" ScriptAssemblies
WorkingDir: C:/Users/kyung/AppData/Local/Temp/nytherion-all-skills-verification-20260928
DisplayProgressbar: Compiling Scripts
ExitCode: 0 Duration: 10s
[ 794/1046  0s] ILPP-Configuration Library/ilpp-configuration.nevergeneratedoutput
[1038/1046  5s] Csc Library/Bee/artifacts/1900b0aE.dag/Assembly-CSharp.dll (+2 others)
Assets\Nytherion\Gameplay\Combat\Weapons\Melee\ShortDagger.cs(112,40): warning CS0414: The field 'ShortDagger.swingDistance' is assigned but its value is never used

Assets\Nytherion\Gameplay\Combat\Weapons\Melee\ShortDagger.cs(79,41): warning CS0414: The field 'ShortDagger.thrustEffectStateName' is assigned but its value is never used

Assets\Nytherion\Gameplay\Combat\Weapons\Melee\ShortDagger.cs(26,40): warning CS0414: The field 'ShortDagger.thrustDistance' is assigned but its value is never used

Assets\Nytherion\Gameplay\Skills\Abilities\PyroTank\PyroTankController.cs(34,23): warning CS0414: The field 'PyroTankController.explosionEndsAt' is assigned but its value is never used
[1039/1046  0s] ILPostProcess Library/Bee/artifacts/1900b0aE.dag/post-processed/Assembly-CSharp.dll (+pdb)
Processing assembly Library/Bee/artifacts/1900b0aE.dag/Assembly-CSharp.dll, with 120 defines and 282 references

processors: zzzUnity.Burst.CodeGen.BurstILPostProcessor

running zzzUnity.Burst.CodeGen.BurstILPostProcessor
[1040/1046  0s] CopyFiles Library/ScriptAssemblies/Assembly-CSharp.pdb
[1041/1046  0s] CopyFiles Library/ScriptAssemblies/Assembly-CSharp.dll
[1042/1046  3s] Csc Library/Bee/artifacts/1900b0aE.dag/Assembly-CSharp-Editor.dll (+2 others)
Assets\Editor\Data\TrainingDummySetup.cs(241,29): warning CS0252: Possible unintended reference comparison; to get a value comparison, cast the left hand side to type 'Object'
[1043/1046  0s] ILPostProcess Library/Bee/artifacts/1900b0aE.dag/post-processed/Assembly-CSharp-Editor.dll (+pdb)
Processing assembly Library/Bee/artifacts/1900b0aE.dag/Assembly-CSharp-Editor.dll, with 118 defines and 299 references

processors: zzzUnity.Burst.CodeGen.BurstILPostProcessor

running zzzUnity.Burst.CodeGen.BurstILPostProcessor
[1044/1046  0s] CopyFiles Library/ScriptAssemblies/Assembly-CSharp-Editor.pdb
[1045/1046  0s] CopyFiles Library/ScriptAssemblies/Assembly-CSharp-Editor.dll
*** Tundra build success (10.62 seconds), 9 items updated, 1046 evaluated
Assets\Nytherion\Gameplay\Combat\Weapons\Melee\ShortDagger.cs(112,40): warning CS0414: The field 'ShortDagger.swingDistance' is assigned but its value is never used
Assets\Nytherion\Gameplay\Combat\Weapons\Melee\ShortDagger.cs(79,41): warning CS0414: The field 'ShortDagger.thrustEffectStateName' is assigned but its value is never used
Assets\Nytherion\Gameplay\Combat\Weapons\Melee\ShortDagger.cs(26,40): warning CS0414: The field 'ShortDagger.thrustDistance' is assigned but its value is never used
Assets\Nytherion\Gameplay\Skills\Abilities\PyroTank\PyroTankController.cs(34,23): warning CS0414: The field 'PyroTankController.explosionEndsAt' is assigned but its value is never used
Assets\Editor\Data\TrainingDummySetup.cs(241,29): warning CS0252: Possible unintended reference comparison; to get a value comparison, cast the left hand side to type 'Object'
AssetDatabase: script compilation time: 11.314246s
Begin MonoManager ReloadAssembly
- Loaded All Assemblies, in  1.893 seconds
Refreshing native plugins compatible for Editor in 8.31 ms, found 4 plugins.
Preloading 0 native plugins for Editor in 0.00 ms.
Start importing Assets/Editor/Data/RootiUpgradeVerification.cs using Guid(c0bc2bab58ef5e84cb37fa6e300d0efc) Importer(-1,00000000000000000000000000000000) [PhysX] Initialized MultithreadedTaskDispatcher with 12 workers.
 -> (artifact id: 'bcc1134b574ff462afc6f64821a5e1e5') in 0.021503 seconds
Start importing Assets/Nytherion/Gameplay/Combat/Proj/Modifiers/BounceModifier.cs using Guid(03bc3bdd212137447a9c9f77cb844c53) Importer(-1,00000000000000000000000000000000) [PhysX] Initialized MultithreadedTaskDispatcher with 12 workers.
 -> (artifact id: '52e322fa9273927c9181e578140bdba3') in 0.008571 seconds
Refreshing native plugins compatible for Editor in 13.57 ms, found 4 plugins.
Native extension for WindowsStandalone target not found
[Licensing::Client] Successfully resolved entitlement details
[Licensing::Module] Serial number assigned to: "F4-6RG9-4KD6-T4HW-2SXE-XXXX"
[Licensing::Module] Serial number assigned to: "14568601583659-UnityPersXXXX"
Mono: successfully reloaded assembly
- Finished resetting the current domain, in  5.840 seconds
Domain Reload Profiling: 7723ms
	BeginReloadAssembly (205ms)
		ExecutionOrderSort (0ms)
		DisableScriptedObjects (8ms)
		BackupInstance (0ms)
		ReleaseScriptingObjects (0ms)
		CreateAndSetChildDomain (31ms)
	RebuildCommonClasses (58ms)
	RebuildNativeTypeToScriptingClass (14ms)
	initialDomainReloadingComplete (49ms)
	LoadAllAssembliesAndSetupDomain (1557ms)
		LoadAssemblies (1285ms)
		RebuildTransferFunctionScriptingTraits (0ms)
		AnalyzeDomain (386ms)
			TypeCache.Refresh (320ms)
				TypeCache.ScanAssembly (292ms)
			ScanForSourceGeneratedMonoScriptInfo (45ms)
			ResolveRequiredComponents (19ms)
	FinalizeReload (5841ms)
		ReleaseScriptCaches (0ms)
		RebuildScriptCaches (0ms)
		SetupLoadedEditorAssemblies (5531ms)
			LogAssemblyErrors (0ms)
			InitializePlatformSupportModulesInManaged (10ms)
			SetLoadedEditorAssemblies (5ms)
			RefreshPlugins (0ms)
			BeforeProcessingInitializeOnLoad (136ms)
			ProcessInitializeOnLoadAttributes (5175ms)
			ProcessInitializeOnLoadMethodAttributes (192ms)
			AfterProcessingInitializeOnLoad (12ms)
			EditorAssembliesLoaded (0ms)
		ExecutionOrderSort2 (0ms)
		AwakeInstancesAfterBackupRestoration (10ms)
Refreshing native plugins compatible for Editor in 7.91 ms, found 4 plugins.
Preloading 0 native plugins for Editor in 0.00 ms.
Asset Pipeline Refresh (id=071e84502bff04442837c5f44d2c0f6b): Total: 69.106 seconds - Initiated by InitialRefreshV2(ForceSynchronousImport)
	Summary:
		Imports: total=2 (actual=2, local cache=0, cache server=0)
		Asset DB Process Time: managed=8 ms, native=48963 ms
		Asset DB Callback time: managed=748 ms, native=13 ms
		Scripting: domain reloads=1, domain reload time=7961 ms, compile time=11317 ms, other=93 ms
		Project Asset Count: scripts=9556, non-scripts=6272
		Asset File Changes: new=0, changed=2, moved=0, deleted=0
		Scan Filter Count: 0
	InvokeBeforeRefreshCallbacks: 1.333ms
	ApplyChangesToAssetFolders: 0.114ms
	Scan: 642.108ms
	OnSourceAssetsModified: 2.123ms
	GetAllGuidsForCategorization: 3.335ms
	CategorizeAssets: 365.293ms
	ImportOutOfDateAssets: 5978.381ms (-5430.181ms without children)
		ImportManagerImport: 38.054ms (6.312ms without children)
			ImportInProcess: 31.707ms
			UpdateCategorizedAssets: 0.035ms
		CompileScripts: 11316.597ms
		ReloadNativeAssets: 0.024ms
		UnloadImportedAssets: 44.706ms
		ReloadImportedAssets: 0.705ms
		EnsureUptoDateAssetsAreRegisteredWithGuidPM: 5.667ms
		InitializingProgressBar: 0.001ms
		PostProcessAllAssetNotificationsAddChangedAssets: 0.001ms
		OnDemandSchedulerStart: 2.807ms
	PostProcessAllAssets: 750.085ms
	Hotreload: 8.819ms
	GatherAllCurrentPrimaryArtifactRevisions: 0.001ms
	UnloadStreamsBegin: 1.660ms
	PersistCurrentRevisions: 1.000ms
	UnloadStreamsEnd: 0.214ms
	GenerateScriptTypeHashes: 8.284ms
	Untracked: 61352.001ms
Application.AssetDatabase Initial Refresh End
Shader Hidden/ProbeVolume/VoxelizeScene is not supported: GPU does not support conservative rasterization
Scanning for USB devices : 8.573ms
Initializing Unity extensions:
[Licensing::Client] Successfully resolved entitlement details
[Licensing::Module] Serial number assigned to: "F4-6RG9-4KD6-T4HW-2SXE-XXXX"
[Licensing::Module] Serial number assigned to: "14568601583659-UnityPersXXXX"
[MODES] ModeService[none].Initialize
[MODES] ModeService[none].LoadModes
[MODES] Loading mode Default (0) for mode-current-id-PrototypeV01
[PhysX] Initialized MultithreadedTaskDispatcher with 12 workers.
ProgressiveSceneManager::Cancel()
Unloading 418 Unused Serialized files (Serialized files now loaded: 0)
Unloading 837 unused Assets / (1.1 MB). Loaded Objects now: 8267.
Memory consumption went from 228.8 MB to 227.7 MB.
Total: 10.267500 ms (FindLiveObjects: 0.846300 ms CreateObjectMapping: 1.300200 ms MarkObjects: 6.070900 ms  DeleteObjects: 2.048800 ms)

Start importing Assets/Nytherion/Data/ScriptableObjects/Relics/SkillRelics/PurpleRadish.asset using Guid(20b3a47cfd8ce244da6c6c33ec54b38b) Importer(-1,00000000000000000000000000000000) [PhysX] Initialized MultithreadedTaskDispatcher with 12 workers.
 -> (artifact id: 'cea01c48b370f494cc62dc5c71a34bab') in 0.003665 seconds
Refreshing native plugins compatible for Editor in 14.57 ms, found 4 plugins.
Preloading 0 native plugins for Editor in 0.00 ms.
Asset Pipeline Refresh (id=aa8fb2b48cd00b640831d118305a7ba6): Total: 0.171 seconds - Initiated by StopAssetImportingV2(NoUpdateAssetOptions)
Start importing Assets/Nytherion/Data/ScriptableObjects/Relics/SkillRelics/Ginseng.asset using Guid(0a363d33a57ee394297feeff1d7bd5d6) Importer(-1,00000000000000000000000000000000) [PhysX] Initialized MultithreadedTaskDispatcher with 12 workers.
 -> (artifact id: '57d36bbce573e3301dbb59c047ba9a24') in 0.002631 seconds
Refreshing native plugins compatible for Editor in 9.62 ms, found 4 plugins.
Preloading 0 native plugins for Editor in 0.00 ms.
Asset Pipeline Refresh (id=ce668bf4b4b246040b8efc93a6f8168f): Total: 0.135 seconds - Initiated by StopAssetImportingV2(NoUpdateAssetOptions)
Start importing Assets/Nytherion/Data/ScriptableObjects/Relics/SkillRelics/AzureBerry.asset using Guid(f55fe47f81afd2c4091cbb16ad81f19c) Importer(-1,00000000000000000000000000000000) [PhysX] Initialized MultithreadedTaskDispatcher with 12 workers.
 -> (artifact id: 'ec8d9ac620e4136d3cd78d95d9159d4c') in 0.002554 seconds
Refreshing native plugins compatible for Editor in 31.54 ms, found 4 plugins.
Preloading 0 native plugins for Editor in 0.00 ms.
Asset Pipeline Refresh (id=99bd6510f021c824385bb920098bc835): Total: 0.154 seconds - Initiated by StopAssetImportingV2(NoUpdateAssetOptions)
Start importing Assets/Nytherion/Data/ScriptableObjects/Relics/SkillRelics/EchoFlower.asset using Guid(2f180d7d2321e2e48a48e4e09571e0e9) Importer(-1,00000000000000000000000000000000) [PhysX] Initialized MultithreadedTaskDispatcher with 12 workers.
 -> (artifact id: '03d10cce015b6ed110d8f8f24619c0ac') in 0.002706 seconds
Refreshing native plugins compatible for Editor in 10.43 ms, found 4 plugins.
Preloading 0 native plugins for Editor in 0.00 ms.
Asset Pipeline Refresh (id=bb1e5f9c3bc7e914a8414e18048c4b94): Total: 0.114 seconds - Initiated by StopAssetImportingV2(NoUpdateAssetOptions)
Start importing Assets/Nytherion/Data/ScriptableObjects/Relics/SkillRelics/BounceBerry.asset using Guid(700dc12aa0093be4e82a1f3a98121fd3) Importer(-1,00000000000000000000000000000000) [PhysX] Initialized MultithreadedTaskDispatcher with 12 workers.
 -> (artifact id: '91ed545bdef5e9fa0b921a33a5e16ce5') in 0.002933 seconds
Refreshing native plugins compatible for Editor in 13.18 ms, found 4 plugins.
Preloading 0 native plugins for Editor in 0.00 ms.
Asset Pipeline Refresh (id=16bab119443a87c4f8fe79d66952fe79): Total: 0.121 seconds - Initiated by StopAssetImportingV2(NoUpdateAssetOptions)
Start importing Assets/Nytherion/Data/ScriptableObjects/Skill/Turret_Skill.asset using Guid(e9aaa7e648c16ab499e35f403ff54095) Importer(-1,00000000000000000000000000000000) [PhysX] Initialized MultithreadedTaskDispatcher with 12 workers.
 -> (artifact id: '7911dfa28c753f5b7f6ee30016879c46') in 0.002469 seconds
Refreshing native plugins compatible for Editor in 15.41 ms, found 4 plugins.
Preloading 0 native plugins for Editor in 0.00 ms.
Asset Pipeline Refresh (id=2d0a21fac0c04cb45b4ecf4c84bafa49): Total: 0.132 seconds - Initiated by StopAssetImportingV2(NoUpdateAssetOptions)
[RootiUpgradeRelicSetup] 루티 강화 유물 5종을 연결했습니다.
UnityEngine.StackTraceUtility:ExtractStackTrace ()
UnityEngine.DebugLogHandler:LogFormat (UnityEngine.LogType,UnityEngine.Object,string,object[])
UnityEngine.Logger:Log (UnityEngine.LogType,object)
UnityEngine.Debug:Log (object)
Nytherion.Editor.RootiUpgradeRelicSetup:Setup () (at Assets/Editor/Data/RootiUpgradeRelicSetup.cs:57)
Nytherion.Editor.RootiUpgradeVerification:RunBatch () (at Assets/Editor/Data/RootiUpgradeVerification.cs:54)

(Filename: Assets/Editor/Data/RootiUpgradeRelicSetup.cs Line: 57)

Opening scene 'Assets/Scenes/GameScene.unity'
[PhysX] Initialized MultithreadedTaskDispatcher with 12 workers.
Unloading 322 Unused Serialized files (Serialized files now loaded: 0)
Loaded scene 'Assets/Scenes/GameScene.unity'
	Deserialize:            875.647 ms
	Integration:            735.450 ms
	Integration of assets:  56.731 ms
	Thread Wait Time:       -0.076 ms
	Total Operation Time:   1667.752 ms
Unloading 35 unused Assets / (19.2 KB). Loaded Objects now: 12867.
Memory consumption went from 298.8 MB to 298.8 MB.
Total: 14.351700 ms (FindLiveObjects: 1.515700 ms CreateObjectMapping: 1.361300 ms MarkObjects: 11.357400 ms  DeleteObjects: 0.116400 ms)

Microsoft Media Foundation video decoding to texture disabled: graphics device is Null, only Direct3D 11 and Direct3D 12 (only on desktop) are supported for hardware-accelerated video decoding.
[Project] Loading completed in 78.638 seconds
	Project init time: 				73.668 seconds
		Template init time: 		0.000 seconds
		Package Manager init time: 		0.932 seconds
		Asset Database init time: 		0.490 seconds
		Global illumination init time: 	0.004 seconds
		Assemblies load time: 			0.865 seconds
		Unity extensions init time: 	0.012 seconds
		Asset Database refresh time: 	0.000 seconds
	Scene opening time: 			3.353 seconds
##utp:{"type":"ProjectInfo","version":2,"phase":"Immediate","time":1790690989063,"processId":37512,"projectLoad":78.6375956,"projectInit":73.6675208,"templateInit":0.0,"packageManagerInit":0.9317662,"assetDatabaseInit":0.4896248,"globalIlluminationInit":0.0035773,"assembliesLoad":0.8653817,"unityExtensionsInit":0.012239,"assetDatabaseRefresh":0.0,"sceneOpening":3.3530837}
##utp:{"type":"EditorInfo","version":2,"phase":"Immediate","time":1790690989063,"processId":37512,"editorVersion":"2022.3.62f2 (7670c08855a9)","branch":"2022.3/respin/2022.3.62f2-4af31df585-v2","buildType":"Release","platform":"Windows"}
SpriteAtlasPacking completed in 0.019506 sec
Reloading assemblies for play mode.
Reloading assemblies after forced synchronous recompile.
Begin MonoManager ReloadAssembly
- Loaded All Assemblies, in  0.777 seconds
Refreshing native plugins compatible for Editor in 12.29 ms, found 4 plugins.
Native extension for WindowsStandalone target not found
Mono: successfully reloaded assembly
- Finished resetting the current domain, in  1.557 seconds
Domain Reload Profiling: 2329ms
	BeginReloadAssembly (572ms)
		ExecutionOrderSort (1ms)
		DisableScriptedObjects (27ms)
		BackupInstance (0ms)
		ReleaseScriptingObjects (1ms)
		CreateAndSetChildDomain (366ms)
	RebuildCommonClasses (38ms)
	RebuildNativeTypeToScriptingClass (13ms)
	initialDomainReloadingComplete (44ms)
	LoadAllAssembliesAndSetupDomain (104ms)
		LoadAssemblies (173ms)
		RebuildTransferFunctionScriptingTraits (0ms)
		AnalyzeDomain (32ms)
			TypeCache.Refresh (8ms)
				TypeCache.ScanAssembly (0ms)
			ScanForSourceGeneratedMonoScriptInfo (0ms)
			ResolveRequiredComponents (22ms)
	FinalizeReload (1558ms)
		ReleaseScriptCaches (0ms)
		RebuildScriptCaches (0ms)
		SetupLoadedEditorAssemblies (936ms)
			LogAssemblyErrors (0ms)
			InitializePlatformSupportModulesInManaged (8ms)
			SetLoadedEditorAssemblies (10ms)
			RefreshPlugins (0ms)
			BeforeProcessingInitializeOnLoad (136ms)
			ProcessInitializeOnLoadAttributes (659ms)
			ProcessInitializeOnLoadMethodAttributes (110ms)
			AfterProcessingInitializeOnLoad (12ms)
			EditorAssembliesLoaded (1ms)
		ExecutionOrderSort2 (1ms)
		AwakeInstancesAfterBackupRestoration (94ms)
Asset Pipeline Refresh (id=7fb38783e2ae1a3429a8d90c33c74caa): Total: 3.068 seconds - Initiated by StopAssetImportingV2(ForceSynchronousImport | ForceDomainReload)
	Summary:
		Imports: total=0 (actual=0, local cache=0, cache server=0)
		Asset DB Process Time: managed=0 ms, native=636 ms
		Asset DB Callback time: managed=26 ms, native=1 ms
		Scripting: domain reloads=1, domain reload time=2400 ms, compile time=3 ms, other=0 ms
		Project Asset Count: scripts=9556, non-scripts=6272
		Asset File Changes: new=0, changed=0, moved=0, deleted=0
		Scan Filter Count: 0
	InvokeBeforeRefreshCallbacks: 1.384ms
	ApplyChangesToAssetFolders: 0.133ms
	Scan: 0.001ms
	OnSourceAssetsModified: 0.002ms
	GetAllGuidsForCategorization: 3.179ms
	CategorizeAssets: 328.500ms
	ImportOutOfDateAssets: 1614.172ms (1589.518ms without children)
		CompileScripts: 3.096ms
		CollectScriptTypesHashes: 7.419ms
		ReloadNativeAssets: 1.600ms
		UnloadImportedAssets: 1.411ms
		EnsureUptoDateAssetsAreRegisteredWithGuidPM: 7.755ms
		InitializingProgressBar: 0.001ms
		PostProcessAllAssetNotificationsAddChangedAssets: 0.001ms
		OnDemandSchedulerStart: 3.370ms
	PostProcessAllAssets: 26.253ms
	GatherAllCurrentPrimaryArtifactRevisions: 1.140ms
	UnloadStreamsBegin: 2.409ms
	PersistCurrentRevisions: 1.091ms
	UnloadStreamsEnd: 0.214ms
	GenerateScriptTypeHashes: 8.954ms
	Untracked: 1089.269ms
[PhysX] Initialized MultithreadedTaskDispatcher with 12 workers.
Loaded scene 'Temp/__Backupscenes/0.backup'
	Deserialize:            34.376 ms
	Integration:            1525.620 ms
	Integration of assets:  0.210 ms
	Thread Wait Time:       -0.013 ms
	Total Operation Time:   1560.193 ms
[MODES] ModeService[none].Initialize
[MODES] ModeService[none].LoadModes
[MODES] Loading mode Default (0) for mode-current-id-PrototypeV01_RootiVerification
Created GICache directory at C:/Users/kyung/AppData/LocalLow/Unity/Caches/GiCache. Took: 0.044s, timestamps: [83.688 - 83.732]
타일완성
UnityEngine.StackTraceUtility:ExtractStackTrace ()
UnityEngine.DebugLogHandler:LogFormat (UnityEngine.LogType,UnityEngine.Object,string,object[])
UnityEngine.Logger:Log (UnityEngine.LogType,object)
UnityEngine.Debug:Log (object)
Nytherion.GamePlay.Dungeon.TilemapVisualizer:PaintWallsWithRuleTile (System.Collections.Generic.IEnumerable`1<UnityEngine.Vector2Int>) (at Assets/Nytherion/Gameplay/Dungeon/Generation/TilemapVisualizer.cs:131)
Nytherion.GamePlay.Dungeon.RoomFirstDungeonGenerator:VisualizeDungeon (System.Collections.Generic.HashSet`1<UnityEngine.Vector2Int>,System.Collections.Generic.Dictionary`2<Nytherion.GamePlay.Dungeon.RoomFirstDungeonGenerator/Room, System.Collections.Generic.HashSet`1<UnityEngine.Vector2Int>>,System.Collections.Generic.HashSet`1<UnityEngine.Vector2Int>,System.Collections.Generic.List`1<System.Tuple`2<Nytherion.GamePlay.Dungeon.RoomFirstDungeonGenerator/Room, Nytherion.GamePlay.Dungeon.RoomFirstDungeonGenerator/Room>>,System.Collections.Generic.List`1<Nytherion.GamePlay.Dungeon.RoomFirstDungeonGenerator/PlacedObstacleData>,System.Collections.Generic.List`1<Nytherion.GamePlay.Dungeon.RoomFirstDungeonGenerator/Room>,Nytherion.GamePlay.Dungeon.RoomFirstDungeonGenerator/Room) (at Assets/Nytherion/Gameplay/Dungeon/Generation/RoomFirstDungeonGenerator.cs:573)
Nytherion.GamePlay.Dungeon.RoomFirstDungeonGenerator/<ApplyDungeon>d__22:MoveNext () (at Assets/Nytherion/Gameplay/Dungeon/Generation/RoomFirstDungeonGenerator.cs:263)
UnityEngine.SetupCoroutine:InvokeMoveNext (System.Collections.IEnumerator,intptr)
UnityEngine.MonoBehaviour:StartCoroutine (System.Collections.IEnumerator)
Nytherion.GamePlay.Dungeon.RoomFirstDungeonGenerator/<GenerateNewDungeonCoroutine>d__19:MoveNext () (at Assets/Nytherion/Gameplay/Dungeon/Generation/RoomFirstDungeonGenerator.cs:188)
UnityEngine.SetupCoroutine:InvokeMoveNext (System.Collections.IEnumerator,intptr)

(Filename: Assets/Nytherion/Gameplay/Dungeon/Generation/TilemapVisualizer.cs Line: 131)

[DungeonNavMeshBuilder] Rebuild start
UnityEngine.StackTraceUtility:ExtractStackTrace ()
UnityEngine.DebugLogHandler:LogFormat (UnityEngine.LogType,UnityEngine.Object,string,object[])
UnityEngine.Logger:Log (UnityEngine.LogType,object)
UnityEngine.Debug:Log (object)
DungeonNavMeshBuilder/<RebuildNavMeshCoroutine>d__4:MoveNext () (at Assets/Nytherion/Gameplay/Dungeon/Navigation/DungeonNavMeshBuilder.cs:27)
UnityEngine.SetupCoroutine:InvokeMoveNext (System.Collections.IEnumerator,intptr)
UnityEngine.MonoBehaviour:StartCoroutine (System.Collections.IEnumerator)
Nytherion.GamePlay.Dungeon.RoomFirstDungeonGenerator/<ApplyDungeon>d__22:MoveNext () (at Assets/Nytherion/Gameplay/Dungeon/Generation/RoomFirstDungeonGenerator.cs:277)
UnityEngine.SetupCoroutine:InvokeMoveNext (System.Collections.IEnumerator,intptr)
UnityEngine.MonoBehaviour:StartCoroutine (System.Collections.IEnumerator)
Nytherion.GamePlay.Dungeon.RoomFirstDungeonGenerator/<GenerateNewDungeonCoroutine>d__19:MoveNext () (at Assets/Nytherion/Gameplay/Dungeon/Generation/RoomFirstDungeonGenerator.cs:188)
UnityEngine.SetupCoroutine:InvokeMoveNext (System.Collections.IEnumerator,intptr)

(Filename: Assets/Nytherion/Gameplay/Dungeon/Navigation/DungeonNavMeshBuilder.cs Line: 27)

[RootiUpgradeVerification] PASS PurpleRadish 에셋·아이콘·SerializeReference 효과 역직렬화
UnityEngine.StackTraceUtility:ExtractStackTrace ()
UnityEngine.DebugLogHandler:LogFormat (UnityEngine.LogType,UnityEngine.Object,string,object[])
UnityEngine.Logger:Log (UnityEngine.LogType,object)
UnityEngine.Debug:Log (object)
Nytherion.Editor.RootiUpgradeVerification:Require (bool,string) (at Assets/Editor/Data/RootiUpgradeVerification.cs:262)
Nytherion.Editor.RootiUpgradeVerification/<Verify>d__15:MoveNext () (at Assets/Editor/Data/RootiUpgradeVerification.cs:85)
Nytherion.Editor.RootiUpgradeVerification:Update () (at Assets/Editor/Data/RootiUpgradeVerification.cs:73)
UnityEditor.EditorApplication:Internal_CallUpdateFunctions ()

(Filename: Assets/Editor/Data/RootiUpgradeVerification.cs Line: 262)

[RootiUpgradeVerification] PASS Ginseng 에셋·아이콘·SerializeReference 효과 역직렬화
UnityEngine.StackTraceUtility:ExtractStackTrace ()
UnityEngine.DebugLogHandler:LogFormat (UnityEngine.LogType,UnityEngine.Object,string,object[])
UnityEngine.Logger:Log (UnityEngine.LogType,object)
UnityEngine.Debug:Log (object)
Nytherion.Editor.RootiUpgradeVerification:Require (bool,string) (at Assets/Editor/Data/RootiUpgradeVerification.cs:262)
Nytherion.Editor.RootiUpgradeVerification/<Verify>d__15:MoveNext () (at Assets/Editor/Data/RootiUpgradeVerification.cs:85)
Nytherion.Editor.RootiUpgradeVerification:Update () (at Assets/Editor/Data/RootiUpgradeVerification.cs:73)
UnityEditor.EditorApplication:Internal_CallUpdateFunctions ()

(Filename: Assets/Editor/Data/RootiUpgradeVerification.cs Line: 262)

[RootiUpgradeVerification] PASS AzureBerry 에셋·아이콘·SerializeReference 효과 역직렬화
UnityEngine.StackTraceUtility:ExtractStackTrace ()
UnityEngine.DebugLogHandler:LogFormat (UnityEngine.LogType,UnityEngine.Object,string,object[])
UnityEngine.Logger:Log (UnityEngine.LogType,object)
UnityEngine.Debug:Log (object)
Nytherion.Editor.RootiUpgradeVerification:Require (bool,string) (at Assets/Editor/Data/RootiUpgradeVerification.cs:262)
Nytherion.Editor.RootiUpgradeVerification/<Verify>d__15:MoveNext () (at Assets/Editor/Data/RootiUpgradeVerification.cs:85)
Nytherion.Editor.RootiUpgradeVerification:Update () (at Assets/Editor/Data/RootiUpgradeVerification.cs:73)
UnityEditor.EditorApplication:Internal_CallUpdateFunctions ()

(Filename: Assets/Editor/Data/RootiUpgradeVerification.cs Line: 262)

[RootiUpgradeVerification] PASS EchoFlower 에셋·아이콘·SerializeReference 효과 역직렬화
UnityEngine.StackTraceUtility:ExtractStackTrace ()
UnityEngine.DebugLogHandler:LogFormat (UnityEngine.LogType,UnityEngine.Object,string,object[])
UnityEngine.Logger:Log (UnityEngine.LogType,object)
UnityEngine.Debug:Log (object)
Nytherion.Editor.RootiUpgradeVerification:Require (bool,string) (at Assets/Editor/Data/RootiUpgradeVerification.cs:262)
Nytherion.Editor.RootiUpgradeVerification/<Verify>d__15:MoveNext () (at Assets/Editor/Data/RootiUpgradeVerification.cs:85)
Nytherion.Editor.RootiUpgradeVerification:Update () (at Assets/Editor/Data/RootiUpgradeVerification.cs:73)
UnityEditor.EditorApplication:Internal_CallUpdateFunctions ()

(Filename: Assets/Editor/Data/RootiUpgradeVerification.cs Line: 262)

[RootiUpgradeVerification] PASS BounceBerry 에셋·아이콘·SerializeReference 효과 역직렬화
UnityEngine.StackTraceUtility:ExtractStackTrace ()
UnityEngine.DebugLogHandler:LogFormat (UnityEngine.LogType,UnityEngine.Object,string,object[])
UnityEngine.Logger:Log (UnityEngine.LogType,object)
UnityEngine.Debug:Log (object)
Nytherion.Editor.RootiUpgradeVerification:Require (bool,string) (at Assets/Editor/Data/RootiUpgradeVerification.cs:262)
Nytherion.Editor.RootiUpgradeVerification/<Verify>d__15:MoveNext () (at Assets/Editor/Data/RootiUpgradeVerification.cs:85)
Nytherion.Editor.RootiUpgradeVerification:Update () (at Assets/Editor/Data/RootiUpgradeVerification.cs:73)
UnityEditor.EditorApplication:Internal_CallUpdateFunctions ()

(Filename: Assets/Editor/Data/RootiUpgradeVerification.cs Line: 262)

[RootiUpgradeVerification] PASS 실제 루티 포탑·씨앗·시전 프리팹 Inspector 참조
UnityEngine.StackTraceUtility:ExtractStackTrace ()
UnityEngine.DebugLogHandler:LogFormat (UnityEngine.LogType,UnityEngine.Object,string,object[])
UnityEngine.Logger:Log (UnityEngine.LogType,object)
UnityEngine.Debug:Log (object)
Nytherion.Editor.RootiUpgradeVerification:Require (bool,string) (at Assets/Editor/Data/RootiUpgradeVerification.cs:262)
Nytherion.Editor.RootiUpgradeVerification/<Verify>d__15:MoveNext () (at Assets/Editor/Data/RootiUpgradeVerification.cs:90)
Nytherion.Editor.RootiUpgradeVerification:Update () (at Assets/Editor/Data/RootiUpgradeVerification.cs:73)
UnityEditor.EditorApplication:Internal_CallUpdateFunctions ()

(Filename: Assets/Editor/Data/RootiUpgradeVerification.cs Line: 262)

[RootiUpgradeVerification] PASS 기존 RelicEffectController 장착 경로로 다섯 강화 적용
UnityEngine.StackTraceUtility:ExtractStackTrace ()
UnityEngine.DebugLogHandler:LogFormat (UnityEngine.LogType,UnityEngine.Object,string,object[])
UnityEngine.Logger:Log (UnityEngine.LogType,object)
UnityEngine.Debug:Log (object)
Nytherion.Editor.RootiUpgradeVerification:Require (bool,string) (at Assets/Editor/Data/RootiUpgradeVerification.cs:262)
Nytherion.Editor.RootiUpgradeVerification/<Verify>d__15:MoveNext () (at Assets/Editor/Data/RootiUpgradeVerification.cs:105)
Nytherion.Editor.RootiUpgradeVerification:Update () (at Assets/Editor/Data/RootiUpgradeVerification.cs:73)
UnityEditor.EditorApplication:Internal_CallUpdateFunctions ()

(Filename: Assets/Editor/Data/RootiUpgradeVerification.cs Line: 262)

[RootiUpgradeVerification] PASS 조건 재평가 중복 적용 방지
UnityEngine.StackTraceUtility:ExtractStackTrace ()
UnityEngine.DebugLogHandler:LogFormat (UnityEngine.LogType,UnityEngine.Object,string,object[])
UnityEngine.Logger:Log (UnityEngine.LogType,object)
UnityEngine.Debug:Log (object)
Nytherion.Editor.RootiUpgradeVerification:Require (bool,string) (at Assets/Editor/Data/RootiUpgradeVerification.cs:262)
Nytherion.Editor.RootiUpgradeVerification/<Verify>d__15:MoveNext () (at Assets/Editor/Data/RootiUpgradeVerification.cs:109)
Nytherion.Editor.RootiUpgradeVerification:Update () (at Assets/Editor/Data/RootiUpgradeVerification.cs:73)
UnityEditor.EditorApplication:Internal_CallUpdateFunctions ()

(Filename: Assets/Editor/Data/RootiUpgradeVerification.cs Line: 262)

[RootiUpgradeVerification] PASS 인삼 최대 저장 1 → 2 및 초기 충전
UnityEngine.StackTraceUtility:ExtractStackTrace ()
UnityEngine.DebugLogHandler:LogFormat (UnityEngine.LogType,UnityEngine.Object,string,object[])
UnityEngine.Logger:Log (UnityEngine.LogType,object)
UnityEngine.Debug:Log (object)
Nytherion.Editor.RootiUpgradeVerification:Require (bool,string) (at Assets/Editor/Data/RootiUpgradeVerification.cs:262)
Nytherion.Editor.RootiUpgradeVerification/<Verify>d__15:MoveNext () (at Assets/Editor/Data/RootiUpgradeVerification.cs:116)
Nytherion.Editor.RootiUpgradeVerification:Update () (at Assets/Editor/Data/RootiUpgradeVerification.cs:73)
UnityEditor.EditorApplication:Internal_CallUpdateFunctions ()

(Filename: Assets/Editor/Data/RootiUpgradeVerification.cs Line: 262)

[RootiUpgradeVerification] PASS SkillBase 사용 경로: 충전 1개로 복제초 루티 2마리 소환
UnityEngine.StackTraceUtility:ExtractStackTrace ()
UnityEngine.DebugLogHandler:LogFormat (UnityEngine.LogType,UnityEngine.Object,string,object[])
UnityEngine.Logger:Log (UnityEngine.LogType,object)
UnityEngine.Debug:Log (object)
Nytherion.Editor.RootiUpgradeVerification:Require (bool,string) (at Assets/Editor/Data/RootiUpgradeVerification.cs:262)
Nytherion.Editor.RootiUpgradeVerification/<Verify>d__15:MoveNext () (at Assets/Editor/Data/RootiUpgradeVerification.cs:117)
Nytherion.Editor.RootiUpgradeVerification:Update () (at Assets/Editor/Data/RootiUpgradeVerification.cs:73)
UnityEditor.EditorApplication:Internal_CallUpdateFunctions ()

(Filename: Assets/Editor/Data/RootiUpgradeVerification.cs Line: 262)

[RootiUpgradeVerification] PASS 충전이 남아 있어도 0.5초 전 연속 소환 차단·대기시간 표시
UnityEngine.StackTraceUtility:ExtractStackTrace ()
UnityEngine.DebugLogHandler:LogFormat (UnityEngine.LogType,UnityEngine.Object,string,object[])
UnityEngine.Logger:Log (UnityEngine.LogType,object)
UnityEngine.Debug:Log (object)
Nytherion.Editor.RootiUpgradeVerification:Require (bool,string) (at Assets/Editor/Data/RootiUpgradeVerification.cs:262)
Nytherion.Editor.RootiUpgradeVerification/<Verify>d__15:MoveNext () (at Assets/Editor/Data/RootiUpgradeVerification.cs:120)
Nytherion.Editor.RootiUpgradeVerification:Update () (at Assets/Editor/Data/RootiUpgradeVerification.cs:73)
UnityEditor.EditorApplication:Internal_CallUpdateFunctions ()

(Filename: Assets/Editor/Data/RootiUpgradeVerification.cs Line: 262)

[RootiUpgradeVerification] PASS 0.5초 미만 사용 시도에서 충전 보존
UnityEngine.StackTraceUtility:ExtractStackTrace ()
UnityEngine.DebugLogHandler:LogFormat (UnityEngine.LogType,UnityEngine.Object,string,object[])
UnityEngine.Logger:Log (UnityEngine.LogType,object)
UnityEngine.Debug:Log (object)
Nytherion.Editor.RootiUpgradeVerification:Require (bool,string) (at Assets/Editor/Data/RootiUpgradeVerification.cs:262)
Nytherion.Editor.RootiUpgradeVerification/<Verify>d__15:MoveNext () (at Assets/Editor/Data/RootiUpgradeVerification.cs:123)
Nytherion.Editor.RootiUpgradeVerification:Update () (at Assets/Editor/Data/RootiUpgradeVerification.cs:73)
UnityEditor.EditorApplication:Internal_CallUpdateFunctions ()

(Filename: Assets/Editor/Data/RootiUpgradeVerification.cs Line: 262)

[RootiUpgradeVerification] PASS 0.5초 후 즉시 두 번째 소환·4마리 생성
UnityEngine.StackTraceUtility:ExtractStackTrace ()
UnityEngine.DebugLogHandler:LogFormat (UnityEngine.LogType,UnityEngine.Object,string,object[])
UnityEngine.Logger:Log (UnityEngine.LogType,object)
UnityEngine.Debug:Log (object)
Nytherion.Editor.RootiUpgradeVerification:Require (bool,string) (at Assets/Editor/Data/RootiUpgradeVerification.cs:262)
Nytherion.Editor.RootiUpgradeVerification/<Verify>d__15:MoveNext () (at Assets/Editor/Data/RootiUpgradeVerification.cs:125)
Nytherion.Editor.RootiUpgradeVerification:Update () (at Assets/Editor/Data/RootiUpgradeVerification.cs:73)
UnityEditor.EditorApplication:Internal_CallUpdateFunctions ()

(Filename: Assets/Editor/Data/RootiUpgradeVerification.cs Line: 262)

[RootiUpgradeVerification] PASS 연속 소환이 첫 충전의 회복 타이머를 초기화하지 않음
UnityEngine.StackTraceUtility:ExtractStackTrace ()
UnityEngine.DebugLogHandler:LogFormat (UnityEngine.LogType,UnityEngine.Object,string,object[])
UnityEngine.Logger:Log (UnityEngine.LogType,object)
UnityEngine.Debug:Log (object)
Nytherion.Editor.RootiUpgradeVerification:Require (bool,string) (at Assets/Editor/Data/RootiUpgradeVerification.cs:262)
Nytherion.Editor.RootiUpgradeVerification/<Verify>d__15:MoveNext () (at Assets/Editor/Data/RootiUpgradeVerification.cs:127)
Nytherion.Editor.RootiUpgradeVerification:Update () (at Assets/Editor/Data/RootiUpgradeVerification.cs:73)
UnityEditor.EditorApplication:Internal_CallUpdateFunctions ()

(Filename: Assets/Editor/Data/RootiUpgradeVerification.cs Line: 262)

[RootiUpgradeVerification] PASS 첫 쿨타임 종료 시 하나만 회복
UnityEngine.StackTraceUtility:ExtractStackTrace ()
UnityEngine.DebugLogHandler:LogFormat (UnityEngine.LogType,UnityEngine.Object,string,object[])
UnityEngine.Logger:Log (UnityEngine.LogType,object)
UnityEngine.Debug:Log (object)
Nytherion.Editor.RootiUpgradeVerification:Require (bool,string) (at Assets/Editor/Data/RootiUpgradeVerification.cs:262)
Nytherion.Editor.RootiUpgradeVerification/<Verify>d__15:MoveNext () (at Assets/Editor/Data/RootiUpgradeVerification.cs:129)
Nytherion.Editor.RootiUpgradeVerification:Update () (at Assets/Editor/Data/RootiUpgradeVerification.cs:73)
UnityEditor.EditorApplication:Internal_CallUpdateFunctions ()

(Filename: Assets/Editor/Data/RootiUpgradeVerification.cs Line: 262)

[RootiUpgradeVerification] PASS 두 번째 쿨타임 종료 시 최대 두 개 저장
UnityEngine.StackTraceUtility:ExtractStackTrace ()
UnityEngine.DebugLogHandler:LogFormat (UnityEngine.LogType,UnityEngine.Object,string,object[])
UnityEngine.Logger:Log (UnityEngine.LogType,object)
UnityEngine.Debug:Log (object)
Nytherion.Editor.RootiUpgradeVerification:Require (bool,string) (at Assets/Editor/Data/RootiUpgradeVerification.cs:262)
Nytherion.Editor.RootiUpgradeVerification/<Verify>d__15:MoveNext () (at Assets/Editor/Data/RootiUpgradeVerification.cs:131)
Nytherion.Editor.RootiUpgradeVerification:Update () (at Assets/Editor/Data/RootiUpgradeVerification.cs:73)
UnityEditor.EditorApplication:Internal_CallUpdateFunctions ()

(Filename: Assets/Editor/Data/RootiUpgradeVerification.cs Line: 262)

[RootiUpgradeVerification] PASS 인삼 침묵 시 최대 저장·남은 충전 1개로 제한
UnityEngine.StackTraceUtility:ExtractStackTrace ()
UnityEngine.DebugLogHandler:LogFormat (UnityEngine.LogType,UnityEngine.Object,string,object[])
UnityEngine.Logger:Log (UnityEngine.LogType,object)
UnityEngine.Debug:Log (object)
Nytherion.Editor.RootiUpgradeVerification:Require (bool,string) (at Assets/Editor/Data/RootiUpgradeVerification.cs:262)
Nytherion.Editor.RootiUpgradeVerification/<Verify>d__15:MoveNext () (at Assets/Editor/Data/RootiUpgradeVerification.cs:136)
Nytherion.Editor.RootiUpgradeVerification:Update () (at Assets/Editor/Data/RootiUpgradeVerification.cs:73)
UnityEditor.EditorApplication:Internal_CallUpdateFunctions ()

(Filename: Assets/Editor/Data/RootiUpgradeVerification.cs Line: 262)

[RootiUpgradeVerification] PASS 인삼 재활성화로 무료 충전이 생기지 않음
UnityEngine.StackTraceUtility:ExtractStackTrace ()
UnityEngine.DebugLogHandler:LogFormat (UnityEngine.LogType,UnityEngine.Object,string,object[])
UnityEngine.Logger:Log (UnityEngine.LogType,object)
UnityEngine.Debug:Log (object)
Nytherion.Editor.RootiUpgradeVerification:Require (bool,string) (at Assets/Editor/Data/RootiUpgradeVerification.cs:262)
Nytherion.Editor.RootiUpgradeVerification/<Verify>d__15:MoveNext () (at Assets/Editor/Data/RootiUpgradeVerification.cs:139)
Nytherion.Editor.RootiUpgradeVerification:Update () (at Assets/Editor/Data/RootiUpgradeVerification.cs:73)
UnityEditor.EditorApplication:Internal_CallUpdateFunctions ()

(Filename: Assets/Editor/Data/RootiUpgradeVerification.cs Line: 262)

[RootiUpgradeVerification] PASS 재활성화로 늘어난 저장 칸도 쿨타임으로 회복
UnityEngine.StackTraceUtility:ExtractStackTrace ()
UnityEngine.DebugLogHandler:LogFormat (UnityEngine.LogType,UnityEngine.Object,string,object[])
UnityEngine.Logger:Log (UnityEngine.LogType,object)
UnityEngine.Debug:Log (object)
Nytherion.Editor.RootiUpgradeVerification:Require (bool,string) (at Assets/Editor/Data/RootiUpgradeVerification.cs:262)
Nytherion.Editor.RootiUpgradeVerification/<Verify>d__15:MoveNext () (at Assets/Editor/Data/RootiUpgradeVerification.cs:141)
Nytherion.Editor.RootiUpgradeVerification:Update () (at Assets/Editor/Data/RootiUpgradeVerification.cs:73)
UnityEditor.EditorApplication:Internal_CallUpdateFunctions ()

(Filename: Assets/Editor/Data/RootiUpgradeVerification.cs Line: 262)

[RootiUpgradeVerification] PASS 실제 루티 공격 애니메이션에서 벽청 베리 씨앗 1 → 3개 발사
UnityEngine.StackTraceUtility:ExtractStackTrace ()
UnityEngine.DebugLogHandler:LogFormat (UnityEngine.LogType,UnityEngine.Object,string,object[])
UnityEngine.Logger:Log (UnityEngine.LogType,object)
UnityEngine.Debug:Log (object)
Nytherion.Editor.RootiUpgradeVerification:Require (bool,string) (at Assets/Editor/Data/RootiUpgradeVerification.cs:262)
Nytherion.Editor.RootiUpgradeVerification/<Verify>d__15:MoveNext () (at Assets/Editor/Data/RootiUpgradeVerification.cs:159)
Nytherion.Editor.RootiUpgradeVerification:Update () (at Assets/Editor/Data/RootiUpgradeVerification.cs:73)
UnityEditor.EditorApplication:Internal_CallUpdateFunctions ()

(Filename: Assets/Editor/Data/RootiUpgradeVerification.cs Line: 262)

[RootiUpgradeVerification] PASS 추가 씨앗 좌우 발사·각 투사체에 통통 베리 적용
UnityEngine.StackTraceUtility:ExtractStackTrace ()
UnityEngine.DebugLogHandler:LogFormat (UnityEngine.LogType,UnityEngine.Object,string,object[])
UnityEngine.Logger:Log (UnityEngine.LogType,object)
UnityEngine.Debug:Log (object)
Nytherion.Editor.RootiUpgradeVerification:Require (bool,string) (at Assets/Editor/Data/RootiUpgradeVerification.cs:262)
Nytherion.Editor.RootiUpgradeVerification/<Verify>d__15:MoveNext () (at Assets/Editor/Data/RootiUpgradeVerification.cs:161)
Nytherion.Editor.RootiUpgradeVerification:Update () (at Assets/Editor/Data/RootiUpgradeVerification.cs:73)
UnityEditor.EditorApplication:Internal_CallUpdateFunctions ()

(Filename: Assets/Editor/Data/RootiUpgradeVerification.cs Line: 262)

[RootiUpgradeVerification] PASS 자색 무가 공격 애니메이션과 공격 간격에 함께 반영
UnityEngine.StackTraceUtility:ExtractStackTrace ()
UnityEngine.DebugLogHandler:LogFormat (UnityEngine.LogType,UnityEngine.Object,string,object[])
UnityEngine.Logger:Log (UnityEngine.LogType,object)
UnityEngine.Debug:Log (object)
Nytherion.Editor.RootiUpgradeVerification:Require (bool,string) (at Assets/Editor/Data/RootiUpgradeVerification.cs:262)
Nytherion.Editor.RootiUpgradeVerification/<Verify>d__15:MoveNext () (at Assets/Editor/Data/RootiUpgradeVerification.cs:165)
Nytherion.Editor.RootiUpgradeVerification:Update () (at Assets/Editor/Data/RootiUpgradeVerification.cs:73)
UnityEditor.EditorApplication:Internal_CallUpdateFunctions ()

(Filename: Assets/Editor/Data/RootiUpgradeVerification.cs Line: 262)

[RootiUpgradeVerification] PASS Physics2D 적 충돌 피해 후 범위 내 다른 적 방향으로 튕김
UnityEngine.StackTraceUtility:ExtractStackTrace ()
UnityEngine.DebugLogHandler:LogFormat (UnityEngine.LogType,UnityEngine.Object,string,object[])
UnityEngine.Logger:Log (UnityEngine.LogType,object)
UnityEngine.Debug:Log (object)
Nytherion.Editor.RootiUpgradeVerification:Require (bool,string) (at Assets/Editor/Data/RootiUpgradeVerification.cs:262)
Nytherion.Editor.RootiUpgradeVerification/<Verify>d__15:MoveNext () (at Assets/Editor/Data/RootiUpgradeVerification.cs:175)
Nytherion.Editor.RootiUpgradeVerification:Update () (at Assets/Editor/Data/RootiUpgradeVerification.cs:73)
UnityEditor.EditorApplication:Internal_CallUpdateFunctions ()

(Filename: Assets/Editor/Data/RootiUpgradeVerification.cs Line: 262)

[RootiUpgradeVerification] PASS 튕긴 씨앗이 실제로 두 번째 적에 피해·대상이 없으면 무작위 방향으로 생존
UnityEngine.StackTraceUtility:ExtractStackTrace ()
UnityEngine.DebugLogHandler:LogFormat (UnityEngine.LogType,UnityEngine.Object,string,object[])
UnityEngine.Logger:Log (UnityEngine.LogType,object)
UnityEngine.Debug:Log (object)
Nytherion.Editor.RootiUpgradeVerification:Require (bool,string) (at Assets/Editor/Data/RootiUpgradeVerification.cs:262)
Nytherion.Editor.RootiUpgradeVerification/<Verify>d__15:MoveNext () (at Assets/Editor/Data/RootiUpgradeVerification.cs:179)
Nytherion.Editor.RootiUpgradeVerification:Update () (at Assets/Editor/Data/RootiUpgradeVerification.cs:73)
UnityEditor.EditorApplication:Internal_CallUpdateFunctions ()

(Filename: Assets/Editor/Data/RootiUpgradeVerification.cs Line: 262)

[RootiUpgradeVerification] PASS 실제 네 적 연속 명중·3회 튕김 후 종료·같은 적 중복 피해 방지
UnityEngine.StackTraceUtility:ExtractStackTrace ()
UnityEngine.DebugLogHandler:LogFormat (UnityEngine.LogType,UnityEngine.Object,string,object[])
UnityEngine.Logger:Log (UnityEngine.LogType,object)
UnityEngine.Debug:Log (object)
Nytherion.Editor.RootiUpgradeVerification:Require (bool,string) (at Assets/Editor/Data/RootiUpgradeVerification.cs:262)
Nytherion.Editor.RootiUpgradeVerification/<Verify>d__15:MoveNext () (at Assets/Editor/Data/RootiUpgradeVerification.cs:196)
Nytherion.Editor.RootiUpgradeVerification:Update () (at Assets/Editor/Data/RootiUpgradeVerification.cs:73)
UnityEditor.EditorApplication:Internal_CallUpdateFunctions ()

(Filename: Assets/Editor/Data/RootiUpgradeVerification.cs Line: 262)

[RootiUpgradeVerification] PASS 통통 베리 씨앗은 벽 충돌 시 튕기지 않고 종료
UnityEngine.StackTraceUtility:ExtractStackTrace ()
UnityEngine.DebugLogHandler:LogFormat (UnityEngine.LogType,UnityEngine.Object,string,object[])
UnityEngine.Logger:Log (UnityEngine.LogType,object)
UnityEngine.Debug:Log (object)
Nytherion.Editor.RootiUpgradeVerification:Require (bool,string) (at Assets/Editor/Data/RootiUpgradeVerification.cs:262)
Nytherion.Editor.RootiUpgradeVerification/<Verify>d__15:MoveNext () (at Assets/Editor/Data/RootiUpgradeVerification.cs:207)
Nytherion.Editor.RootiUpgradeVerification:Update () (at Assets/Editor/Data/RootiUpgradeVerification.cs:73)
UnityEditor.EditorApplication:Internal_CallUpdateFunctions ()

(Filename: Assets/Editor/Data/RootiUpgradeVerification.cs Line: 262)

[RootiUpgradeVerification] PASS 유물 해제 시 모든 강화 원복
UnityEngine.StackTraceUtility:ExtractStackTrace ()
UnityEngine.DebugLogHandler:LogFormat (UnityEngine.LogType,UnityEngine.Object,string,object[])
UnityEngine.Logger:Log (UnityEngine.LogType,object)
UnityEngine.Debug:Log (object)
Nytherion.Editor.RootiUpgradeVerification:Require (bool,string) (at Assets/Editor/Data/RootiUpgradeVerification.cs:262)
Nytherion.Editor.RootiUpgradeVerification/<Verify>d__15:MoveNext () (at Assets/Editor/Data/RootiUpgradeVerification.cs:213)
Nytherion.Editor.RootiUpgradeVerification:Update () (at Assets/Editor/Data/RootiUpgradeVerification.cs:73)
UnityEditor.EditorApplication:Internal_CallUpdateFunctions ()

(Filename: Assets/Editor/Data/RootiUpgradeVerification.cs Line: 262)

[RootiUpgradeVerification] PASS 풀 재사용·유물 해제 후 이전 튕김 상태가 남지 않음
UnityEngine.StackTraceUtility:ExtractStackTrace ()
UnityEngine.DebugLogHandler:LogFormat (UnityEngine.LogType,UnityEngine.Object,string,object[])
UnityEngine.Logger:Log (UnityEngine.LogType,object)
UnityEngine.Debug:Log (object)
Nytherion.Editor.RootiUpgradeVerification:Require (bool,string) (at Assets/Editor/Data/RootiUpgradeVerification.cs:262)
Nytherion.Editor.RootiUpgradeVerification/<Verify>d__15:MoveNext () (at Assets/Editor/Data/RootiUpgradeVerification.cs:216)
Nytherion.Editor.RootiUpgradeVerification:Update () (at Assets/Editor/Data/RootiUpgradeVerification.cs:73)
UnityEditor.EditorApplication:Internal_CallUpdateFunctions ()

(Filename: Assets/Editor/Data/RootiUpgradeVerification.cs Line: 262)

[RootiUpgradeVerification] PASS 유물 없는 루티 씨앗은 적 1회 피해 후 풀 반환
UnityEngine.StackTraceUtility:ExtractStackTrace ()
UnityEngine.DebugLogHandler:LogFormat (UnityEngine.LogType,UnityEngine.Object,string,object[])
UnityEngine.Logger:Log (UnityEngine.LogType,object)
UnityEngine.Debug:Log (object)
Nytherion.Editor.RootiUpgradeVerification:Require (bool,string) (at Assets/Editor/Data/RootiUpgradeVerification.cs:262)
Nytherion.Editor.RootiUpgradeVerification/<Verify>d__15:MoveNext () (at Assets/Editor/Data/RootiUpgradeVerification.cs:221)
Nytherion.Editor.RootiUpgradeVerification:Update () (at Assets/Editor/Data/RootiUpgradeVerification.cs:73)
UnityEditor.EditorApplication:Internal_CallUpdateFunctions ()

(Filename: Assets/Editor/Data/RootiUpgradeVerification.cs Line: 262)

[RootiUpgradeVerification] PASS 기존 BounceModifier 기본 동작 보존
UnityEngine.StackTraceUtility:ExtractStackTrace ()
UnityEngine.DebugLogHandler:LogFormat (UnityEngine.LogType,UnityEngine.Object,string,object[])
UnityEngine.Logger:Log (UnityEngine.LogType,object)
UnityEngine.Debug:Log (object)
Nytherion.Editor.RootiUpgradeVerification:Require (bool,string) (at Assets/Editor/Data/RootiUpgradeVerification.cs:262)
Nytherion.Editor.RootiUpgradeVerification/<Verify>d__15:MoveNext () (at Assets/Editor/Data/RootiUpgradeVerification.cs:229)
Nytherion.Editor.RootiUpgradeVerification:Update () (at Assets/Editor/Data/RootiUpgradeVerification.cs:73)
UnityEditor.EditorApplication:Internal_CallUpdateFunctions ()

(Filename: Assets/Editor/Data/RootiUpgradeVerification.cs Line: 262)

[RootiUpgradeVerification] PASS 런타임 강화가 공유 스킬 에셋 원본 수치를 수정하지 않음
UnityEngine.StackTraceUtility:ExtractStackTrace ()
UnityEngine.DebugLogHandler:LogFormat (UnityEngine.LogType,UnityEngine.Object,string,object[])
UnityEngine.Logger:Log (UnityEngine.LogType,object)
UnityEngine.Debug:Log (object)
Nytherion.Editor.RootiUpgradeVerification:Require (bool,string) (at Assets/Editor/Data/RootiUpgradeVerification.cs:262)
Nytherion.Editor.RootiUpgradeVerification/<Verify>d__15:MoveNext () (at Assets/Editor/Data/RootiUpgradeVerification.cs:231)
Nytherion.Editor.RootiUpgradeVerification:Update () (at Assets/Editor/Data/RootiUpgradeVerification.cs:73)
UnityEditor.EditorApplication:Internal_CallUpdateFunctions ()

(Filename: Assets/Editor/Data/RootiUpgradeVerification.cs Line: 262)

[SaveLoadManager] DataLifetimeScope.Instance 또는 Container가 null입니다.
UnityEngine.StackTraceUtility:ExtractStackTrace ()
UnityEngine.DebugLogHandler:LogFormat (UnityEngine.LogType,UnityEngine.Object,string,object[])
UnityEngine.Logger:Log (UnityEngine.LogType,object)
UnityEngine.Debug:LogWarning (object)
Nytherion.Core.Managers.SaveLoadManager:CollectSaveableEntities () (at Assets/Nytherion/Core/Managers/SaveLoadManager.cs:79)
Nytherion.Core.Managers.SaveLoadManager:SaveGameInternal (bool) (at Assets/Nytherion/Core/Managers/SaveLoadManager.cs:226)
Nytherion.Core.Managers.SaveLoadManager:SaveGame () (at Assets/Nytherion/Core/Managers/SaveLoadManager.cs:196)
Nytherion.Core.Managers.SaveLoadManager:OnDestroy () (at Assets/Nytherion/Core/Managers/SaveLoadManager.cs:407)
Nytherion.Editor.RootiUpgradeVerification:Finish (System.Exception) (at Assets/Editor/Data/RootiUpgradeVerification.cs:272)
Nytherion.Editor.RootiUpgradeVerification:Update () (at Assets/Editor/Data/RootiUpgradeVerification.cs:73)
UnityEditor.EditorApplication:Internal_CallUpdateFunctions ()

(Filename: Assets/Nytherion/Core/Managers/SaveLoadManager.cs Line: 79)

[PhysX] Initialized MultithreadedTaskDispatcher with 12 workers.
Input System module state changed to: ShutdownInProgress.
Input System polling thread exited.
Input System module state changed to: Shutdown.
[Licensing::IpcConnector] LicenseClient-kyung-notifications channel disconnected successfully.
[Licensing::IpcConnector] LicenseClient-kyung channel disconnected successfully.
Cleanup mono
[Performance] WinEditorMain                                                                                                                        :        1 samples, Peak.  1.59 s (1.0x), Avg.  1.59 s, Total. 1.593 s (1.7%)
[Performance] WinEditorMain.ConfigureCrashHandler                                                                                                  :        1 samples, Peak.  21.0 us (1.0x), Avg.  21.0 us, Total. 21.00 us (0.0%)
[Performance] WinEditorMain.CurlRequestInitialize                                                                                                  :        1 samples, Peak.  1.61 ms (1.0x), Avg.  1.61 ms, Total. 1.608 ms (0.0%)
[Performance] WinEditorMain.SetupLogFile                                                                                                           :        1 samples, Peak.   818 us (1.0x), Avg.   818 us, Total. 817.6 us (0.0%)
[Performance] WinEditorMain.RunNativeTestsIfRequiredAndExit                                                                                        :        1 samples, Peak.   200 ns (1.0x), Avg.   200 ns, Total. 200.0 ns (0.0%)
[Performance] WinEditorMain.Licensing                                                                                                              :        1 samples, Peak.  1.44 s (1.0x), Avg.  1.44 s, Total. 1.443 s (1.5%)
[Performance] WinEditorMain.InitializeCrashHandler                                                                                                 :        1 samples, Peak.  12.3 ms (1.0x), Avg.  12.3 ms, Total. 12.30 ms (0.0%)
[Performance] WinEditorMain.CreateApplication                                                                                                      :        1 samples, Peak.  41.2 ms (1.0x), Avg.  41.2 ms, Total. 41.22 ms (0.0%)
[Performance] Application.InitializeProject                                                                                                        :        1 samples, Peak.  73.7 s (1.0x), Avg.  73.7 s, Total. 73.67 s (77.0%)
[Performance] Application.PackageManager.StartServer                                                                                               :        1 samples, Peak.  3.61 ms (1.0x), Avg.  3.61 ms, Total. 3.607 ms (0.0%)
[Performance] Application.AcquireProjectLock                                                                                                       :        1 samples, Peak.  10.4 ms (1.0x), Avg.  10.4 ms, Total. 10.44 ms (0.0%)
[Performance] Application.InitializeEngineNoGraphics                                                                                               :        1 samples, Peak.  71.9 ms (1.0x), Avg.  71.9 ms, Total. 71.87 ms (0.1%)
[Performance] Application.PackageManager.Initialize                                                                                                :        1 samples, Peak.   932 ms (1.0x), Avg.   932 ms, Total. 931.8 ms (1.0%)
[Performance] Connecting to Package Manager                                                                                                        :       94 samples, Peak.  64.2 us (25.6x), Avg.  2.51 us, Total. 235.9 us (0.0%)
[Performance] Application.EngineGraphics.Initialize                                                                                                :        1 samples, Peak.  93.4 ms (1.0x), Avg.  93.4 ms, Total. 93.41 ms (0.1%)
[Performance] Application.GI.Initialize                                                                                                            :        1 samples, Peak.  3.58 ms (1.0x), Avg.  3.58 ms, Total. 3.579 ms (0.0%)
[Performance] Application.LoadAllDefaultResourcesFromEditor                                                                                        :        1 samples, Peak.  2.91 ms (1.0x), Avg.  2.91 ms, Total. 2.910 ms (0.0%)
[Performance] Application.LoadMonoAssemblies                                                                                                       :        1 samples, Peak.   865 ms (1.0x), Avg.   865 ms, Total. 865.4 ms (0.9%)
[Performance] RestoreManagedReferences                                                                                                             :        3 samples, Peak.   330 ms (2.3x), Avg.   141 ms, Total. 422.3 ms (0.4%)
[Performance] InitializeOnLoad DrivenRectTransformUndo                                                                                             :        3 samples, Peak.   550 us (1.1x), Avg.   480 us, Total. 1.440 ms (0.0%)
[Performance] InitializeOnLoad SceneSearch                                                                                                         :        3 samples, Peak.   143 us (1.1x), Avg.   132 us, Total. 396.0 us (0.0%)
[Performance] InitializeOnLoad CloudBuild                                                                                                          :        3 samples, Peak.  6.10 us (1.1x), Avg.  5.53 us, Total. 16.60 us (0.0%)
[Performance] InitializeOnLoad NativeFormatImporterUtility                                                                                         :        3 samples, Peak.  3.60 ms (1.2x), Avg.  2.94 ms, Total. 8.827 ms (0.0%)
[Performance] InitializeOnLoad SearchService                                                                                                       :        3 samples, Peak.   268 us (1.5x), Avg.   181 us, Total. 543.7 us (0.0%)
[Performance] InitializeOnLoad SettingsService                                                                                                     :        3 samples, Peak.  21.7 us (1.4x), Avg.  16.0 us, Total. 48.00 us (0.0%)
[Performance] InitializeOnLoad WindowLayout                                                                                                        :        3 samples, Peak.  1.17 ms (1.1x), Avg.  1.11 ms, Total. 3.332 ms (0.0%)
[Performance] InitializeOnLoad AssetStoreContext                                                                                                   :        3 samples, Peak.  31.7 ms (1.1x), Avg.  29.1 ms, Total. 87.43 ms (0.1%)
[Performance] InitializeOnLoad PoolManager                                                                                                         :        3 samples, Peak.   692 us (1.3x), Avg.   515 us, Total. 1.546 ms (0.0%)
[Performance] InitializeOnLoad MixerEffectDefinitionReloader                                                                                       :        3 samples, Peak.  3.02 ms (1.2x), Avg.  2.52 ms, Total. 7.547 ms (0.0%)
[Performance] InitializeOnLoad ProjectSearch                                                                                                       :        3 samples, Peak.  77.3 us (1.1x), Avg.  71.5 us, Total. 214.5 us (0.0%)
[Performance] InitializeOnLoad UISystemProfilerRenderService                                                                                       :        3 samples, Peak.  11.3 us (1.0x), Avg.  10.9 us, Total. 32.80 us (0.0%)
[Performance] InitializeOnLoad EditMode                                                                                                            :        3 samples, Peak.  1.00 ms (1.5x), Avg.   671 us, Total. 2.012 ms (0.0%)
[Performance] InitializeOnLoad UnityConnect                                                                                                        :        3 samples, Peak.   101 us (1.3x), Avg.  77.6 us, Total. 232.9 us (0.0%)
[Performance] InitializeOnLoad ManagedDebugger                                                                                                     :        3 samples, Peak.   788 us (1.7x), Avg.   477 us, Total. 1.430 ms (0.0%)
[Performance] InitializeOnLoad ShortcutIntegration                                                                                                 :        3 samples, Peak.   181 us (1.4x), Avg.   127 us, Total. 381.6 us (0.0%)
[Performance] InitializeOnLoad AddComponentWindow                                                                                                  :        3 samples, Peak.   214 us (1.2x), Avg.   171 us, Total. 513.8 us (0.0%)
[Performance] InitializeOnLoad ManagedDebuggerWindow                                                                                               :        3 samples, Peak.   211 us (1.1x), Avg.   184 us, Total. 552.4 us (0.0%)
[Performance] InitializeOnLoad CacheServerWindow                                                                                                   :        3 samples, Peak.  14.0 us (1.2x), Avg.  11.9 us, Total. 35.80 us (0.0%)
[Performance] InitializeOnLoad PlayModeDownload                                                                                                    :        3 samples, Peak.  7.19 ms (2.8x), Avg.  2.57 ms, Total. 7.703 ms (0.0%)
[Performance] InitializeOnLoad MenuItems                                                                                                           :        3 samples, Peak.   132 us (1.1x), Avg.   118 us, Total. 352.9 us (0.0%)
[Performance] InitializeOnLoad PrefabInstanceChangedListener                                                                                       :        3 samples, Peak.   214 us (1.1x), Avg.   191 us, Total. 573.6 us (0.0%)
[Performance] InitializeOnLoad ObjectSelectorSearch                                                                                                :        3 samples, Peak.   149 us (1.7x), Avg.  88.9 us, Total. 266.8 us (0.0%)
[Performance] InitializeOnLoad EditorMonitor                                                                                                       :        3 samples, Peak.  1.59 ms (1.6x), Avg.   984 us, Total. 2.951 ms (0.0%)
[Performance] InitializeOnLoad RetainedMode                                                                                                        :        3 samples, Peak.  2.93 ms (1.1x), Avg.  2.68 ms, Total. 8.035 ms (0.0%)
[Performance] InitializeOnLoad EditorShaderLoader                                                                                                  :        3 samples, Peak.  1.11 ms (1.4x), Avg.   806 us, Total. 2.418 ms (0.0%)
[Performance] InitializeOnLoad EditorDelegateRegistration                                                                                          :        3 samples, Peak.   775 us (1.1x), Avg.   678 us, Total. 2.033 ms (0.0%)
[Performance] InitializeOnLoad UIDocumentHierarchyWatcher                                                                                          :        3 samples, Peak.   183 us (1.5x), Avg.   124 us, Total. 373.2 us (0.0%)
[Performance] InitializeOnLoad LiveReloadTrackerCreator                                                                                            :        3 samples, Peak.   255 us (1.1x), Avg.   233 us, Total. 699.9 us (0.0%)
[Performance] InitializeOnLoad UxmlObjectEditorFactories                                                                                           :        3 samples, Peak.   797 us (1.3x), Avg.   601 us, Total. 1.802 ms (0.0%)
[Performance] InitializeOnLoad UXMLEditorFactories                                                                                                 :        3 samples, Peak.  93.2 ms (1.1x), Avg.  85.7 ms, Total. 257.0 ms (0.3%)
[Performance] InitializeOnLoad PurchasingService                                                                                                   :        3 samples, Peak.  9.68 ms (1.1x), Avg.  9.21 ms, Total. 27.62 ms (0.0%)
[Performance] InitializeOnLoad CloudBuildPoller                                                                                                    :        3 samples, Peak.   194 us (1.1x), Avg.   173 us, Total. 518.4 us (0.0%)
[Performance] InitializeOnLoad EditorGameServicesAnalytics                                                                                         :        3 samples, Peak.  3.81 ms (2.3x), Avg.  1.67 ms, Total. 4.995 ms (0.0%)
[Performance] InitializeOnLoad AnalyticsService                                                                                                    :        3 samples, Peak.   321 us (1.2x), Avg.   259 us, Total. 778.2 us (0.0%)
[Performance] InitializeOnLoad BuildService                                                                                                        :        3 samples, Peak.   383 us (1.5x), Avg.   257 us, Total. 771.5 us (0.0%)
[Performance] InitializeOnLoad AdsService                                                                                                          :        3 samples, Peak.   587 us (1.1x), Avg.   549 us, Total. 1.648 ms (0.0%)
[Performance] InitializeOnLoad UDPService                                                                                                          :        3 samples, Peak.   307 us (1.2x), Avg.   251 us, Total. 753.5 us (0.0%)
[Performance] InitializeOnLoad CrashService                                                                                                        :        3 samples, Peak.   307 us (1.3x), Avg.   229 us, Total. 687.6 us (0.0%)
[Performance] InitializeOnLoad ServicesRepository                                                                                                  :        3 samples, Peak.  1.50 us (1.6x), Avg.   933 ns, Total. 2.800 us (0.0%)
[Performance] InitializeOnLoad SearchWindow                                                                                                        :        3 samples, Peak.   207 us (1.2x), Avg.   170 us, Total. 509.8 us (0.0%)
[Performance] InitializeOnLoad CustomIndexers                                                                                                      :        3 samples, Peak.  28.5 ms (1.2x), Avg.  24.5 ms, Total. 73.54 ms (0.1%)
[Performance] InitializeOnLoad SearchMonitor                                                                                                       :        3 samples, Peak.  1.70 ms (1.3x), Avg.  1.31 ms, Total. 3.924 ms (0.0%)
[Performance] InitializeOnLoad ParameterControllerEditor                                                                                           :        3 samples, Peak.  23.7 us (1.2x), Avg.  19.4 us, Total. 58.10 us (0.0%)
[Performance] InitializeOnLoad LayerSettingsWindow                                                                                                 :        3 samples, Peak.  44.4 us (2.0x), Avg.  22.3 us, Total. 66.80 us (0.0%)
[Performance] InitializeOnLoad PackageManagerHookGUIDConverter.RegisterPackagesEventHandler                                                        :        3 samples, Peak.  1.16 ms (2.3x), Avg.   503 us, Total. 1.508 ms (0.0%)
[Performance] InitializeOnLoad EditorDragAndDrop.RegisterEditorClient                                                                              :        3 samples, Peak.   341 us (1.1x), Avg.   299 us, Total. 896.9 us (0.0%)
[Performance] InitializeOnLoad EditorEventCallbacks.InitializeFontAssetResourceChangeCallBacks                                                     :        3 samples, Peak.  1.48 ms (1.1x), Avg.  1.35 ms, Total. 4.059 ms (0.0%)
[Performance] InitializeOnLoad SceneTemplateService.Init                                                                                           :        3 samples, Peak.  1.46 ms (1.1x), Avg.  1.30 ms, Total. 3.892 ms (0.0%)
[Performance] InitializeOnLoad DiagnosticSwitchesConsoleMessage.Init                                                                               :        3 samples, Peak.  10.7 ms (1.5x), Avg.  6.94 ms, Total. 20.83 ms (0.0%)
[Performance] InitializeOnLoad PackageManagerWindow.EditorInitializedInSafeMode                                                                    :        3 samples, Peak.  43.5 ms (3.0x), Avg.  14.6 ms, Total. 43.91 ms (0.0%)
[Performance] InitializeOnLoad ToolShortcutContext.Init                                                                                            :        3 samples, Peak.   189 us (1.1x), Avg.   180 us, Total. 541.0 us (0.0%)
[Performance] InitializeOnLoad MemoryProfilerCompilationGuard.InjectCompileGuard                                                                   :        3 samples, Peak.   183 us (1.5x), Avg.   119 us, Total. 358.4 us (0.0%)
[Performance] InitializeOnLoad AssetPostprocessingInternal.RefreshCustomDependencies                                                               :        3 samples, Peak.  4.12 ms (1.3x), Avg.  3.23 ms, Total. 9.682 ms (0.0%)
[Performance] InitializeOnLoad SysrootManager.Initialize                                                                                           :        3 samples, Peak.   528 us (1.1x), Avg.   498 us, Total. 1.495 ms (0.0%)
[Performance] InitializeOnLoad ScopedRegistryAddedPopup.SubscribeToRegistriesAdded                                                                 :        3 samples, Peak.  11.1 ms (1.6x), Avg.  6.97 ms, Total. 20.92 ms (0.0%)
[Performance] InitializeOnLoad SceneVisibilityManager.Initialize                                                                                   :        3 samples, Peak.  5.95 ms (2.2x), Avg.  2.74 ms, Total. 8.226 ms (0.0%)
[Performance] InitializeOnLoad EditorWindow.Initialize                                                                                             :        3 samples, Peak.   329 us (1.1x), Avg.   297 us, Total. 889.6 us (0.0%)
[Performance] AssemblyReloadEvents.afterAssemblyReload: UnityEditor.SceneTemplate.SceneTemplateService.AfterAssemblyReload                         :        3 samples, Peak.  4.04 ms (1.5x), Avg.  2.76 ms, Total. 8.293 ms (0.0%)
[Performance] ProcessService.EditorAfterLoadAllAssemblies                                                                                          :        3 samples, Peak.   400 us (1.0x), Avg.   394 us, Total. 1.182 ms (0.0%)
[Performance] Application.ReadLicenseInfo                                                                                                          :        1 samples, Peak.  13.9 ms (1.0x), Avg.  13.9 ms, Total. 13.85 ms (0.0%)
[Performance] Application.InitialRefresh                                                                                                           :        1 samples, Peak.  69.1 s (1.0x), Avg.  69.1 s, Total. 69.11 s (72.3%)
[Performance] ShaderImporter.SourceAssetModified                                                                                                   :        2 samples, Peak.   600 ns (1.2x), Avg.   500 ns, Total. 1.000 us (0.0%)
[Performance] ShaderIncludeImporter.SourceAssetModified                                                                                            :        2 samples, Peak.   800 ns (1.1x), Avg.   750 ns, Total. 1.500 us (0.0%)
[Performance] Compiling Scripts                                                                                                                    :        1 samples, Peak.  11.3 s (1.0x), Avg.  11.3 s, Total. 11.31 s (11.8%)
[Performance] AssemblyReloadEvents.beforeAssemblyReload: UnityEditor.SceneTemplate.SceneTemplateService.BeforeAssemblyReload                       :        2 samples, Peak.   521 us (1.2x), Avg.   440 us, Total. 880.4 us (0.0%)
[Performance] PSDImporterAssetPostProcessor.OnPreprocessAsset                                                                                      :        8 samples, Peak.  1.42 ms (7.4x), Avg.   192 us, Total. 1.535 ms (0.0%)
[Performance] PresetManagerPostProcessor.OnPreprocessAsset                                                                                         :        8 samples, Peak.   321 us (6.6x), Avg.  48.8 us, Total. 390.7 us (0.0%)
[Performance] CancelSplashScreenOnAssetChange.OnPreprocessAsset                                                                                    :        8 samples, Peak.   371 us (7.6x), Avg.  48.6 us, Total. 389.2 us (0.0%)
[Performance] ShaderGraphAssetPostProcessor.OnPreprocessAsset                                                                                      :        8 samples, Peak.   400 us (7.3x), Avg.  54.6 us, Total. 436.8 us (0.0%)
[Performance] SpritePostProcess.OnPreprocessAsset                                                                                                  :        8 samples, Peak.  3.27 ms (7.7x), Avg.   424 us, Total. 3.395 ms (0.0%)
[Performance] InitializeOnLoad TouchSimulation                                                                                                     :        2 samples, Peak.   820 us (1.6x), Avg.   522 us, Total. 1.045 ms (0.0%)
[Performance] InitializeOnLoad InputSystem                                                                                                         :        2 samples, Peak.  84.2 ms (1.0x), Avg.  80.9 ms, Total. 161.7 ms (0.2%)
[Performance] InitializeOnLoad InputSystemUIInputModuleEditor                                                                                      :        2 samples, Peak.   161 us (1.1x), Avg.   150 us, Total. 299.0 us (0.0%)
[Performance] InitializeOnLoad EnableUITKEditor                                                                                                    :        2 samples, Peak.  34.4 us (1.0x), Avg.  34.1 us, Total. 68.10 us (0.0%)
[Performance] InitializeOnLoad SpriteEditorWindow                                                                                                  :        2 samples, Peak.   565 us (1.0x), Avg.   562 us, Total. 1.124 ms (0.0%)
[Performance] InitializeOnLoad RegisterCheckResourcesDupeDependencies                                                                              :        2 samples, Peak.  1.68 ms (1.1x), Avg.  1.53 ms, Total. 3.061 ms (0.0%)
[Performance] InitializeOnLoad RegisterCheckBundleDupeDependencies                                                                                 :        2 samples, Peak.   165 us (1.1x), Avg.   150 us, Total. 300.9 us (0.0%)
[Performance] InitializeOnLoad AddressableEditorInitialization                                                                                     :        2 samples, Peak.  5.67 ms (1.2x), Avg.  4.73 ms, Total. 9.465 ms (0.0%)
[Performance] InitializeOnLoad GroupsPopupWindow                                                                                                   :        2 samples, Peak.  11.7 us (1.3x), Avg.  8.95 us, Total. 17.90 us (0.0%)
[Performance] InitializeOnLoad GlobalInitialization                                                                                                :        2 samples, Peak.   708 us (1.3x), Avg.   564 us, Total. 1.129 ms (0.0%)
[Performance] InitializeOnLoad RegisterCheckSceneDupeDependencies                                                                                  :        2 samples, Peak.   152 us (1.3x), Avg.   120 us, Total. 240.3 us (0.0%)
[Performance] InitializeOnLoad RegisterBuildBundleLayout                                                                                           :        2 samples, Peak.   130 us (1.2x), Avg.   105 us, Total. 209.6 us (0.0%)
[Performance] InitializeOnLoad AddressableAssetInspectorGUI                                                                                        :        2 samples, Peak.  35.2 ms (1.7x), Avg.  20.3 ms, Total. 40.54 ms (0.0%)
[Performance] EditorResources.Load                                                                                                                 :       18 samples, Peak.  26.9 ms (17.6x), Avg.  1.53 ms, Total. 27.50 ms (0.0%)
[Performance] InitializeOnLoad PrefColorBridge                                                                                                     :        2 samples, Peak.  1.10 ms (1.5x), Avg.   726 us, Total. 1.453 ms (0.0%)
[Performance] InitializeOnLoad AssetTableAnalyzeRule                                                                                               :        2 samples, Peak.   463 us (1.1x), Avg.   435 us, Total. 870.4 us (0.0%)
[Performance] InitializeOnLoad GameViewLanguageMenu                                                                                                :        2 samples, Peak.   833 us (1.2x), Avg.   711 us, Total. 1.422 ms (0.0%)
[Performance] InitializeOnLoad DrivenPropertyDrawer                                                                                                :        2 samples, Peak.   370 us (1.2x), Avg.   298 us, Total. 596.6 us (0.0%)
[Performance] InitializeOnLoad LocalizeComponent                                                                                                   :        2 samples, Peak.  2.83 ms (1.0x), Avg.  2.80 ms, Total. 5.607 ms (0.0%)
[Performance] InitializeOnLoad LocalizeComponent_UGUI                                                                                              :        2 samples, Peak.   570 us (1.2x), Avg.   474 us, Total. 948.1 us (0.0%)
[Performance] InitializeOnLoad LocalizeComponent_TMPro                                                                                             :        2 samples, Peak.   119 us (1.1x), Avg.   108 us, Total. 216.8 us (0.0%)
[Performance] InitializeOnLoad StringTableAnalyzeRule                                                                                              :        2 samples, Peak.   172 us (1.1x), Avg.   160 us, Total. 319.7 us (0.0%)
[Performance] InitializeOnLoad ScenePropertyTracker                                                                                                :        2 samples, Peak.   167 us (1.0x), Avg.   162 us, Total. 324.2 us (0.0%)
[Performance] InitializeOnLoad ContextualPropertyMenu                                                                                              :        2 samples, Peak.   180 us (1.0x), Avg.   177 us, Total. 353.6 us (0.0%)
[Performance] InitializeOnLoad LocaleAnalyzeRule                                                                                                   :        2 samples, Peak.   109 us (1.0x), Avg.   109 us, Total. 218.9 us (0.0%)
[Performance] InitializeOnLoad ChainIgnitionSkillSetup                                                                                             :        2 samples, Peak.   199 us (1.1x), Avg.   180 us, Total. 360.6 us (0.0%)
[Performance] InitializeOnLoad EnemyHitAreaSetup                                                                                                   :        2 samples, Peak.   101 us (1.1x), Avg.  95.1 us, Total. 190.3 us (0.0%)
[Performance] InitializeOnLoad RootiRelicSetup                                                                                                     :        2 samples, Peak.  67.7 us (1.1x), Avg.  64.1 us, Total. 128.1 us (0.0%)
[Performance] InitializeOnLoad GenerateSkillRelics                                                                                                 :        2 samples, Peak.   419 us (1.0x), Avg.   401 us, Total. 801.4 us (0.0%)
[Performance] InitializeOnLoad OpapaRelicSetup                                                                                                     :        2 samples, Peak.  64.7 us (1.0x), Avg.  64.7 us, Total. 129.4 us (0.0%)
[Performance] InitializeOnLoad TrainingDummySetup                                                                                                  :        2 samples, Peak.   199 us (1.0x), Avg.   196 us, Total. 392.4 us (0.0%)
[Performance] InitializeOnLoad RootiUpgradeVerification                                                                                            :        2 samples, Peak.   310 us (1.1x), Avg.   272 us, Total. 543.4 us (0.0%)
[Performance] InitializeOnLoad PyroTankSkillVerification                                                                                           :        2 samples, Peak.   313 us (1.2x), Avg.   265 us, Total. 529.7 us (0.0%)
[Performance] InitializeOnLoad RootiUpgradeRelicSetup                                                                                              :        2 samples, Peak.   113 us (1.3x), Avg.  86.4 us, Total. 172.7 us (0.0%)
[Performance] InitializeOnLoad LayLaserWeaponVerification                                                                                          :        2 samples, Peak.   896 us (1.2x), Avg.   742 us, Total. 1.483 ms (0.0%)
[Performance] InitializeOnLoad ChainIgnitionDebugPanelSetup                                                                                        :        2 samples, Peak.  73.8 us (1.1x), Avg.  69.8 us, Total. 139.6 us (0.0%)
[Performance] InitializeOnLoad PyroTankSkillSetup                                                                                                  :        2 samples, Peak.  66.5 us (1.1x), Avg.  62.6 us, Total. 125.2 us (0.0%)
[Performance] InitializeOnLoad BlastCompanionRelicSetup                                                                                            :        2 samples, Peak.  72.1 us (1.1x), Avg.  63.4 us, Total. 126.8 us (0.0%)
[Performance] InitializeOnLoad ChainIgnitionSkillVerification                                                                                      :        2 samples, Peak.   566 us (1.2x), Avg.   489 us, Total. 977.6 us (0.0%)
[Performance] InitializeOnLoad BoomMakerRelicSetup                                                                                                 :        2 samples, Peak.  76.7 us (1.1x), Avg.  71.0 us, Total. 142.0 us (0.0%)
[Performance] InitializeOnLoad RelicGachaSync                                                                                                      :        2 samples, Peak.   176 us (1.2x), Avg.   147 us, Total. 293.9 us (0.0%)
[Performance] InitializeOnLoad BurstLoader                                                                                                         :        2 samples, Peak.  4.37 s (2.0x), Avg.  2.20 s, Total. 4.394 s (4.6%)
[Performance] InitializeOnLoad EditorToolManager                                                                                                   :        4 samples, Peak.  2.63 ms (1.9x), Avg.  1.38 ms, Total. 5.525 ms (0.0%)
[Performance] InitializeOnLoad SceneDragAndDrop                                                                                                    :        2 samples, Peak.   223 us (1.1x), Avg.   211 us, Total. 422.7 us (0.0%)
[Performance] InitializeOnLoad SpriteShapeUpdateCache                                                                                              :        2 samples, Peak.   618 us (1.0x), Avg.   606 us, Total. 1.212 ms (0.0%)
[Performance] InitializeOnLoad SpriteShapeUnityAnalyticsStorage                                                                                    :        2 samples, Peak.  30.6 us (1.0x), Avg.  29.8 us, Total. 59.70 us (0.0%)
[Performance] InitializeOnLoad ShadowCasterGroup2DManager                                                                                          :        2 samples, Peak.  83.2 us (1.0x), Avg.  79.3 us, Total. 158.6 us (0.0%)
[Performance] InitializeOnLoad ProbeGIBaking                                                                                                       :        2 samples, Peak.  3.53 ms (1.0x), Avg.  3.40 ms, Total. 6.791 ms (0.0%)
[Performance] InitializeOnLoad FilterWindow                                                                                                        :        2 samples, Peak.  76.3 us (1.2x), Avg.  61.7 us, Total. 123.4 us (0.0%)
[Performance] InitializeOnLoad RealtimeProbeSubdivisionDebug                                                                                       :        2 samples, Peak.   882 us (1.0x), Avg.   864 us, Total. 1.728 ms (0.0%)
[Performance] InitializeOnLoad NodeClassCache                                                                                                      :        2 samples, Peak.  8.30 us (1.2x), Avg.  7.15 us, Total. 14.30 us (0.0%)
[Performance] InitializeOnLoad ShaderGraphMaterialsUpdater                                                                                         :        4 samples, Peak.   424 us (1.6x), Avg.   260 us, Total. 1.041 ms (0.0%)
[Performance] InitializeOnLoad Renderer2DAnalytics                                                                                                 :        2 samples, Peak.   173 us (1.2x), Avg.   145 us, Total. 289.7 us (0.0%)
[Performance] InitializeOnLoad BackgroundWatcher                                                                                                   :        2 samples, Peak.   209 us (1.2x), Avg.   176 us, Total. 351.9 us (0.0%)
[Performance] InitializeOnLoad UnityTestProtocolStarter                                                                                            :        2 samples, Peak.   232 us (1.0x), Avg.   228 us, Total. 455.1 us (0.0%)
[Performance] InitializeOnLoad TestStarter                                                                                                         :        2 samples, Peak.   803 us (1.1x), Avg.   737 us, Total. 1.474 ms (0.0%)
[Performance] InitializeOnLoad RerunCallbackInitializer                                                                                            :        2 samples, Peak.  5.49 ms (1.4x), Avg.  3.93 ms, Total. 7.850 ms (0.0%)
[Performance] InitializeOnLoad RiderScriptEditor                                                                                                   :        2 samples, Peak.  11.6 ms (1.1x), Avg.  10.6 ms, Total. 21.20 ms (0.0%)
[Performance] InitializeOnLoad CallbackInitializer                                                                                                 :        2 samples, Peak.  1.98 ms (1.9x), Avg.  1.05 ms, Total. 2.099 ms (0.0%)
[Performance] InitializeOnLoad PlasticPlugin                                                                                                       :        2 samples, Peak.   326 ms (1.1x), Avg.   292 ms, Total. 584.2 ms (0.6%)
[Performance] InitializeOnLoad ToolbarBootstrap                                                                                                    :        2 samples, Peak.  47.9 ms (1.1x), Avg.  45.1 ms, Total. 90.30 ms (0.1%)
[Performance] InitializeOnLoad BackgroundImport                                                                                                    :        2 samples, Peak.   259 us (1.2x), Avg.   217 us, Total. 433.7 us (0.0%)
[Performance] InitializeOnLoad VSUsageUtility                                                                                                      :        2 samples, Peak.  46.3 ms (1.9x), Avg.  23.9 ms, Total. 47.73 ms (0.0%)
[Performance] InitializeOnLoad VisualStudioEditor                                                                                                  :        4 samples, Peak.  7.70 ms (1.4x), Avg.  5.40 ms, Total. 21.59 ms (0.0%)
[Performance] InitializeOnLoad TestRunnerApiListener                                                                                               :        4 samples, Peak.  1.25 ms (1.9x), Avg.   664 us, Total. 2.657 ms (0.0%)
[Performance] InitializeOnLoad VisualStudioIntegration                                                                                             :        4 samples, Peak.  2.53 ms (1.7x), Avg.  1.52 ms, Total. 6.062 ms (0.0%)
[Performance] InitializeOnLoad PrefabLayoutRebuilder                                                                                               :        2 samples, Peak.   421 us (1.0x), Avg.   405 us, Total. 809.2 us (0.0%)
[Performance] InitializeOnLoad SpriteSkinCompositeStartup                                                                                          :        2 samples, Peak.  21.8 ms (1.4x), Avg.  16.0 ms, Total. 31.99 ms (0.0%)
[Performance] InitializeOnLoad UnityAnalyticsStorage                                                                                               :        2 samples, Peak.   605 us (1.1x), Avg.   547 us, Total. 1.093 ms (0.0%)
[Performance] InitializeOnLoad BoneGizmoInitializer                                                                                                :        2 samples, Peak.  4.47 ms (1.2x), Avg.  3.86 ms, Total. 7.723 ms (0.0%)
[Performance] InitializeOnLoad Analytics                                                                                                           :        2 samples, Peak.   551 us (1.2x), Avg.   458 us, Total. 916.7 us (0.0%)
[Performance] InitializeOnLoad NavigationWindow                                                                                                    :        2 samples, Peak.  1.01 ms (1.1x), Avg.   884 us, Total. 1.769 ms (0.0%)
[Performance] InitializeOnLoad Addressables.RegisterPlayModeStateChange                                                                            :        2 samples, Peak.   196 us (1.3x), Avg.   154 us, Total. 308.2 us (0.0%)
[Performance] InitializeOnLoad AssetReference.RegisterForPlaymodeChange                                                                            :        2 samples, Peak.   932 us (1.5x), Avg.   622 us, Total. 1.244 ms (0.0%)
[Performance] InitializeOnLoad IKEditorManager.CreateInstance                                                                                      :        2 samples, Peak.  3.45 ms (1.6x), Avg.  2.14 ms, Total. 4.288 ms (0.0%)
[Performance] InitializeOnLoad $BurstDirectCallInitializer.Initialize                                                                              :       14 samples, Peak.  59.4 ms (7.0x), Avg.  8.54 ms, Total. 119.6 ms (0.1%)
[Performance] InitializeOnLoad SceneViewGridManager.Initialize                                                                                     :        2 samples, Peak.  5.81 ms (1.4x), Avg.  4.30 ms, Total. 8.591 ms (0.0%)
[Performance] InitializeOnLoad TilemapPrefabStageHelper.Initialize                                                                                 :        2 samples, Peak.  6.62 ms (1.7x), Avg.  3.85 ms, Total. 7.704 ms (0.0%)
[Performance] InitializeOnLoad SceneViewOpenTilePaletteHelper.Initialize                                                                           :        2 samples, Peak.  2.44 ms (1.6x), Avg.  1.53 ms, Total. 3.070 ms (0.0%)
[Performance] InitializeOnLoad TileDragAndDropManager.Initialize                                                                                   :        2 samples, Peak.  1.40 ms (1.8x), Avg.   782 us, Total. 1.563 ms (0.0%)
[Performance] InitializeOnLoad AddressableAssetSettings.RegisterWithAssetPostProcessor                                                             :        2 samples, Peak.   534 us (1.0x), Avg.   521 us, Total. 1.042 ms (0.0%)
[Performance] InitializeOnLoad AddressableAssetSettings.CheckCCDStatus                                                                             :        2 samples, Peak.  83.1 us (1.0x), Avg.  81.3 us, Total. 162.7 us (0.0%)
[Performance] InitializeOnLoad ProfileDataSourceSettings.InitializeCloudEnvironment                                                                :        2 samples, Peak.   286 us (1.0x), Avg.   280 us, Total. 559.4 us (0.0%)
[Performance] InitializeOnLoad AddressablesBuildScriptHooks.Init                                                                                   :        2 samples, Peak.  68.8 us (1.0x), Avg.  67.5 us, Total. 134.9 us (0.0%)
[Performance] InitializeOnLoad AddressablesPlayerBuildProcessor.CleanTemporaryPlayerBuildData                                                      :        2 samples, Peak.   999 us (1.1x), Avg.   901 us, Total. 1.802 ms (0.0%)
[Performance] InitializeOnLoad VisualStudioEditor.LegacyVisualStudioCodePackageDisabler                                                            :        4 samples, Peak.   733 us (1.2x), Avg.   594 us, Total. 2.374 ms (0.0%)
[Performance] InitializeOnLoad InputSystemPackageControl.SubscribePackageManagerEvent                                                              :        2 samples, Peak.   114 us (1.1x), Avg.   108 us, Total. 216.8 us (0.0%)
[Performance] InitializeOnLoad InputSystemPluginControl.CheckForExtension                                                                          :        2 samples, Peak.  1.97 ms (1.1x), Avg.  1.87 ms, Total. 3.742 ms (0.0%)
[Performance] InitializeOnLoad MaterialReimporter.RegisterUpgraderReimport                                                                         :        4 samples, Peak.   562 us (2.5x), Avg.   226 us, Total. 904.9 us (0.0%)
[Performance] InitializeOnLoad BackgroundImport.Setup                                                                                              :        2 samples, Peak.   697 us (1.2x), Avg.   602 us, Total. 1.205 ms (0.0%)
[Performance] InitializeOnLoad TestJobDataHolder.ResumeRunningJobs                                                                                 :        2 samples, Peak.  1.65 ms (1.8x), Avg.   901 us, Total. 1.803 ms (0.0%)
[Performance] InitializeOnLoad AnalyticsReporter.RegisterCallbacks                                                                                 :        2 samples, Peak.  1.00 ms (1.3x), Avg.   782 us, Total. 1.564 ms (0.0%)
[Performance] InitializeOnLoad DebugManagerWindowLifetimeAnalytic.SubscribeToDebugManagerOpenCloseWindows                                          :        2 samples, Peak.   812 us (1.1x), Avg.   728 us, Total. 1.456 ms (0.0%)
[Performance] InitializeOnLoad CoreRenderPipelinePreferences.InitPreferenceProviders                                                               :        2 samples, Peak.  49.7 ms (1.2x), Avg.  42.1 ms, Total. 84.12 ms (0.1%)
[Performance] InitializeOnLoad VolumeGizmoDrawer.InitVolumeGizmoCallbacks                                                                          :        2 samples, Peak.   418 us (1.0x), Avg.   403 us, Total. 805.5 us (0.0%)
[Performance] DidReloadScriptsAdvancedDropdownWindow.OnScriptReload                                                                                :        4 samples, Peak.   743 us (1.4x), Avg.   546 us, Total. 2.183 ms (0.0%)
[Performance] DidReloadScriptsNavMeshExtension.OnScriptReload                                                                                      :        2 samples, Peak.  1.23 ms (1.6x), Avg.   747 us, Total. 1.494 ms (0.0%)
[Performance] DidReloadScriptsTestRunnerWindow.CompilationCallback                                                                                 :        2 samples, Peak.   684 us (1.5x), Avg.   452 us, Total. 904.4 us (0.0%)
[Performance] DidReloadScriptsTestListCache.ScriptReloaded                                                                                         :        2 samples, Peak.  2.47 ms (1.8x), Avg.  1.37 ms, Total. 2.745 ms (0.0%)
[Performance] DidReloadScriptsLookDev.OnEditorReload                                                                                               :        2 samples, Peak.   614 us (1.4x), Avg.   442 us, Total. 883.1 us (0.0%)
[Performance] DidReloadScriptsDebugWindow.OnEditorReload                                                                                           :        2 samples, Peak.  6.34 ms (1.1x), Avg.  5.67 ms, Total. 11.34 ms (0.0%)
[Performance] DidReloadScriptsVolumeComponentEditor.OnEditorReload                                                                                 :        2 samples, Peak.  27.7 ms (1.1x), Avg.  24.4 ms, Total. 48.89 ms (0.1%)
[Performance] AssemblyReloadEvents.afterAssemblyReload: UnityEditor.U2D.Animation.BoneGizmo.OnAfterAssemblyReload                                  :        2 samples, Peak.  1.38 ms (1.2x), Avg.  1.14 ms, Total. 2.275 ms (0.0%)
[Performance] AssetDatabase.ImportAssets                                                                                                           :       21 samples, Peak.   171 ms (4.3x), Avg.  39.4 ms, Total. 827.7 ms (0.9%)
[Performance] VersionControl.Task.Wait                                                                                                             :        1 samples, Peak.  11.6 us (1.0x), Avg.  11.6 us, Total. 11.60 us (0.0%)
[Performance] MilestoneAssetPostprocessor.OnPostprocessAllAssets                                                                                   :       14 samples, Peak.  1.47 ms (6.1x), Avg.   242 us, Total. 3.391 ms (0.0%)
[Performance] OpapaRelicAssetPostprocessor.OnPostprocessAllAssets                                                                                  :       14 samples, Peak.   335 us (5.8x), Avg.  58.2 us, Total. 814.5 us (0.0%)
[Performance] RelicAssetPostprocessor.OnPostprocessAllAssets                                                                                       :       14 samples, Peak.   514 ms (4.4x), Avg.   117 ms, Total. 1.633 s (1.7%)
[Performance] SkillAssetPostprocessor.OnPostprocessAllAssets                                                                                       :       14 samples, Peak.  36.8 ms (6.7x), Avg.  5.47 ms, Total. 76.58 ms (0.1%)
[Performance] TMPro_TexturePostProcessor.OnPostprocessAllAssets                                                                                    :       14 samples, Peak.   603 us (4.8x), Avg.   126 us, Total. 1.760 ms (0.0%)
[Performance] AssetPostprocessor.OnPostprocessAllAssets                                                                                            :       14 samples, Peak.  1.82 ms (6.9x), Avg.   264 us, Total. 3.700 ms (0.0%)
[Performance] BuilderAssetPostprocessor.OnPostprocessAllAssets                                                                                     :       14 samples, Peak.  7.46 ms (6.7x), Avg.  1.11 ms, Total. 15.57 ms (0.0%)
[Performance] AddressablesAssetPostProcessor.OnPostprocessAllAssets                                                                                :       14 samples, Peak.  2.77 ms (7.0x), Avg.   398 us, Total. 5.573 ms (0.0%)
[Performance] ArtifactBrowserPostProcessor.OnPostprocessAllAssets                                                                                  :       14 samples, Peak.   669 us (6.8x), Avg.  98.7 us, Total. 1.381 ms (0.0%)
[Performance] AssetEvents.OnPostprocessAllAssets                                                                                                   :       28 samples, Peak.   285 us (8.9x), Avg.  32.0 us, Total. 896.7 us (0.0%)
[Performance] AudioMixerPostprocessor.OnPostprocessAllAssets                                                                                       :       14 samples, Peak.   518 us (6.7x), Avg.  77.0 us, Total. 1.078 ms (0.0%)
[Performance] StyleCatalogPostProcessor.OnPostprocessAllAssets                                                                                     :       14 samples, Peak.  98.3 ms (7.0x), Avg.  14.1 ms, Total. 197.1 ms (0.2%)
[Performance] BuildCatalog                                                                                                                         :        1 samples, Peak.  97.0 ms (1.0x), Avg.  97.0 ms, Total. 97.05 ms (0.1%)
[Performance] ModelImporterPostProcessor.OnPostprocessAllAssets                                                                                    :       14 samples, Peak.  2.12 ms (6.7x), Avg.   315 us, Total. 4.413 ms (0.0%)
[Performance] MaterialPostprocessor.OnPostprocessAllAssets                                                                                         :       28 samples, Peak.  1.15 ms (8.0x), Avg.   145 us, Total. 4.066 ms (0.0%)
[Performance] UniversalRenderPipelineGlobalSettingsPostprocessor.OnPostprocessAllAssets                                                            :       16 samples, Peak.  1.66 ms (4.8x), Avg.   348 us, Total. 5.568 ms (0.0%)
[Performance] RetainedModeAssetPostprocessor.OnPostprocessAllAssets                                                                                :       14 samples, Peak.  17.6 ms (6.9x), Avg.  2.57 ms, Total. 35.94 ms (0.0%)
[Performance] AssetChangedListener.OnPostprocessAllAssets                                                                                          :       14 samples, Peak.  2.35 ms (4.6x), Avg.   515 us, Total. 7.213 ms (0.0%)
[Performance] PostProcessor.OnPostprocessAllAssets                                                                                                 :       14 samples, Peak.  1.34 ms (4.0x), Avg.   336 us, Total. 4.698 ms (0.0%)
[Performance] ShaderGraphAssetPostProcessor.OnPostprocessAllAssets                                                                                 :       14 samples, Peak.  2.17 ms (5.1x), Avg.   422 us, Total. 5.909 ms (0.0%)
[Performance] SpeedTreePostProcessor.OnPostprocessAllAssets                                                                                        :       14 samples, Peak.   232 us (5.0x), Avg.  46.5 us, Total. 651.0 us (0.0%)
[Performance] TextAssetPostProcessor.OnPostprocessAllAssets                                                                                        :       14 samples, Peak.  26.6 ms (7.0x), Avg.  3.82 ms, Total. 53.52 ms (0.1%)
[Performance] AssetProcessor.OnPostprocessAllAssets                                                                                                :       42 samples, Peak.  18.0 ms (18.0x), Avg.   999 us, Total. 41.97 ms (0.0%)
[Performance] SpriteLibraryAssetPostprocessor.OnPostprocessAllAssets                                                                               :       14 samples, Peak.   310 us (6.3x), Avg.  48.9 us, Total. 684.9 us (0.0%)
[Performance] PSDImporterAssetPostProcessor.OnPostprocessAllAssets                                                                                 :       14 samples, Peak.   133 us (5.6x), Avg.  23.9 us, Total. 334.2 us (0.0%)
[Performance] PSDImportPostProcessor.OnPostprocessAllAssets                                                                                        :       14 samples, Peak.   141 us (6.3x), Avg.  22.5 us, Total. 315.1 us (0.0%)
[Performance] SpriteEditorTexturePostprocessor.OnPostprocessAllAssets                                                                              :       14 samples, Peak.   607 us (3.2x), Avg.   193 us, Total. 2.696 ms (0.0%)
[Performance] SpriteShapeAssetPostProcessor.OnPostprocessAllAssets                                                                                 :       14 samples, Peak.   678 us (5.9x), Avg.   115 us, Total. 1.616 ms (0.0%)
[Performance] AssetPathToTypes.OnPostprocessAllAssets                                                                                              :       14 samples, Peak.   471 us (6.6x), Avg.  70.9 us, Total. 993.3 us (0.0%)
[Performance] InputActionAssetPostprocessor.OnPostprocessAllAssets                                                                                 :       16 samples, Peak.   479 us (3.9x), Avg.   123 us, Total. 1.974 ms (0.0%)
[Performance] InputActionJsonNameModifierAssetProcessor.OnPostprocessAllAssets                                                                     :       16 samples, Peak.  80.8 us (2.7x), Avg.  30.3 us, Total. 484.6 us (0.0%)
[Performance] ProjectSettingsPostprocessor.OnPostprocessAllAssets                                                                                  :       16 samples, Peak.   224 us (3.2x), Avg.  71.0 us, Total. 1.137 ms (0.0%)
[Performance] LocalizationAssetPostProcessor.OnPostprocessAllAssets                                                                                :       14 samples, Peak.  1.94 ms (6.2x), Avg.   314 us, Total. 4.399 ms (0.0%)
[Performance] SyncVS.PostprocessSyncProject                                                                                                        :        8 samples, Peak.  18.2 ms (3.3x), Avg.  5.58 ms, Total. 44.62 ms (0.0%)
[Performance] Application.ImportPackagesAndSetTemplateWhenCreatingProject                                                                          :        1 samples, Peak.  18.4 ms (1.0x), Avg.  18.4 ms, Total. 18.40 ms (0.0%)
[Performance] Application.SyncCurrentColorSpace                                                                                                    :        1 samples, Peak.  77.1 ms (1.0x), Avg.  77.1 ms, Total. 77.14 ms (0.1%)
[Performance] Application.OnUsbDevicesChanged                                                                                                      :        1 samples, Peak.  8.64 ms (1.0x), Avg.  8.64 ms, Total. 8.637 ms (0.0%)
[Performance] Application.AssetInstanceCacheUpdate                                                                                                 :        1 samples, Peak.   400 ns (1.0x), Avg.   400 ns, Total. 400.0 ns (0.0%)
[Performance] Application.UnityExtensions.Initialize                                                                                               :        1 samples, Peak.  12.2 ms (1.0x), Avg.  12.2 ms, Total. 12.24 ms (0.0%)
[Performance] CodeEditorProjectSync.SyncEditorProject                                                                                              :        1 samples, Peak.  1.03 s (1.0x), Avg.  1.03 s, Total. 1.028 s (1.1%)
[Performance] Application.ExecuteStartups                                                                                                          :        1 samples, Peak.  35.7 ms (1.0x), Avg.  35.7 ms, Total. 35.71 ms (0.0%)
[Performance] Menu.RegisterMenuInterface                                                                                                           :       26 samples, Peak.  2.30 us (8.5x), Avg.   269 ns, Total. 7.000 us (0.0%)
[Performance] Gizmo.RebuildRenderers                                                                                                               :        3 samples, Peak.  31.5 ms (1.3x), Avg.  24.4 ms, Total. 73.29 ms (0.1%)
[Performance] Gizmo.AddGizmoRenderers                                                                                                              :      372 samples, Peak.  1.58 ms (65.3x), Avg.  24.2 us, Total. 9.013 ms (0.0%)
[Performance] Application.editorInitializingProject                                                                                                :        1 samples, Peak.   277 ms (1.0x), Avg.   277 ms, Total. 276.8 ms (0.3%)
[Performance] Application.FinishLoadingProject                                                                                                     :        1 samples, Peak.  3.35 s (1.0x), Avg.  3.35 s, Total. 3.353 s (3.5%)
[Performance] Application.InitializeMenu                                                                                                           :        1 samples, Peak.   455 ms (1.0x), Avg.   455 ms, Total. 454.8 ms (0.5%)
[Performance] Menu.RebuildAll                                                                                                                      :        1 samples, Peak.   455 ms (1.0x), Avg.   455 ms, Total. 454.8 ms (0.5%)
[Performance] Menu.BuildRegisteredMenuInterfaces                                                                                                   :        1 samples, Peak.   447 ms (1.0x), Avg.   447 ms, Total. 447.0 ms (0.5%)
[Performance] Menu.FilterMenuItem                                                                                                                  :     1136 samples, Peak.   165 ms (936.7x), Avg.   177 us, Total. 200.6 ms (0.2%)
[Performance] UpdateAllMenus                                                                                                                       :        1 samples, Peak.   916 us (1.0x), Avg.   916 us, Total. 916.1 us (0.0%)
[Performance] Menu.RebuildOSMainMenu                                                                                                               :        2 samples, Peak.  6.57 ms (1.2x), Avg.  5.56 ms, Total. 11.11 ms (0.0%)
[Performance] EditorSceneManager.sceneClosing: UnityEditor.SceneVisibilityManager.EditorSceneManagerOnSceneClosing                                 :        3 samples, Peak.   461 us (1.7x), Avg.   271 us, Total. 811.9 us (0.0%)
[Performance] GUIView.RepaintAll.PlayerLoopController                                                                                              :    14084 samples, Peak.  29.4 us (83.2x), Avg.   353 ns, Total. 4.978 ms (0.0%)
[Performance] EditorSceneManager.newSceneCreated: UnityEditor.SceneTemplate.SceneTemplateService.OnNewSceneCreated                                 :        1 samples, Peak.   361 us (1.0x), Avg.   361 us, Total. 361.3 us (0.0%)
[Performance] EditorSceneManager.newSceneCreated: UnityEditor.SceneVisibilityManager.EditorSceneManagerOnNewSceneCreated                           :        1 samples, Peak.   400 us (1.0x), Avg.   400 us, Total. 400.4 us (0.0%)
[Performance] EditorSceneManager.newSceneCreated: UnityEditor.SceneManagement.StageNavigationManager.OnNewSceneCreated                             :        1 samples, Peak.  96.6 us (1.0x), Avg.  96.6 us, Total. 96.60 us (0.0%)
[Performance] Application.InvokeFinishedLoadingProject                                                                                             :        1 samples, Peak.  39.3 ms (1.0x), Avg.  39.3 ms, Total. 39.29 ms (0.0%)
[Performance] ProcessService.OnProjectLoaded                                                                                                       :        1 samples, Peak.  81.3 us (1.0x), Avg.  81.3 us, Total. 81.30 us (0.0%)
[Performance] PaletteAssetModificationProcessor.OnWillSaveAssets                                                                                   :        7 samples, Peak.   785 us (4.2x), Avg.   188 us, Total. 1.315 ms (0.0%)
[Performance] StateMacroSavedEvent.OnWillSaveAssets                                                                                                :        7 samples, Peak.   432 us (3.4x), Avg.   126 us, Total. 884.3 us (0.0%)
[Performance] FlowMacroSavedEvent.OnWillSaveAssets                                                                                                 :        7 samples, Peak.   282 us (4.0x), Avg.  70.9 us, Total. 496.3 us (0.0%)
[Performance] AssetModificationProcessor.OnWillSaveAssets                                                                                          :        7 samples, Peak.   704 us (4.7x), Avg.   150 us, Total. 1.047 ms (0.0%)
[Performance] UnityCloudProjectLinkMonitor.OnWillSaveAssets                                                                                        :        7 samples, Peak.   610 us (4.4x), Avg.   140 us, Total. 978.5 us (0.0%)
[Performance] BuilderAssetModificationProcessor.OnWillSaveAssets                                                                                   :        7 samples, Peak.   828 us (4.4x), Avg.   186 us, Total. 1.305 ms (0.0%)
[Performance] TerrainModificationProcessor.OnWillSaveAssets                                                                                        :        7 samples, Peak.  2.73 ms (5.7x), Avg.   483 us, Total. 3.381 ms (0.0%)
[Performance] EditorSceneManager.sceneOpening: UnityEditor.SceneVisibilityManager.EditorSceneManagerOnSceneOpening                                 :        1 samples, Peak.   227 us (1.0x), Avg.   227 us, Total. 226.7 us (0.0%)
[Performance] Inspector.InitOrRebuild                                                                                                              :        2 samples, Peak.  2.25 ms (1.4x), Avg.  1.57 ms, Total. 3.131 ms (0.0%)
[Performance] EditorSceneManager.sceneOpened: UnityEditor.SceneTemplate.SceneTemplateService.OnSceneOpened                                         :        1 samples, Peak.   234 us (1.0x), Avg.   234 us, Total. 234.2 us (0.0%)
[Performance] EditorSceneManager.sceneOpened: UnityEditor.SceneVisibilityManager.EditorSceneManagerOnSceneOpened                                   :        1 samples, Peak.   131 us (1.0x), Avg.   131 us, Total. 130.9 us (0.0%)
[Performance] EditorSceneManager.sceneOpened: UnityEditor.SceneManagement.StageNavigationManager.OnSceneOpened                                     :        1 samples, Peak.  57.6 us (1.0x), Avg.  57.6 us, Total. 57.60 us (0.0%)
[Performance] EditorApplication.playModeStateChanged                                                                                               :        1 samples, Peak.  6.18 ms (1.0x), Avg.  6.18 ms, Total. 6.178 ms (0.0%)
[Performance] EditorApplication.playModeStateChanged: UnityEditor.ObjectPool.PoolManager.OnEditorStateChange                                       :        2 samples, Peak.   197 us (1.1x), Avg.   180 us, Total. 359.5 us (0.0%)
[Performance] EditorApplication.playModeStateChanged: UnityEditor.PackageManager.UI.Internal.PlayModeDownload.PlayModeStateChanged                 :        2 samples, Peak.   432 us (1.3x), Avg.   336 us, Total. 671.3 us (0.0%)
[Performance] EditorApplication.playModeStateChanged: UnityEngine.InputSystem.LowLevel.NativeInputRuntime.OnPlayModeStateChanged                   :        2 samples, Peak.   880 us (1.2x), Avg.   716 us, Total. 1.431 ms (0.0%)
[Performance] EditorApplication.playModeStateChanged: UnityEditor.Localization.UI.GameViewLanguageMenu.PlayModeStateChanged                        :        2 samples, Peak.   131 us (1.2x), Avg.   107 us, Total. 214.5 us (0.0%)
[Performance] EditorApplication.playModeStateChanged: callback in Nytherion.Editor.TrainingDummySetup                                              :        2 samples, Peak.  67.2 us (1.0x), Avg.  67.1 us, Total. 134.2 us (0.0%)
[Performance] EditorApplication.playModeStateChanged: callback in Nytherion.Editor.RootiUpgradeVerification                                        :        2 samples, Peak.  56.6 us (1.0x), Avg.  54.3 us, Total. 108.6 us (0.0%)
[Performance] EditorApplication.playModeStateChanged: callback in Nytherion.Editor.PyroTankSkillVerification                                       :        2 samples, Peak.  86.1 us (1.1x), Avg.  77.8 us, Total. 155.7 us (0.0%)
[Performance] EditorApplication.playModeStateChanged: callback in Nytherion.Editor.LayLaserWeaponVerification                                      :        2 samples, Peak.   102 us (1.1x), Avg.  91.9 us, Total. 183.9 us (0.0%)
[Performance] EditorApplication.playModeStateChanged: callback in Nytherion.Editor.ChainIgnitionSkillVerification                                  :        2 samples, Peak.  67.7 us (1.0x), Avg.  67.4 us, Total. 134.8 us (0.0%)
[Performance] EditorApplication.playModeStateChanged: Unity.Burst.Editor.BurstLoader.EditorApplicationOnPlayModeStateChanged                       :        2 samples, Peak.   107 us (1.0x), Avg.   105 us, Total. 209.2 us (0.0%)
[Performance] EditorApplication.playModeStateChanged: callback in UnityEditor.U2D.SpriteShapeUpdateCache                                           :        2 samples, Peak.   121 us (1.6x), Avg.  76.5 us, Total. 153.1 us (0.0%)
[Performance] EditorApplication.playModeStateChanged: UnityEditor.SceneManagement.EditorSceneManager.PlayModeStateChangedCallback                  :        2 samples, Peak.  48.6 us (1.0x), Avg.  46.6 us, Total. 93.20 us (0.0%)
[Performance] EditorApplication.playModeStateChanged: UnityEngine.Rendering.Universal.ShadowCasterGroup2DManager.OnPlayModeStateChanged            :        2 samples, Peak.   254 us (1.1x), Avg.   234 us, Total. 467.3 us (0.0%)
[Performance] EditorApplication.playModeStateChanged: UnityEditor.TestTools.TestRunner.PlaymodeLauncher+BackgroundWatcher.OnPlayModeStateChanged   :        2 samples, Peak.   480 us (1.1x), Avg.   430 us, Total. 859.3 us (0.0%)
[Performance] EditorApplication.playModeStateChanged: UnityEditor.U2D.Animation.BoneGizmo.PlayModeStateChanged                                     :        2 samples, Peak.  51.2 us (1.1x), Avg.  48.6 us, Total. 97.30 us (0.0%)
[Performance] EditorApplication.playModeStateChanged: UnityEngine.AddressableAssets.Addressables.SetAddressablesReInitFlagOnExitPlayMode           :        2 samples, Peak.   131 us (1.1x), Avg.   118 us, Total. 236.8 us (0.0%)
[Performance] EditorApplication.playModeStateChanged: UnityEngine.AddressableAssets.AssetReference.EditorApplicationOnplayModeStateChanged         :        2 samples, Peak.   255 us (1.1x), Avg.   222 us, Total. 443.7 us (0.0%)
[Performance] EditorApplication.playModeStateChanged: UnityEditor.AddressableAssets.Build.AddressablesBuildScriptHooks.OnEditorPlayModeChanged     :        2 samples, Peak.   484 us (1.2x), Avg.   392 us, Total. 783.1 us (0.0%)
[Performance] EditorApplication.playModeStateChanged: UnityEditor.PackageManager.UI.Internal.ApplicationProxy.PlayModeStateChanged                 :        2 samples, Peak.   287 us (1.1x), Avg.   260 us, Total. 519.3 us (0.0%)
[Performance] EditorApplication.playModeStateChanged: UnityEditor.SceneVisibilityManager.EditorApplicationPlayModeStateChanged                     :        2 samples, Peak.  71.4 us (1.2x), Avg.  57.2 us, Total. 114.4 us (0.0%)
[Performance] EditorApplication.playModeStateChanged: UnityEditor.TestTools.TestRunner.TestRunnerWindow.OnPlayModeStateChanged                     :        2 samples, Peak.   195 us (1.3x), Avg.   155 us, Total. 310.9 us (0.0%)
[Performance] EditorApplication.playModeStateChanged: UnityEditor.Tilemaps.GridPaintingState.PlayModeStateChanged                                  :        2 samples, Peak.   159 us (1.4x), Avg.   114 us, Total. 227.1 us (0.0%)
[Performance] Application.InvokeProjectWasLoaded                                                                                                   :        1 samples, Peak.  73.0 us (1.0x), Avg.  73.0 us, Total. 73.00 us (0.0%)
[Performance] Application.Message                                                                                                                  :    14083 samples, Peak.  6.17 ms (8113.1x), Avg.   761 ns, Total. 10.72 ms (0.0%)
[Performance] Application.Message.WM_0031F                                                                                                         :        1 samples, Peak.  6.70 us (1.0x), Avg.  6.70 us, Total. 6.700 us (0.0%)
[Performance] Application.Tick                                                                                                                     :    14082 samples, Peak.  5.44 s (4837.8x), Avg.  1.12 ms, Total. 15.84 s (16.6%)
[Performance] CheckLicensingClient                                                                                                                 :        4 samples, Peak.  15.2 us (1.3x), Avg.  12.1 us, Total. 48.20 us (0.0%)
[Performance] CheckLicensingClientNotification                                                                                                     :        4 samples, Peak.  17.1 us (1.1x), Avg.  15.6 us, Total. 62.30 us (0.0%)
[Performance] LicenseActivated.Tick                                                                                                                :        1 samples, Peak.  10.9 us (1.0x), Avg.  10.9 us, Total. 10.90 us (0.0%)
[Performance] Application.TickVersionControl                                                                                                       :    14083 samples, Peak.  43.1 us (84.5x), Avg.   510 ns, Total. 7.186 ms (0.0%)
[Performance] MonoCompiler.Tick                                                                                                                    :       54 samples, Peak.  5.04 s (54.0x), Avg.  93.3 ms, Total. 5.040 s (5.3%)
[Performance] Application.EnterPlayMode                                                                                                            :        1 samples, Peak.  5.01 s (1.0x), Avg.  5.01 s, Total. 5.014 s (5.2%)
[Performance] Application.Reload                                                                                                                   :        1 samples, Peak.  3.07 s (1.0x), Avg.  3.07 s, Total. 3.068 s (3.2%)
[Performance] AssemblyReloadEvents.beforeAssemblyReload: UnityEditor.Rendering.Analytics.DebugManagerWindowLifetimeAnalytic.OnBeforeAssemblyReload :        1 samples, Peak.   624 us (1.0x), Avg.   624 us, Total. 623.8 us (0.0%)
[Performance] SceneDataContainer.TransformHierarchyChangedSetParentCallback                                                                        :     5151 samples, Peak.  34.0 us (59.9x), Avg.   568 ns, Total. 2.923 ms (0.0%)
[Performance] SceneVisibilityState.IsFlagSetInParents                                                                                              :    10965 samples, Peak.  14.9 us (65.8x), Avg.   226 ns, Total. 2.483 ms (0.0%)
[Performance] TimelineAnalyticsProcess.OnProcessScene                                                                                              :        1 samples, Peak.  1.73 ms (1.0x), Avg.  1.73 ms, Total. 1.728 ms (0.0%)
[Performance] UnityBuildPostprocessor.OnProcessScene                                                                                               :        1 samples, Peak.   900 us (1.0x), Avg.   900 us, Total. 900.0 us (0.0%)
[Performance] EditorApplication.playModeStateChanged: UnityEngine.InputSystem.Editor.InputExitPlayModeAnalytic.OnPlayModeStateChange               :        1 samples, Peak.   103 us (1.0x), Avg.   103 us, Total. 103.0 us (0.0%)
[Performance] UnityConnect.Tick                                                                                                                    :        1 samples, Peak.  7.64 ms (1.0x), Avg.  7.64 ms, Total. 7.638 ms (0.0%)
[Performance] UnityVersionControl.Tick                                                                                                             :        1 samples, Peak.   900 ns (1.0x), Avg.   900 ns, Total. 900.0 ns (0.0%)
[Performance] CurlRequest.Tick                                                                                                                     :      105 samples, Peak.  59.3 us (44.0x), Avg.  1.35 us, Total. 141.4 us (0.0%)
[Performance] HubClient.Tick                                                                                                                       :      105 samples, Peak.  1.80 us (6.6x), Avg.   272 ns, Total. 28.60 us (0.0%)
[Performance] AssetDatabase.Tick                                                                                                                   :      105 samples, Peak.  75.2 us (74.3x), Avg.  1.01 us, Total. 106.3 us (0.0%)
[Performance] SceneBackgroundTask.Tick                                                                                                             :       71 samples, Peak.   600 ns (2.8x), Avg.   214 ns, Total. 15.20 us (0.0%)
[Performance] Scheduler.Tick                                                                                                                       :      994 samples, Peak.  1.95 ms (252.6x), Avg.  7.72 us, Total. 7.672 ms (0.0%)
[Performance] RepaintAllProfilerWindows                                                                                                            :       22 samples, Peak.   315 us (19.7x), Avg.  15.9 us, Total. 350.9 us (0.0%)
[Performance] PlayerUpdates.Tick                                                                                                                   :      207 samples, Peak.  34.5 us (3.0x), Avg.  11.5 us, Total. 2.380 ms (0.0%)
[Performance] Application.TickGlobalCallbacks                                                                                                      :    14083 samples, Peak.   148 ms (4033.5x), Avg.  36.8 us, Total. 518.0 ms (0.5%)
[Performance] EditorAnalytics.Tick                                                                                                                 :       44 samples, Peak.  37.5 us (10.7x), Avg.  3.50 us, Total. 154.0 us (0.0%)
[Performance] Video.Update                                                                                                                         :    14083 samples, Peak.  22.9 us (82.4x), Avg.   278 ns, Total. 3.916 ms (0.0%)
[Performance] Application.TickProgress                                                                                                             :    14083 samples, Peak.  4.54 ms (6827.1x), Avg.   665 ns, Total. 9.359 ms (0.0%)
[Performance] Application.TickSceneTracker                                                                                                         :    14082 samples, Peak.  43.7 ms (153.6x), Avg.   284 us, Total. 4.004 s (4.2%)
[Performance] EditorApplication.update                                                                                                             :    14082 samples, Peak.  43.3 ms (157.9x), Avg.   274 us, Total. 3.862 s (4.0%)
[Performance] EditorApplication.update: Nytherion.Editor.EnemyHitAreaSetup.Update                                                                  :    14083 samples, Peak.  1.00 ms (567.8x), Avg.  1.77 us, Total. 24.90 ms (0.0%)
[Performance] EditorApplication.update: Nytherion.Editor.TrainingDummySetup.Update                                                                 :    14083 samples, Peak.  1.65 ms (849.7x), Avg.  1.94 us, Total. 27.34 ms (0.0%)
[Performance] EditorApplication.update: Nytherion.Editor.RootiUpgradeVerification.Update                                                           :    14082 samples, Peak.  15.9 ms (3836.0x), Avg.  4.13 us, Total. 58.21 ms (0.1%)
[Performance] EditorApplication.update: Nytherion.Editor.PyroTankSkillVerification.Update                                                          :    14082 samples, Peak.   918 us (13.2x), Avg.  69.6 us, Total. 980.3 ms (1.0%)
[Performance] EditorApplication.update: Nytherion.Editor.RootiUpgradeRelicSetup.ProcessRequest                                                     :    14082 samples, Peak.   123 us (87.9x), Avg.  1.40 us, Total. 19.76 ms (0.0%)
[Performance] EditorApplication.update: Nytherion.Editor.LayLaserWeaponVerification.Update                                                         :    14082 samples, Peak.   306 us (630.0x), Avg.   485 ns, Total. 6.831 ms (0.0%)
[Performance] EditorApplication.update: Nytherion.Editor.ChainIgnitionDebugPanelSetup.Update                                                       :    14082 samples, Peak.  1.58 ms (17.3x), Avg.  91.2 us, Total. 1.285 s (1.3%)
[Performance] EditorApplication.update: Nytherion.Editor.ChainIgnitionSkillVerification.Update                                                     :    14082 samples, Peak.  6.38 ms (74.2x), Avg.  86.0 us, Total. 1.211 s (1.3%)
[Performance] EditorApplication.update: UnityEngine.Rendering.ProbeSubdivisionContext+RealtimeProbeSubdivisionDebug.UpdateRealtimeSubdivisionDebug :    14082 samples, Peak.  10.7 ms (7929.1x), Avg.  1.35 us, Total. 18.96 ms (0.0%)
[Performance] EditorApplication.update: Unity.PlasticSCM.Editor.Hub.ProcessHubCommand.RunOnceWhenAccessTokenIsInitialized                          :    14082 samples, Peak.   282 us (303.9x), Avg.   927 ns, Total. 13.05 ms (0.0%)
[Performance] EditorApplication.update: callback in Microsoft.Unity.VisualStudio.Editor.VisualStudioIntegration                                    :        1 samples, Peak.  13.2 ms (1.0x), Avg.  13.2 ms, Total. 13.19 ms (0.0%)
[Performance] EditorApplication.update: Microsoft.Unity.VisualStudio.Editor.VisualStudioIntegration.OnUpdate                                       :    14082 samples, Peak.   358 us (248.3x), Avg.  1.44 us, Total. 20.31 ms (0.0%)
[Performance] EditorApplication.update: UnityEditor.AddressableAssets.Settings.AddressableAssetSettings.TryAddAssetPostprocessorOnNextUpdate       :        1 samples, Peak.   120 us (1.0x), Avg.   120 us, Total. 120.0 us (0.0%)
[Performance] EditorApplication.update: callback in UnityEditor.Rendering.Universal.MaterialReimporter                                             :    14082 samples, Peak.  1.28 ms (769.2x), Avg.  1.66 us, Total. 23.40 ms (0.0%)
[Performance] EditorApplication.update: UnityEditor.U2D.Aseprite.BackgroundImport.OnUpdate                                                         :    14082 samples, Peak.   358 us (123.6x), Avg.  2.90 us, Total. 40.80 ms (0.0%)
[Performance] EditorApplication.update: UnityEditor.PackageManager.UI.Internal.ApplicationProxy.OnUpdate                                           :    14082 samples, Peak.   626 us (530.7x), Avg.  1.18 us, Total. 16.62 ms (0.0%)
[Performance] EditorApplication.update: UnityEditor.SceneManagement.StageNavigationManager.Update                                                  :    14082 samples, Peak.   458 us (1280.0x), Avg.   358 ns, Total. 5.039 ms (0.0%)
[Performance] EditorApplication.update: UnityEngine.U2D.Animation.BufferManager.Update                                                             :    14082 samples, Peak.   125 us (161.4x), Avg.   777 ns, Total. 10.94 ms (0.0%)
[Performance] ConsoleLog.Tick                                                                                                                      :       54 samples, Peak.   268 us (35.5x), Avg.  7.55 us, Total. 407.6 us (0.0%)
[Performance] HierarchyWindow.Tick                                                                                                                 :       71 samples, Peak.  6.53 ms (46.7x), Avg.   140 us, Total. 9.927 ms (0.0%)
[Performance] EditorApplication.hierarchyChanged: Unity.UIElements.Editor.UIDocumentHierarchyWatcher.OnHierarchyChanged                            :       19 samples, Peak.   157 us (17.3x), Avg.  9.07 us, Total. 172.4 us (0.0%)
[Performance] EditorApplication.hierarchyChanged: UnityEditor.Tilemaps.SceneViewGridManager.UpdateCache                                            :       19 samples, Peak.  5.39 ms (18.8x), Avg.   287 us, Total. 5.451 ms (0.0%)
[Performance] EditorApplication.hierarchyChanged: UnityEditor.Tilemaps.SceneViewOpenTilePaletteHelper.SelectionChanged                             :       19 samples, Peak.  55.8 us (14.9x), Avg.  3.74 us, Total. 71.10 us (0.0%)
[Performance] EditorApplication.hierarchyChanged: UnityEditor.Tilemaps.GridPaintingState.HierarchyChanged                                          :       19 samples, Peak.   190 us (17.3x), Avg.  11.0 us, Total. 208.7 us (0.0%)
[Performance] Inspector.Tick                                                                                                                       :       71 samples, Peak.   175 ms (69.5x), Avg.  2.51 ms, Total. 178.2 ms (0.2%)
[Performance] EditorApplication.delayCall: UnityEditor.ShortcutManagement.ShortcutIntegration.EnsureShortcutsAreInitialized                        :        1 samples, Peak.  43.4 ms (1.0x), Avg.  43.4 ms, Total. 43.41 ms (0.0%)
[Performance] EditorApplication.delayCall: callback in UnityEngine.InputSystem.EnhancedTouch.TouchSimulation                                       :        1 samples, Peak.   101 us (1.0x), Avg.   101 us, Total. 101.4 us (0.0%)
[Performance] EditorApplication.delayCall: UnityEngine.InputSystem.InputSystem.SetUpRemotingInternal                                               :        1 samples, Peak.  11.3 ms (1.0x), Avg.  11.3 ms, Total. 11.30 ms (0.0%)
[Performance] EditorApplication.delayCall: UnityEngine.InputSystem.InputSystem.ShowRestartWarning                                                  :        1 samples, Peak.  9.86 ms (1.0x), Avg.  9.86 ms, Total. 9.864 ms (0.0%)
[Performance] EditorApplication.delayCall: Nytherion.Editor.ChainIgnitionSkillSetup.SetupIfMissing                                                 :       71 samples, Peak.   347 us (50.9x), Avg.  6.81 us, Total. 483.6 us (0.0%)
[Performance] EditorApplication.delayCall: Nytherion.Editor.RootiRelicSetup.TryAutomaticSetup                                                      :       71 samples, Peak.   175 us (29.5x), Avg.  5.94 us, Total. 421.8 us (0.0%)
[Performance] EditorApplication.delayCall: callback in Nytherion.Editor.GenerateSkillRelics                                                        :        1 samples, Peak.  75.4 ms (1.0x), Avg.  75.4 ms, Total. 75.43 ms (0.1%)
[Performance] EditorApplication.delayCall: Nytherion.Editor.OpapaRelicSetup.TryAutomaticSetup                                                      :        1 samples, Peak.   240 us (1.0x), Avg.   240 us, Total. 239.6 us (0.0%)
[Performance] EditorApplication.delayCall: Nytherion.Editor.PyroTankSkillSetup.SetupIfMissing                                                      :       71 samples, Peak.   150 us (35.8x), Avg.  4.19 us, Total. 297.3 us (0.0%)
[Performance] EditorApplication.delayCall: Nytherion.Editor.BlastCompanionRelicSetup.TryAutomaticSetup                                             :        1 samples, Peak.   186 us (1.0x), Avg.   186 us, Total. 185.7 us (0.0%)
[Performance] EditorApplication.delayCall: Nytherion.Editor.BoomMakerRelicSetup.TryAutomaticSetup                                                  :        1 samples, Peak.   229 us (1.0x), Avg.   229 us, Total. 229.1 us (0.0%)
[Performance] EditorApplication.delayCall: callback in Nytherion.Editor.RelicGachaSync                                                             :        1 samples, Peak.  31.2 ms (1.0x), Avg.  31.2 ms, Total. 31.18 ms (0.0%)
[Performance] EditorApplication.delayCall: callback in UnityEditor.AI.NavMeshEditorHelpers                                                         :        1 samples, Peak.   134 us (1.0x), Avg.   134 us, Total. 133.9 us (0.0%)
[Performance] EditorApplication.delayCall: callback in UnityEditor.EditorTools.ToolShortcutContext                                                 :        1 samples, Peak.   726 us (1.0x), Avg.   726 us, Total. 726.4 us (0.0%)
[Performance] EditorApplication.delayCall: callback in UnityEditor.SceneVisibilityManager                                                          :        1 samples, Peak.   179 us (1.0x), Avg.   179 us, Total. 179.0 us (0.0%)
[Performance] EditorApplication.delayCall: callback in UnityEditor.EditorWindow                                                                    :        1 samples, Peak.  78.6 us (1.0x), Avg.  78.6 us, Total. 78.60 us (0.0%)
[Performance] EditorApplication.delayCall: UnityEditor.EditorTools.EditorToolContext.Activate                                                      :        1 samples, Peak.  1.70 us (1.0x), Avg.  1.70 us, Total. 1.700 us (0.0%)
[Performance] Tooltip.Tick                                                                                                                         :      207 samples, Peak.   128 us (105.1x), Avg.  1.22 us, Total. 251.6 us (0.0%)
[Performance] Application.RequestRepaintForPanels                                                                                                  :    14082 samples, Peak.   611 us (274.5x), Avg.  2.23 us, Total. 31.34 ms (0.0%)
[Performance] Application.UpdateScene                                                                                                              :    14082 samples, Peak.   288 ms (691.8x), Avg.   417 us, Total. 5.865 s (6.1%)
[Performance] PackageImporter.Tick                                                                                                                 :       53 samples, Peak.  1.10 us (3.1x), Avg.   351 ns, Total. 18.60 us (0.0%)
[Performance] InspectorBackground.Tick                                                                                                             :       70 samples, Peak.  2.80 us (4.0x), Avg.   697 ns, Total. 48.80 us (0.0%)
[Performance] BurstDebug.Tick                                                                                                                      :       22 samples, Peak.   800 ns (1.4x), Avg.   591 ns, Total. 13.00 us (0.0%)
[Performance] Application.ChangeLayoutIfNeeded                                                                                                     :    14082 samples, Peak.  8.30 us (127.1x), Avg.  65.3 ns, Total. 919.3 us (0.0%)
[Performance] AsyncReadManager.ForceCloseFiles                                                                                                     :       11 samples, Peak.   124 us (3.3x), Avg.  37.6 us, Total. 413.9 us (0.0%)
[Performance] Application.Shutdown.SaveDefaultWindowPreferences                                                                                    :        1 samples, Peak.   133 us (1.0x), Avg.   133 us, Total. 133.0 us (0.0%)
[Performance] Application.Shutdown.SaveSceneManagerSetup                                                                                           :        1 samples, Peak.   449 us (1.0x), Avg.   449 us, Total. 448.8 us (0.0%)
[Performance] Application.Shutdown.CleanupAllContainerWindows                                                                                      :        1 samples, Peak.   900 ns (1.0x), Avg.   900 ns, Total. 900.0 ns (0.0%)
[Performance] EditorApplication.quitting: Unity.Burst.Editor.BurstLoader.OnEditorApplicationQuitting                                               :        1 samples, Peak.  39.0 us (1.0x), Avg.  39.0 us, Total. 39.00 us (0.0%)
[Performance] EditorApplication.quitting: UnityEditor.Tilemaps.SceneViewGridManager.EditorQuitting                                                 :        1 samples, Peak.  87.1 us (1.0x), Avg.  87.1 us, Total. 87.10 us (0.0%)
[Performance] EditorApplication.quitting: callback in UnityEditor.TextCore.Text.EditorEventCallbacks                                               :        1 samples, Peak.  12.3 ms (1.0x), Avg.  12.3 ms, Total. 12.33 ms (0.0%)
[Performance] Application.Shutdown.PauseProfilerSession                                                                                            :        1 samples, Peak.  29.1 us (1.0x), Avg.  29.1 us, Total. 29.10 us (0.0%)
[Performance] Application.Shutdown.PauseAssetImportWorkers                                                                                         :        1 samples, Peak.   471 us (1.0x), Avg.   471 us, Total. 471.2 us (0.0%)
[Performance] Application.Shutdown.SaveAssets                                                                                                      :        1 samples, Peak.  12.0 ms (1.0x), Avg.  12.0 ms, Total. 11.96 ms (0.0%)
[Performance] Application.Shutdown.CleanupRenderPipeline                                                                                           :        1 samples, Peak.  19.3 us (1.0x), Avg.  19.3 us, Total. 19.30 us (0.0%)
[Performance] Application.Shutdown.StopPreloadManager                                                                                              :        1 samples, Peak.  10.1 ms (1.0x), Avg.  10.1 ms, Total. 10.13 ms (0.0%)
[Performance] Application.Shutdown.DestroyWorld                                                                                                    :        1 samples, Peak.  45.6 ms (1.0x), Avg.  45.6 ms, Total. 45.55 ms (0.0%)
[Performance] Application.Shutdown.CleanupAfterLoad                                                                                                :        1 samples, Peak.   251 ms (1.0x), Avg.   251 ms, Total. 250.9 ms (0.3%)
[Performance] Application.Shutdown.Progress                                                                                                        :        1 samples, Peak.  7.80 us (1.0x), Avg.  7.80 us, Total. 7.800 us (0.0%)
[Performance] Application.Shutdown.GICleanupManagers                                                                                               :        1 samples, Peak.   340 us (1.0x), Avg.   340 us, Total. 339.8 us (0.0%)
[Performance] Application.Shutdown.MenuCleanupClass                                                                                                :        1 samples, Peak.   341 us (1.0x), Avg.   341 us, Total. 341.0 us (0.0%)
[Performance] Application.Shutdown.ADBSaveStateBeforeShutdown                                                                                      :        1 samples, Peak.  6.70 us (1.0x), Avg.  6.70 us, Total. 6.700 us (0.0%)
[Performance] Application.Shutdown.RemoteShutdown                                                                                                  :        1 samples, Peak.   600 ns (1.0x), Avg.   600 ns, Total. 600.0 ns (0.0%)
[Performance] Application.Shutdown.CleanupVCProvider                                                                                               :        1 samples, Peak.  9.60 us (1.0x), Avg.  9.60 us, Total. 9.600 us (0.0%)
[Performance] Application.Shutdown.InputShutdown                                                                                                   :        1 samples, Peak.   300 ns (1.0x), Avg.   300 ns, Total. 300.0 ns (0.0%)
[Performance] Application.Shutdown.GizmoManagerDestroy                                                                                             :        1 samples, Peak.   610 us (1.0x), Avg.   610 us, Total. 609.8 us (0.0%)
[Performance] Application.Shutdown.ProfilerSession                                                                                                 :        1 samples, Peak.   158 us (1.0x), Avg.   158 us, Total. 158.4 us (0.0%)
[Performance] Application.Shutdown.ReleaseGfxWindowOnAllGUIViews                                                                                   :        1 samples, Peak.   400 ns (1.0x), Avg.   400 ns, Total. 400.0 ns (0.0%)
[Performance] Application.Shutdown.CleanupEngine                                                                                                   :        1 samples, Peak.   179 ms (1.0x), Avg.   179 ms, Total. 178.7 ms (0.2%)
[Performance] Application.Shutdown.CleanupAssetDatabase                                                                                            :        1 samples, Peak.  16.3 ms (1.0x), Avg.  16.3 ms, Total. 16.25 ms (0.0%)
[Performance] Application.Shutdown.ScriptCompilationCleanUp                                                                                        :        1 samples, Peak.  20.2 ms (1.0x), Avg.  20.2 ms, Total. 20.24 ms (0.0%)
[Performance] Application.Shutdown.DestroyJobSystem                                                                                                :        1 samples, Peak.   136 us (1.0x), Avg.   136 us, Total. 136.1 us (0.0%)
[Performance] Application.Shutdown.CleanupPersistentManager                                                                                        :        1 samples, Peak.  3.50 ms (1.0x), Avg.  3.50 ms, Total. 3.495 ms (0.0%)
[Performance] Application.Shutdown.CleanupAsyncReadManager                                                                                         :        1 samples, Peak.   294 us (1.0x), Avg.   294 us, Total. 294.4 us (0.0%)
[Performance] Application.Shutdown.CleanupProgressBar                                                                                              :        1 samples, Peak.   300 ns (1.0x), Avg.   300 ns, Total. 300.0 ns (0.0%)
[Performance] Application.Shutdown.CleanupMono                                                                                                     :        1 samples, Peak.   292 ms (1.0x), Avg.   292 ms, Total. 291.8 ms (0.3%)
[Performance] Application.Shutdown.CleanupStdConverters                                                                                            :        1 samples, Peak.  8.40 us (1.0x), Avg.  8.40 us, Total. 8.400 us (0.0%)
[Performance] Application.Shutdown.UnloadAllPlatformSupportModuleNativeDlls                                                                        :        1 samples, Peak.   300 ns (1.0x), Avg.   300 ns, Total. 300.0 ns (0.0%)
[Performance] Application.Shutdown.UnloadAllPlatformSupportNativeLibraries                                                                         :        1 samples, Peak.   100 ns (1.0x), Avg.   100 ns, Total. 100.0 ns (0.0%)
[Performance] Application.Shutdown.CleanupAutoDocumentation                                                                                        :        1 samples, Peak.   409 us (1.0x), Avg.   409 us, Total. 408.8 us (0.0%)
[Performance] Application.Shutdown.ShaderNameManagerDestroy                                                                                        :        1 samples, Peak.  53.8 us (1.0x), Avg.  53.8 us, Total. 53.80 us (0.0%)
[Performance] Application.Shutdown.CleanupCacheServer                                                                                              :        1 samples, Peak.   100 ns (1.0x), Avg.   100 ns, Total. 100.0 ns (0.0%)
[Performance] Application.Shutdown.Virtualization_Shutdown                                                                                         :        1 samples, Peak.   300 ns (1.0x), Avg.   300 ns, Total. 300.0 ns (0.0%)
[Performance] Application.Shutdown.DevConnections                                                                                                  :        1 samples, Peak.  61.6 us (1.0x), Avg.  61.6 us, Total. 61.60 us (0.0%)
Checking for leaked weakptr:
  Found no leaked weakptrs.
[Package Manager] Server::Kill -- Server was shutdown
Memory Statistics:
[ALLOC_TEMP_TLS] TLS Allocator
  StackAllocators : 
    [ALLOC_TEMP_CurlRequest]
      Initial Block Size 64.0 KB
      Current Block Size 64.0 KB
      Peak Allocated Bytes 0 B
      Overflow Count 0
    [ALLOC_TEMP_MAIN]
      Peak usage frame count: [4.0 KB-8.0 KB]: 11743 frames, [8.0 KB-16.0 KB]: 1 frames, [16.0 KB-32.0 KB]: 2328 frames, [32.0 KB-64.0 KB]: 2 frames, [64.0 KB-128.0 KB]: 6 frames, [4.0 MB-8.0 MB]: 1 frames, [8.0 MB-16.0 MB]: 1 frames
      Initial Block Size 16.0 MB
      Current Block Size 29.2 MB
      Peak Allocated Bytes 14.6 MB
      Overflow Count 0
    [ALLOC_TEMP_Background Job.Worker 8]
      Initial Block Size 32.0 KB
      Current Block Size 32.0 KB
      Peak Allocated Bytes 54 B
      Overflow Count 0
    [ALLOC_TEMP_Job.Worker 4]
      Initial Block Size 256.0 KB
      Current Block Size 256.0 KB
      Peak Allocated Bytes 112.6 KB
      Overflow Count 1
    [ALLOC_TEMP_AUDIO_FMOD mixer thread]
      Initial Block Size 64.0 KB
      Current Block Size 64.0 KB
      Peak Allocated Bytes 54 B
      Overflow Count 0
    [ALLOC_TEMP_BakingJobs.Worker 5]
      Initial Block Size 256.0 KB
      Current Block Size 256.0 KB
      Peak Allocated Bytes 54 B
      Overflow Count 0
    [ALLOC_TEMP_Background Job.Worker 11]
      Initial Block Size 32.0 KB
      Current Block Size 32.0 KB
      Peak Allocated Bytes 54 B
      Overflow Count 0
    [ALLOC_TEMP_Background Job.Worker 3]
      Initial Block Size 32.0 KB
      Current Block Size 32.0 KB
      Peak Allocated Bytes 54 B
      Overflow Count 0
    [ALLOC_TEMP_BatchDeleteObjects]
      Initial Block Size 64.0 KB
      Current Block Size 64.0 KB
      Peak Allocated Bytes 54 B
      Overflow Count 0
    [ALLOC_TEMP_CoreBusinessMetricsCache]
      Initial Block Size 64.0 KB
      Current Block Size 64.0 KB
      Peak Allocated Bytes 8.0 KB
      Overflow Count 0
    [ALLOC_TEMP_REST Message Handler]
      Initial Block Size 64.0 KB
      Current Block Size 64.0 KB
      Peak Allocated Bytes 54 B
      Overflow Count 0
    [ALLOC_TEMP_AssetDatabase.IOService]
      Initial Block Size 64.0 KB
      Current Block Size 64.0 KB
      Peak Allocated Bytes 54 B
      Overflow Count 0
    [ALLOC_TEMP_Background Job.Worker 2]
      Initial Block Size 32.0 KB
      Current Block Size 32.0 KB
      Peak Allocated Bytes 1.4 KB
      Overflow Count 0
    [ALLOC_TEMP_Job.Worker 10]
      Initial Block Size 256.0 KB
      Current Block Size 256.0 KB
      Peak Allocated Bytes 1.9 KB
      Overflow Count 0
    [ALLOC_TEMP_Loading.PreloadManager] x 2
      Initial Block Size 32.0 MB
      Current Block Size 54.4 MB
      Peak Allocated Bytes 39.5 MB
      Overflow Count 0
    [ALLOC_TEMP_Profiler.Dispatcher]
      Initial Block Size 64.0 KB
      Current Block Size 64.0 KB
      Peak Allocated Bytes 0 B
      Overflow Count 0
    [ALLOC_TEMP_Job.Worker 3]
      Initial Block Size 256.0 KB
      Current Block Size 356.0 KB
      Peak Allocated Bytes 238.7 KB
      Overflow Count 1
    [ALLOC_TEMP_Background Job.Worker 5]
      Initial Block Size 32.0 KB
      Current Block Size 32.0 KB
      Peak Allocated Bytes 54 B
      Overflow Count 0
    [ALLOC_TEMP_CurlRequest]
      Initial Block Size 64.0 KB
      Current Block Size 64.0 KB
      Peak Allocated Bytes 0 B
      Overflow Count 0
    [ALLOC_TEMP_Background Job.Worker 13]
      Initial Block Size 32.0 KB
      Current Block Size 32.0 KB
      Peak Allocated Bytes 54 B
      Overflow Count 0
    [ALLOC_TEMP_Job.Worker 2]
      Initial Block Size 256.0 KB
      Current Block Size 1.0 MB
      Peak Allocated Bytes 1.0 MB
      Overflow Count 1
    [ALLOC_TEMP_Background Job.Worker 9]
      Initial Block Size 32.0 KB
      Current Block Size 32.0 KB
      Peak Allocated Bytes 54 B
      Overflow Count 0
    [ALLOC_TEMP_Job.Worker 0]
      Initial Block Size 256.0 KB
      Current Block Size 256.0 KB
      Peak Allocated Bytes 1.9 KB
      Overflow Count 1
    [ALLOC_TEMP_Job.Worker 5]
      Initial Block Size 256.0 KB
      Current Block Size 280.0 KB
      Peak Allocated Bytes 186.8 KB
      Overflow Count 1
    [ALLOC_TEMP_ReadCacheIndex] x 2
      Initial Block Size 64.0 KB
      Current Block Size 64.0 KB
      Peak Allocated Bytes 0.7 KB
      Overflow Count 0
    [ALLOC_TEMP_EnlightenWorker] x 12
      Initial Block Size 64.0 KB
      Current Block Size 64.0 KB
      Peak Allocated Bytes 54 B
      Overflow Count 0
    [ALLOC_TEMP_DirMonitor]
      Initial Block Size 64.0 KB
      Current Block Size 64.0 KB
      Peak Allocated Bytes 0.9 KB
      Overflow Count 0
    [ALLOC_TEMP_Job.Worker 9]
      Initial Block Size 256.0 KB
      Current Block Size 256.0 KB
      Peak Allocated Bytes 157.3 KB
      Overflow Count 1
    [ALLOC_TEMP_Job.Worker 6]
      Initial Block Size 256.0 KB
      Current Block Size 256.0 KB
      Peak Allocated Bytes 2.1 KB
      Overflow Count 1
    [ALLOC_TEMP_BakingJobs.Worker 1]
      Initial Block Size 256.0 KB
      Current Block Size 256.0 KB
      Peak Allocated Bytes 0.6 KB
      Overflow Count 0
    [ALLOC_TEMP_Loading.AsyncRead]
      Initial Block Size 64.0 KB
      Current Block Size 64.0 KB
      Peak Allocated Bytes 428 B
      Overflow Count 0
    [ALLOC_TEMP_Background Job.Worker 10]
      Initial Block Size 32.0 KB
      Current Block Size 32.0 KB
      Peak Allocated Bytes 54 B
      Overflow Count 0
    [ALLOC_TEMP_Background Job.Worker 6]
      Initial Block Size 32.0 KB
      Current Block Size 32.0 KB
      Peak Allocated Bytes 54 B
      Overflow Count 0
    [ALLOC_TEMP_AUDIO_FMOD (WASAPI) feeder thread]
      Initial Block Size 64.0 KB
      Current Block Size 64.0 KB
      Peak Allocated Bytes 168 B
      Overflow Count 0
    [ALLOC_TEMP_Background Job.Worker 1]
      Initial Block Size 32.0 KB
      Current Block Size 200.0 KB
      Peak Allocated Bytes 123.5 KB
      Overflow Count 0
    [ALLOC_TEMP_AUDIO_FMOD stream thread]
      Initial Block Size 64.0 KB
      Current Block Size 64.0 KB
      Peak Allocated Bytes 54 B
      Overflow Count 0
    [ALLOC_TEMP_BakingJobs.Worker 2]
      Initial Block Size 256.0 KB
      Current Block Size 256.0 KB
      Peak Allocated Bytes 54 B
      Overflow Count 0
    [ALLOC_TEMP_Background Job.Worker 15]
      Initial Block Size 32.0 KB
      Current Block Size 32.0 KB
      Peak Allocated Bytes 54 B
      Overflow Count 0
    [ALLOC_TEMP_Background Job.Worker 7]
      Initial Block Size 32.0 KB
      Current Block Size 32.0 KB
      Peak Allocated Bytes 54 B
      Overflow Count 0
    [ALLOC_TEMP_Job.Worker 8]
      Initial Block Size 256.0 KB
      Current Block Size 348.0 KB
      Peak Allocated Bytes 233.4 KB
      Overflow Count 1
    [ALLOC_TEMP_Job.Worker 1]
      Initial Block Size 256.0 KB
      Current Block Size 1.0 MB
      Peak Allocated Bytes 1.0 MB
      Overflow Count 1
    [ALLOC_TEMP_BakingJobs.Worker 0]
      Initial Block Size 256.0 KB
      Current Block Size 256.0 KB
      Peak Allocated Bytes 54 B
      Overflow Count 0
    [ALLOC_TEMP_BakingJobs.Worker 3]
      Initial Block Size 256.0 KB
      Current Block Size 256.0 KB
      Peak Allocated Bytes 54 B
      Overflow Count 0
    [ALLOC_TEMP_EditorTaskManager]
      Initial Block Size 64.0 KB
      Current Block Size 68.0 KB
      Peak Allocated Bytes 64.0 KB
      Overflow Count 0
    [ALLOC_TEMP_BakingJobs.Worker 4]
      Initial Block Size 256.0 KB
      Current Block Size 256.0 KB
      Peak Allocated Bytes 54 B
      Overflow Count 0
    [ALLOC_TEMP_Background Job.Worker 12]
      Initial Block Size 32.0 KB
      Current Block Size 32.0 KB
      Peak Allocated Bytes 54 B
      Overflow Count 0
    [ALLOC_TEMP_HTTP REST Server]
      Initial Block Size 64.0 KB
      Current Block Size 64.0 KB
      Peak Allocated Bytes 152 B
      Overflow Count 0
    [ALLOC_TEMP_AssetGarbageCollectorHelper] x 11
      Initial Block Size 64.0 KB
      Current Block Size 64.0 KB
      Peak Allocated Bytes 0 B
      Overflow Count 0
    [ALLOC_TEMP_Background Job.Worker 0]
      Initial Block Size 32.0 KB
      Current Block Size 32.0 KB
      Peak Allocated Bytes 54 B
      Overflow Count 0
    [ALLOC_TEMP_Background Job.Worker 4]
      Initial Block Size 32.0 KB
      Current Block Size 32.0 KB
      Peak Allocated Bytes 54 B
      Overflow Count 0
    [ALLOC_TEMP_Background Job.Worker 14]
      Initial Block Size 32.0 KB
      Current Block Size 32.0 KB
      Peak Allocated Bytes 54 B
      Overflow Count 0
    [ALLOC_TEMP_Job.Worker 7]
      Initial Block Size 256.0 KB
      Current Block Size 256.0 KB
      Peak Allocated Bytes 1.9 KB
      Overflow Count 1
    [ALLOC_TEMP_CloudJob.Worker 0]
      Initial Block Size 32.0 KB
      Current Block Size 32.0 KB
      Peak Allocated Bytes 5.0 KB
      Overflow Count 0
[ALLOC_MEMORYPROFILER]
  Peak usage frame count: [1.0 MB-2.0 MB]: 14082 frames
  Requested Block Size 1.0 MB
  Peak Block count 2
  Peak Allocated memory 1.3 MB
  Peak Large allocation bytes 0 B
[ALLOC_DEFAULT] Dual Thread Allocator
  Peak main deferred allocation count 3778
    [ALLOC_BUCKET]
      Large Block size 32.0 MB
      Used Block count 2
      Peak Allocated bytes 19.6 MB
    [ALLOC_DEFAULT_MAIN]
      Peak usage frame count: [128.0 MB-256.0 MB]: 14082 frames
      Requested Block Size 16.0 MB
      Peak Block count 17
      Peak Allocated memory 242.2 MB
      Peak Large allocation bytes 43.6 MB
    [ALLOC_DEFAULT_THREAD]
      Peak usage frame count: [4.0 MB-8.0 MB]: 14081 frames, [64.0 MB-128.0 MB]: 1 frames
      Requested Block Size 16.0 MB
      Peak Block count 1
      Peak Allocated memory 64.2 MB
      Peak Large allocation bytes 51.2 MB
[ALLOC_TEMP_JOB_1_FRAME]
  Initial Block Size 2.0 MB
  Used Block Count 0
  Overflow Count (too large) 0
  Overflow Count (full) 0
[ALLOC_TEMP_JOB_2_FRAMES]
  Initial Block Size 2.0 MB
  Used Block Count 0
  Overflow Count (too large) 0
  Overflow Count (full) 0
[ALLOC_TEMP_JOB_4_FRAMES (JobTemp)]
  Initial Block Size 2.0 MB
  Used Block Count 1
  Overflow Count (too large) 0
  Overflow Count (full) 0
[ALLOC_TEMP_JOB_ASYNC (Background)]
  Initial Block Size 1.0 MB
  Used Block Count 1
  Overflow Count (too large) 5
  Overflow Count (full) 0
[ALLOC_GFX] Dual Thread Allocator
  Peak main deferred allocation count 52
    [ALLOC_BUCKET]
      Large Block size 32.0 MB
      Used Block count 2
      Peak Allocated bytes 19.6 MB
    [ALLOC_GFX_MAIN]
      Peak usage frame count: [32.0 MB-64.0 MB]: 14082 frames
      Requested Block Size 16.0 MB
      Peak Block count 3
      Peak Allocated memory 43.8 MB
      Peak Large allocation bytes 0 B
    [ALLOC_GFX_THREAD]
      Peak usage frame count: [32.0 MB-64.0 MB]: 14082 frames
      Requested Block Size 16.0 MB
      Peak Block count 1
      Peak Allocated memory 32.1 MB
      Peak Large allocation bytes 32.0 MB
[ALLOC_CACHEOBJECTS] Dual Thread Allocator
  Peak main deferred allocation count 3651
    [ALLOC_BUCKET]
      Large Block size 32.0 MB
      Used Block count 2
      Peak Allocated bytes 19.6 MB
    [ALLOC_CACHEOBJECTS_MAIN]
      Peak usage frame count: [32.0 MB-64.0 MB]: 14081 frames, [64.0 MB-128.0 MB]: 1 frames
      Requested Block Size 4.0 MB
      Peak Block count 34
      Peak Allocated memory 92.0 MB
      Peak Large allocation bytes 27.6 MB
    [ALLOC_CACHEOBJECTS_THREAD]
      Peak usage frame count: [16.0 MB-32.0 MB]: 14081 frames, [32.0 MB-64.0 MB]: 1 frames
      Requested Block Size 4.0 MB
      Peak Block count 6
      Peak Allocated memory 36.8 MB
      Peak Large allocation bytes 15.1 MB
[ALLOC_TYPETREE] Dual Thread Allocator
  Peak main deferred allocation count 4052
    [ALLOC_BUCKET]
      Large Block size 32.0 MB
      Used Block count 2
      Peak Allocated bytes 19.6 MB
    [ALLOC_TYPETREE_MAIN]
      Peak usage frame count: [2.0 MB-4.0 MB]: 14081 frames, [32.0 MB-64.0 MB]: 1 frames
      Requested Block Size 2.0 MB
      Peak Block count 20
      Peak Allocated memory 36.0 MB
      Peak Large allocation bytes 0 B
    [ALLOC_TYPETREE_THREAD]
      Peak usage frame count: [0.5 MB-1.0 MB]: 14081 frames, [4.0 MB-8.0 MB]: 1 frames
      Requested Block Size 2.0 MB
      Peak Block count 4
      Peak Allocated memory 7.3 MB
      Peak Large allocation bytes 0 B
[ALLOC_PROFILER]
  Peak usage frame count: [256.0 KB-0.5 MB]: 14082 frames
  Requested Block Size 16.0 MB
  Peak Block count 1
  Peak Allocated memory 505.0 KB
  Peak Large allocation bytes 0 B
    [ALLOC_PROFILER_BUCKET]
      Large Block size 32.0 MB
      Used Block count 1
      Peak Allocated bytes 4.2 KB
[ALLOC_PROFILER_EDITOR]
  Peak usage frame count: [0-1.0 KB]: 14082 frames
  Requested Block Size 1.0 MB
  Peak Block count 0
  Peak Allocated memory 0 B
  Peak Large allocation bytes 0 B
    [ALLOC_PROFILER_BUCKET]
      Large Block size 32.0 MB
      Used Block count 1
      Peak Allocated bytes 4.2 KB
##utp:{"type":"MemoryLeaks","version":2,"phase":"Immediate","time":1790691006116,"processId":37512,"allocatedMemory":35637625,"memoryLabels":[{"Default":20335},{"Permanent":15615},{"NewDelete":82080},{"Thread":4229188},{"Manager":31121},{"VertexData":12},{"Geometry":560},{"Texture":480},{"Shader":68850},{"Material":24},{"GfxDevice":57048},{"Animation":296},{"Audio":3928},{"FontEngine":272},{"Physics":513},{"Serialization":948},{"Input":14744},{"JobScheduler":34408},{"Mono":40},{"ScriptingNativeRuntime":191848},{"BaseObject":1627276},{"Resource":1360},{"Renderer":2304},{"Transform":16},{"File":3805},{"WebCam":96},{"Culling":40},{"Terrain":1137},{"Wind":24},{"STL":48},{"String":24483},{"DynamicArray":105536},{"HashMap":4662404},{"Utility":2662722},{"Curl":1424},{"PoolAlloc":1728},{"AI":104},{"TypeTree":5077},{"ScriptManager":640},{"RuntimeInitializeOnLoadManager":80},{"SpriteAtlas":128},{"GI":4072},{"Director":7960},{"CloudService":3712},{"WebRequest":688},{"VR":46081},{"SceneManager":568},{"Video":72},{"LazyScriptCache":40},{"NativeArray":12},{"Camera":25},{"Secure":1},{"SerializationCache":1584},{"APIUpdating":11872},{"Subsystems":392},{"VirtualTexturing":57896},{"StaticSafetyDebugInfo":327680},{"EditorGui":56},{"EditorUtility":141258},{"VersionControl":4},{"Undo":704},{"AssetDatabase":21131618},{"RestService":1414},{"EditorGi":376},{"License":3584},{"UnityConnect":25344},{"Collab":593},{"Upm":2032},{"DrivenProperties":96},{"LocalIPC":276},{"ProfilerEditor":10943},{"CoreBusinessMetrics":3850},{"AssetReference":40},{"IPCStream":40}]}
