[Licensing::Module] Trying to connect to existing licensing client channel...
[Licensing::IpcConnector] Successfully connected to: "LicenseClient-kyung" at "2026-09-29T14:30:36.0871997Z"
[Licensing::Client] Code 10 while verifying Licensing Client signature (process Id: 11648, path: "C:/Program Files/Unity Hub/UnityLicensingClient_V1/Unity.Licensing.Client.exe")
[Licensing::Module] LicensingClient has failed validation; ignoring
[Licensing::Client] Handshaking with LicensingClient:
  Version:                 1.17.4+4293ba1
  Session Id:              2fd020cd69344d1aa1bd738bb1dd81e4
  Correlation Id:          c33b62d914a2d3cbf1386592b4d9986d
  External correlation Id: 6491676715128581658
  Machine Id:              sgq3U92oUHjAYY2K+5R//JWuJmw=
[Licensing::Module] Successfully connected to LicensingClient on channel: "LicenseClient-kyung" (connect: 0.00s, validation: 0.01s, handshake: 0.04s)
[Licensing::IpcConnector] Successfully connected to: "LicenseClient-kyung-notifications" at "2026-09-29T14:30:36.1387771Z"
[Licensing::Module] Error: Access token is unavailable; failed to update
[Licensing::Client] Successfully updated license
Built from '2022.3/respin/2022.3.62f2-4af31df585-v2' branch; Version is '2022.3.62f2 (7670c08855a9) revision 7762112'; Using compiler version '192829333'; Build Type 'Release'
OS: 'Windows 10  (10.0.19045) 64bit Core' Language: 'ko' Physical Memory: 24514 MB
[Licensing::Client] Successfully resolved entitlement details
[Licensing::Module] Serial number assigned to: "F4-6RG9-4KD6-T4HW-2SXE-XXXX"
[Licensing::Module] Serial number assigned to: "14568601583659-UnityPersXXXX"
BatchMode: 1, IsHumanControllingUs: 0, StartBugReporterOnCrash: 0, Is64bit: 1, IsPro: 0
[Licensing::Client] Successfully resolved entitlement details
[Licensing::Module] Serial number assigned to: "F4-6RG9-4KD6-T4HW-2SXE-XXXX"
[Licensing::Module] Serial number assigned to: "14568601583659-UnityPersXXXX"

COMMAND LINE ARGUMENTS:
C:\Program Files\Unity\Hub\Editor\2022.3.62f2\Editor\Unity.exe
-batchmode
-nographics
-projectPath
C:\Users\kyung\AppData\Local\Temp\nytherion-all-skills-verification-20260928
-executeMethod
Nytherion.Editor.RootiUpgradeVerification.RunBatch
-logFile
C:/RoguelikePrototype/output/rooti-upgrades/unity-collision-only.log
Successfully changed project path to: C:\Users\kyung\AppData\Local\Temp\nytherion-all-skills-verification-20260928
C:/Users/kyung/AppData/Local/Temp/nytherion-all-skills-verification-20260928
[UnityMemory] Configuration Parameters - Can be set up in boot.config
    "memorysetup-bucket-allocator-granularity=16"
    "memorysetup-bucket-allocator-bucket-count=8"
    "memorysetup-bucket-allocator-block-size=33554432"
    "memorysetup-bucket-allocator-block-count=8"
    "memorysetup-main-allocator-block-size=16777216"
    "memorysetup-thread-allocator-block-size=16777216"
    "memorysetup-gfx-main-allocator-block-size=16777216"
    "memorysetup-gfx-thread-allocator-block-size=16777216"
    "memorysetup-cache-allocator-block-size=4194304"
    "memorysetup-typetree-allocator-block-size=2097152"
    "memorysetup-profiler-bucket-allocator-granularity=16"
    "memorysetup-profiler-bucket-allocator-bucket-count=8"
    "memorysetup-profiler-bucket-allocator-block-size=33554432"
    "memorysetup-profiler-bucket-allocator-block-count=8"
    "memorysetup-profiler-allocator-block-size=16777216"
    "memorysetup-profiler-editor-allocator-block-size=1048576"
    "memorysetup-temp-allocator-size-main=16777216"
    "memorysetup-job-temp-allocator-block-size=2097152"
    "memorysetup-job-temp-allocator-block-size-background=1048576"
    "memorysetup-job-temp-allocator-reduction-small-platforms=262144"
    "memorysetup-allocator-temp-initial-block-size-main=262144"
    "memorysetup-allocator-temp-initial-block-size-worker=262144"
    "memorysetup-temp-allocator-size-background-worker=32768"
    "memorysetup-temp-allocator-size-job-worker=262144"
    "memorysetup-temp-allocator-size-preload-manager=33554432"
    "memorysetup-temp-allocator-size-nav-mesh-worker=65536"
    "memorysetup-temp-allocator-size-audio-worker=65536"
    "memorysetup-temp-allocator-size-cloud-worker=32768"
    "memorysetup-temp-allocator-size-gi-baking-worker=262144"
    "memorysetup-temp-allocator-size-gfx=262144"
Player connection [21412]  Target information:

Player connection [21412]  * "[IP] 192.168.0.14 [Port] 55505 [Flags] 2 [Guid] 585809276 [EditorId] 585809276 [Version] 1048832 [Id] WindowsEditor(7,DESKTOP-HR3SF2C) [Debug] 1 [PackageName] WindowsEditor [ProjectName] Editor" 

Player connection [21412] Host joined multi-casting on [225.0.0.222:54997]...
Player connection [21412] Host joined alternative multi-casting on [225.0.0.222:34997]...
Input System module state changed to: Initialized.
[PhysX] Initialized MultithreadedTaskDispatcher with 12 workers.
[Package Manager] UpmClient::Connect -- Connected to IPC stream "Upm-36940" after 0.6 seconds.
[Package Manager] Restoring resolved packages state from cache
[Licensing::Client] Successfully resolved entitlement details
[Package Manager] Registered 68 packages:
  Packages from [https://package.openupm.com]:
    jp.hadashikick.vcontainer@1.17.0 (location: C:\Users\kyung\AppData\Local\Temp\nytherion-all-skills-verification-20260928\Library\PackageCache\jp.hadashikick.vcontainer@1.17.0)
  Packages from [https://packages.unity.com]:
    com.unity.2d.animation@9.2.2 (location: C:\Users\kyung\AppData\Local\Temp\nytherion-all-skills-verification-20260928\Library\PackageCache\com.unity.2d.animation@9.2.2)
    com.unity.2d.aseprite@1.1.11 (location: C:\Users\kyung\AppData\Local\Temp\nytherion-all-skills-verification-20260928\Library\PackageCache\com.unity.2d.aseprite@1.1.11)
    com.unity.ai.navigation@1.1.7 (location: C:\Users\kyung\AppData\Local\Temp\nytherion-all-skills-verification-20260928\Library\PackageCache\com.unity.ai.navigation@1.1.7)
    com.unity.collab-proxy@2.8.2 (location: C:\Users\kyung\AppData\Local\Temp\nytherion-all-skills-verification-20260928\Library\PackageCache\com.unity.collab-proxy@2.8.2)
    com.unity.ide.rider@3.0.36 (location: C:\Users\kyung\AppData\Local\Temp\nytherion-all-skills-verification-20260928\Library\PackageCache\com.unity.ide.rider@3.0.36)
    com.unity.ide.visualstudio@2.0.22 (location: C:\Users\kyung\AppData\Local\Temp\nytherion-all-skills-verification-20260928\Library\PackageCache\com.unity.ide.visualstudio@2.0.22)
    com.unity.inputsystem@1.14.0 (location: C:\Users\kyung\AppData\Local\Temp\nytherion-all-skills-verification-20260928\Library\PackageCache\com.unity.inputsystem@1.14.0)
    com.unity.localization@1.4.3 (location: C:\Users\kyung\AppData\Local\Temp\nytherion-all-skills-verification-20260928\Library\PackageCache\com.unity.localization@1.4.3)
    com.unity.nuget.newtonsoft-json@3.2.1 (location: C:\Users\kyung\AppData\Local\Temp\nytherion-all-skills-verification-20260928\Library\PackageCache\com.unity.nuget.newtonsoft-json@3.2.1)
    com.unity.test-framework@1.1.33 (location: C:\Users\kyung\AppData\Local\Temp\nytherion-all-skills-verification-20260928\Library\PackageCache\com.unity.test-framework@1.1.33)
    com.unity.textmeshpro@3.0.7 (location: C:\Users\kyung\AppData\Local\Temp\nytherion-all-skills-verification-20260928\Library\PackageCache\com.unity.textmeshpro@3.0.7)
    com.unity.timeline@1.7.7 (location: C:\Users\kyung\AppData\Local\Temp\nytherion-all-skills-verification-20260928\Library\PackageCache\com.unity.timeline@1.7.7)
    com.unity.visualscripting@1.9.4 (location: C:\Users\kyung\AppData\Local\Temp\nytherion-all-skills-verification-20260928\Library\PackageCache\com.unity.visualscripting@1.9.4)
    com.unity.ext.nunit@1.0.6 (location: C:\Users\kyung\AppData\Local\Temp\nytherion-all-skills-verification-20260928\Library\PackageCache\com.unity.ext.nunit@1.0.6)
    com.unity.mathematics@1.2.6 (location: C:\Users\kyung\AppData\Local\Temp\nytherion-all-skills-verification-20260928\Library\PackageCache\com.unity.mathematics@1.2.6)
    com.unity.burst@1.8.21 (location: C:\Users\kyung\AppData\Local\Temp\nytherion-all-skills-verification-20260928\Library\PackageCache\com.unity.burst@1.8.21)
    com.unity.addressables@1.22.3 (location: C:\Users\kyung\AppData\Local\Temp\nytherion-all-skills-verification-20260928\Library\PackageCache\com.unity.addressables@1.22.3)
    com.unity.2d.pixel-perfect@5.1.0 (location: C:\Users\kyung\AppData\Local\Temp\nytherion-all-skills-verification-20260928\Library\PackageCache\com.unity.2d.pixel-perfect@5.1.0)
    com.unity.2d.psdimporter@8.1.0 (location: C:\Users\kyung\AppData\Local\Temp\nytherion-all-skills-verification-20260928\Library\PackageCache\com.unity.2d.psdimporter@8.1.0)
    com.unity.2d.spriteshape@9.1.0 (location: C:\Users\kyung\AppData\Local\Temp\nytherion-all-skills-verification-20260928\Library\PackageCache\com.unity.2d.spriteshape@9.1.0)
    com.unity.2d.tilemap.extras@3.1.3 (location: C:\Users\kyung\AppData\Local\Temp\nytherion-all-skills-verification-20260928\Library\PackageCache\com.unity.2d.tilemap.extras@3.1.3)
    com.unity.2d.common@8.1.1 (location: C:\Users\kyung\AppData\Local\Temp\nytherion-all-skills-verification-20260928\Library\PackageCache\com.unity.2d.common@8.1.1)
    com.unity.collections@1.2.4 (location: C:\Users\kyung\AppData\Local\Temp\nytherion-all-skills-verification-20260928\Library\PackageCache\com.unity.collections@1.2.4)
    com.unity.searcher@4.9.2 (location: C:\Users\kyung\AppData\Local\Temp\nytherion-all-skills-verification-20260928\Library\PackageCache\com.unity.searcher@4.9.2)
    com.unity.scriptablebuildpipeline@1.21.25 (location: C:\Users\kyung\AppData\Local\Temp\nytherion-all-skills-verification-20260928\Library\PackageCache\com.unity.scriptablebuildpipeline@1.21.25)
  Built-in packages:
    com.unity.feature.2d@2.0.1 (location: C:\Users\kyung\AppData\Local\Temp\nytherion-all-skills-verification-20260928\Library\PackageCache\com.unity.feature.2d@2.0.1)
    com.unity.render-pipelines.universal@14.0.12 (location: C:\Users\kyung\AppData\Local\Temp\nytherion-all-skills-verification-20260928\Library\PackageCache\com.unity.render-pipelines.universal@14.0.12)
    com.unity.ugui@1.0.0 (location: C:\Users\kyung\AppData\Local\Temp\nytherion-all-skills-verification-20260928\Library\PackageCache\com.unity.ugui@1.0.0)
    com.unity.modules.ai@1.0.0 (location: C:\Users\kyung\AppData\Local\Temp\nytherion-all-skills-verification-20260928\Library\PackageCache\com.unity.modules.ai@1.0.0)
    com.unity.modules.androidjni@1.0.0 (location: C:\Users\kyung\AppData\Local\Temp\nytherion-all-skills-verification-20260928\Library\PackageCache\com.unity.modules.androidjni@1.0.0)
    com.unity.modules.animation@1.0.0 (location: C:\Users\kyung\AppData\Local\Temp\nytherion-all-skills-verification-20260928\Library\PackageCache\com.unity.modules.animation@1.0.0)
    com.unity.modules.assetbundle@1.0.0 (location: C:\Users\kyung\AppData\Local\Temp\nytherion-all-skills-verification-20260928\Library\PackageCache\com.unity.modules.assetbundle@1.0.0)
    com.unity.modules.audio@1.0.0 (location: C:\Users\kyung\AppData\Local\Temp\nytherion-all-skills-verification-20260928\Library\PackageCache\com.unity.modules.audio@1.0.0)
    com.unity.modules.cloth@1.0.0 (location: C:\Users\kyung\AppData\Local\Temp\nytherion-all-skills-verification-20260928\Library\PackageCache\com.unity.modules.cloth@1.0.0)
    com.unity.modules.director@1.0.0 (location: C:\Users\kyung\AppData\Local\Temp\nytherion-all-skills-verification-20260928\Library\PackageCache\com.unity.modules.director@1.0.0)
    com.unity.modules.imageconversion@1.0.0 (location: C:\Users\kyung\AppData\Local\Temp\nytherion-all-skills-verification-20260928\Library\PackageCache\com.unity.modules.imageconversion@1.0.0)
    com.unity.modules.imgui@1.0.0 (location: C:\Users\kyung\AppData\Local\Temp\nytherion-all-skills-verification-20260928\Library\PackageCache\com.unity.modules.imgui@1.0.0)
    com.unity.modules.jsonserialize@1.0.0 (location: C:\Users\kyung\AppData\Local\Temp\nytherion-all-skills-verification-20260928\Library\PackageCache\com.unity.modules.jsonserialize@1.0.0)
    com.unity.modules.particlesystem@1.0.0 (location: C:\Users\kyung\AppData\Local\Temp\nytherion-all-skills-verification-20260928\Library\PackageCache\com.unity.modules.particlesystem@1.0.0)
    com.unity.modules.physics@1.0.0 (location: C:\Users\kyung\AppData\Local\Temp\nytherion-all-skills-verification-20260928\Library\PackageCache\com.unity.modules.physics@1.0.0)
    com.unity.modules.physics2d@1.0.0 (location: C:\Users\kyung\AppData\Local\Temp\nytherion-all-skills-verification-20260928\Library\PackageCache\com.unity.modules.physics2d@1.0.0)
    com.unity.modules.screencapture@1.0.0 (location: C:\Users\kyung\AppData\Local\Temp\nytherion-all-skills-verification-20260928\Library\PackageCache\com.unity.modules.screencapture@1.0.0)
    com.unity.modules.terrain@1.0.0 (location: C:\Users\kyung\AppData\Local\Temp\nytherion-all-skills-verification-20260928\Library\PackageCache\com.unity.modules.terrain@1.0.0)
    com.unity.modules.terrainphysics@1.0.0 (location: C:\Users\kyung\AppData\Local\Temp\nytherion-all-skills-verification-20260928\Library\PackageCache\com.unity.modules.terrainphysics@1.0.0)
    com.unity.modules.tilemap@1.0.0 (location: C:\Users\kyung\AppData\Local\Temp\nytherion-all-skills-verification-20260928\Library\PackageCache\com.unity.modules.tilemap@1.0.0)
    com.unity.modules.ui@1.0.0 (location: C:\Users\kyung\AppData\Local\Temp\nytherion-all-skills-verification-20260928\Library\PackageCache\com.unity.modules.ui@1.0.0)
    com.unity.modules.uielements@1.0.0 (location: C:\Users\kyung\AppData\Local\Temp\nytherion-all-skills-verification-20260928\Library\PackageCache\com.unity.modules.uielements@1.0.0)
    com.unity.modules.umbra@1.0.0 (location: C:\Users\kyung\AppData\Local\Temp\nytherion-all-skills-verification-20260928\Library\PackageCache\com.unity.modules.umbra@1.0.0)
    com.unity.modules.unityanalytics@1.0.0 (location: C:\Users\kyung\AppData\Local\Temp\nytherion-all-skills-verification-20260928\Library\PackageCache\com.unity.modules.unityanalytics@1.0.0)
    com.unity.modules.unitywebrequest@1.0.0 (location: C:\Users\kyung\AppData\Local\Temp\nytherion-all-skills-verification-20260928\Library\PackageCache\com.unity.modules.unitywebrequest@1.0.0)
    com.unity.modules.unitywebrequestassetbundle@1.0.0 (location: C:\Users\kyung\AppData\Local\Temp\nytherion-all-skills-verification-20260928\Library\PackageCache\com.unity.modules.unitywebrequestassetbundle@1.0.0)
    com.unity.modules.unitywebrequestaudio@1.0.0 (location: C:\Users\kyung\AppData\Local\Temp\nytherion-all-skills-verification-20260928\Library\PackageCache\com.unity.modules.unitywebrequestaudio@1.0.0)
    com.unity.modules.unitywebrequesttexture@1.0.0 (location: C:\Users\kyung\AppData\Local\Temp\nytherion-all-skills-verification-20260928\Library\PackageCache\com.unity.modules.unitywebrequesttexture@1.0.0)
    com.unity.modules.unitywebrequestwww@1.0.0 (location: C:\Users\kyung\AppData\Local\Temp\nytherion-all-skills-verification-20260928\Library\PackageCache\com.unity.modules.unitywebrequestwww@1.0.0)
    com.unity.modules.vehicles@1.0.0 (location: C:\Users\kyung\AppData\Local\Temp\nytherion-all-skills-verification-20260928\Library\PackageCache\com.unity.modules.vehicles@1.0.0)
    com.unity.modules.video@1.0.0 (location: C:\Users\kyung\AppData\Local\Temp\nytherion-all-skills-verification-20260928\Library\PackageCache\com.unity.modules.video@1.0.0)
    com.unity.modules.vr@1.0.0 (location: C:\Users\kyung\AppData\Local\Temp\nytherion-all-skills-verification-20260928\Library\PackageCache\com.unity.modules.vr@1.0.0)
    com.unity.modules.wind@1.0.0 (location: C:\Users\kyung\AppData\Local\Temp\nytherion-all-skills-verification-20260928\Library\PackageCache\com.unity.modules.wind@1.0.0)
    com.unity.modules.xr@1.0.0 (location: C:\Users\kyung\AppData\Local\Temp\nytherion-all-skills-verification-20260928\Library\PackageCache\com.unity.modules.xr@1.0.0)
    com.unity.modules.subsystems@1.0.0 (location: C:\Users\kyung\AppData\Local\Temp\nytherion-all-skills-verification-20260928\Library\PackageCache\com.unity.modules.subsystems@1.0.0)
    com.unity.render-pipelines.core@14.0.12 (location: C:\Users\kyung\AppData\Local\Temp\nytherion-all-skills-verification-20260928\Library\PackageCache\com.unity.render-pipelines.core@14.0.12)
    com.unity.shadergraph@14.0.12 (location: C:\Users\kyung\AppData\Local\Temp\nytherion-all-skills-verification-20260928\Library\PackageCache\com.unity.shadergraph@14.0.12)
    com.unity.render-pipelines.universal-config@14.0.10 (location: C:\Users\kyung\AppData\Local\Temp\nytherion-all-skills-verification-20260928\Library\PackageCache\com.unity.render-pipelines.universal-config@14.0.10)
    com.unity.2d.sprite@1.0.0 (location: C:\Users\kyung\AppData\Local\Temp\nytherion-all-skills-verification-20260928\Library\PackageCache\com.unity.2d.sprite@1.0.0)
    com.unity.2d.tilemap@1.0.0 (location: C:\Users\kyung\AppData\Local\Temp\nytherion-all-skills-verification-20260928\Library\PackageCache\com.unity.2d.tilemap@1.0.0)
  Git packages:
    com.h8man.2d.navmeshplus@https://github.com/h8man/NavMeshPlus.git#master (location: C:\Users\kyung\AppData\Local\Temp\nytherion-all-skills-verification-20260928\Library\PackageCache\com.h8man.2d.navmeshplus@53de7d5c64)
    com.unity.ide.windsurf@https://github.com/Asuta/com.unity.ide.windsurf.git (location: C:\Users\kyung\AppData\Local\Temp\nytherion-all-skills-verification-20260928\Library\PackageCache\com.unity.ide.windsurf@6161accf3e)
[Subsystems] No new subsystems found in resolved package list.
Package Manager log level set to [2]
[Package Manager] Done registering packages in 0.09 seconds
Artifact Garbage Collection - Removed 1 unused hashed content files
Refreshing native plugins compatible for Editor in 19.09 ms, found 4 plugins.
Preloading 0 native plugins for Editor in 0.00 ms.
Initialize engine version: 2022.3.62f2 (7670c08855a9)
[Subsystems] Discovering subsystems at path C:/Program Files/Unity/Hub/Editor/2022.3.62f2/Editor/Data/Resources/UnitySubsystems
[Subsystems] Discovering subsystems at path C:/Users/kyung/AppData/Local/Temp/nytherion-all-skills-verification-20260928/Assets
Forcing GfxDevice: Null
GfxDevice: creating device client; threaded=0; jobified=0
NullGfxDevice:
    Version:  NULL 1.0 [1.0]
    Renderer: Null Device
    Vendor:   Unity Technologies
Shader Hidden/ProbeVolume/VoxelizeScene is not supported: GPU does not support conservative rasterization
[Licensing::Client] Successfully resolved entitlement details
[Licensing::Module] Serial number assigned to: "F4-6RG9-4KD6-T4HW-2SXE-XXXX"
[Licensing::Module] Serial number assigned to: "14568601583659-UnityPersXXXX"
Initialize mono
Mono path[0] = 'C:/Program Files/Unity/Hub/Editor/2022.3.62f2/Editor/Data/Managed'
Mono path[1] = 'C:/Program Files/Unity/Hub/Editor/2022.3.62f2/Editor/Data/MonoBleedingEdge/lib/mono/unityjit-win32'
Mono config path = 'C:/Program Files/Unity/Hub/Editor/2022.3.62f2/Editor/Data/MonoBleedingEdge/etc'
Using monoOptions --debugger-agent=transport=dt_socket,embedding=1,server=y,suspend=n,address=127.0.0.1:56940
Using cacheserver namespaces - metadata:defaultmetadata, artifacts:defaultartifacts
Using cacheserver namespaces - metadata:defaultmetadata, artifacts:defaultartifacts
ImportWorker Server TCP listen port: 0
Begin MonoManager ReloadAssembly
Registering precompiled unity dll's ...
Register platform support module: C:/Program Files/Unity/Hub/Editor/2022.3.62f2/Editor/Data/PlaybackEngines/WindowsStandaloneSupport/UnityEditor.WindowsStandalone.Extensions.dll
Registered in 0.011955 seconds.
- Loaded All Assemblies, in  0.475 seconds
Native extension for WindowsStandalone target not found
Mono: successfully reloaded assembly
- Finished resetting the current domain, in  0.394 seconds
Domain Reload Profiling: 866ms
	BeginReloadAssembly (121ms)
		ExecutionOrderSort (0ms)
		DisableScriptedObjects (0ms)
		BackupInstance (0ms)
		ReleaseScriptingObjects (0ms)
		CreateAndSetChildDomain (1ms)
	RebuildCommonClasses (39ms)
	RebuildNativeTypeToScriptingClass (13ms)
	initialDomainReloadingComplete (73ms)
	LoadAllAssembliesAndSetupDomain (226ms)
		LoadAssemblies (119ms)
		RebuildTransferFunctionScriptingTraits (0ms)
		AnalyzeDomain (223ms)
			TypeCache.Refresh (221ms)
				TypeCache.ScanAssembly (197ms)
			ScanForSourceGeneratedMonoScriptInfo (0ms)
			ResolveRequiredComponents (1ms)
	FinalizeReload (394ms)
		ReleaseScriptCaches (0ms)
		RebuildScriptCaches (0ms)
		SetupLoadedEditorAssemblies (317ms)
			LogAssemblyErrors (0ms)
			InitializePlatformSupportModulesInManaged (20ms)
			SetLoadedEditorAssemblies (13ms)
			RefreshPlugins (0ms)
			BeforeProcessingInitializeOnLoad (3ms)
			ProcessInitializeOnLoadAttributes (220ms)
			ProcessInitializeOnLoadMethodAttributes (60ms)
			AfterProcessingInitializeOnLoad (0ms)
			EditorAssembliesLoaded (0ms)
		ExecutionOrderSort2 (0ms)
		AwakeInstancesAfterBackupRestoration (0ms)
[Licensing::Client] Successfully resolved entitlement details
[Licensing::Module] Serial number assigned to: "F4-6RG9-4KD6-T4HW-2SXE-XXXX"
[Licensing::Module] Serial number assigned to: "14568601583659-UnityPersXXXX"
Application.AssetDatabase Initial Refresh Start
The GUID inside 'Assets/Nytherion/Art/Characters/Player/Animations/Walk.anim.meta' cannot be extracted by the YAML Parser. Attempting to extract it via string matching instead. Please verify the file does not contain unexpected data.
The GUID inside 'Assets/Nytherion/Core/Enums/BossPortal.cs.meta' cannot be extracted by the YAML Parser. Attempting to extract it via string matching instead. Please verify the file does not contain unexpected data.
The GUID inside 'Assets/Nytherion/Core/Managers/BaseManager.cs.meta' cannot be extracted by the YAML Parser. Attempting to extract it via string matching instead. Please verify the file does not contain unexpected data.
The GUID inside 'Assets/Nytherion/Core/test/BossPortal.prefab.meta' cannot be extracted by the YAML Parser. Attempting to extract it via string matching instead. Please verify the file does not contain unexpected data.
The GUID inside 'Assets/Nytherion/Core/test/BossSpawnPoint.cs.meta' cannot be extracted by the YAML Parser. Attempting to extract it via string matching instead. Please verify the file does not contain unexpected data.
The GUID inside 'Assets/Nytherion/Core/test/portal.anim.meta' cannot be extracted by the YAML Parser. Attempting to extract it via string matching instead. Please verify the file does not contain unexpected data.
The GUID inside 'Assets/Nytherion/Core/test/VillagePortal.prefab.meta' cannot be extracted by the YAML Parser. Attempting to extract it via string matching instead. Please verify the file does not contain unexpected data.
The GUID inside 'Assets/Nytherion/Gameplay/Characters/Player/States/DashState.cs.meta' cannot be extracted by the YAML Parser. Attempting to extract it via string matching instead. Please verify the file does not contain unexpected data.
The GUID inside 'Assets/Nytherion/Gameplay/Characters/Player/States/IdleState.cs.meta' cannot be extracted by the YAML Parser. Attempting to extract it via string matching instead. Please verify the file does not contain unexpected data.
The GUID inside 'Assets/Nytherion/Gameplay/Characters/Player/States/PlayerState.cs.meta' cannot be extracted by the YAML Parser. Attempting to extract it via string matching instead. Please verify the file does not contain unexpected data.
The GUID inside 'Assets/Nytherion/Gameplay/Dungeon/Portals/VillagePortal.cs.meta' cannot be extracted by the YAML Parser. Attempting to extract it via string matching instead. Please verify the file does not contain unexpected data.
The GUID inside 'Assets/Prefabs/Infrastructure/Managers/DungeonManager.prefab.meta' cannot be extracted by the YAML Parser. Attempting to extract it via string matching instead. Please verify the file does not contain unexpected data.
The GUID inside 'Assets/Prefabs/Infrastructure/Managers/GachaUIController.prefab.meta' cannot be extracted by the YAML Parser. Attempting to extract it via string matching instead. Please verify the file does not contain unexpected data.
The GUID inside 'Assets/Prefabs/Infrastructure/Managers/GameSceneUIManager.prefab.meta' cannot be extracted by the YAML Parser. Attempting to extract it via string matching instead. Please verify the file does not contain unexpected data.
The GUID inside 'Assets/Prefabs/Infrastructure/Managers/InventoryPresenter.prefab.meta' cannot be extracted by the YAML Parser. Attempting to extract it via string matching instead. Please verify the file does not contain unexpected data.
The GUID inside 'Assets/Prefabs/Infrastructure/Managers/ItemUsageManager.prefab.meta' cannot be extracted by the YAML Parser. Attempting to extract it via string matching instead. Please verify the file does not contain unexpected data.
[ScriptCompilation] Requested script compilation because: Assetdatabase observed changes in script compilation related files
Starting: C:\Program Files\Unity\Hub\Editor\2022.3.62f2\Editor\Data\bee_backend.exe --ipc --defer-dag-verification --dagfile="Library/Bee/1900b0aE.dag" --continue-on-failure --profile="Library/Bee/backend1.traceevents" ScriptAssemblies
WorkingDir: C:/Users/kyung/AppData/Local/Temp/nytherion-all-skills-verification-20260928
DisplayProgressbar: Compiling Scripts
ExitCode: 0 Duration: 4s751ms
[ 794/1046  0s] ILPP-Configuration Library/ilpp-configuration.nevergeneratedoutput
[1038/1046  2s] Csc Library/Bee/artifacts/1900b0aE.dag/Assembly-CSharp.dll (+2 others)
Assets\Nytherion\Gameplay\Combat\Weapons\Melee\ShortDagger.cs(26,40): warning CS0414: The field 'ShortDagger.thrustDistance' is assigned but its value is never used

Assets\Nytherion\Gameplay\Combat\Weapons\Melee\ShortDagger.cs(79,41): warning CS0414: The field 'ShortDagger.thrustEffectStateName' is assigned but its value is never used

Assets\Nytherion\Gameplay\Combat\Weapons\Melee\ShortDagger.cs(112,40): warning CS0414: The field 'ShortDagger.swingDistance' is assigned but its value is never used

Assets\Nytherion\Gameplay\Skills\Abilities\PyroTank\PyroTankController.cs(34,23): warning CS0414: The field 'PyroTankController.explosionEndsAt' is assigned but its value is never used
[1039/1046  0s] ILPostProcess Library/Bee/artifacts/1900b0aE.dag/post-processed/Assembly-CSharp.dll (+pdb)
Processing assembly Library/Bee/artifacts/1900b0aE.dag/Assembly-CSharp.dll, with 120 defines and 282 references

processors: zzzUnity.Burst.CodeGen.BurstILPostProcessor

running zzzUnity.Burst.CodeGen.BurstILPostProcessor
[1040/1046  0s] Csc Library/Bee/artifacts/1900b0aE.dag/Assembly-CSharp-Editor.dll (+2 others)
Assets\Editor\Data\TrainingDummySetup.cs(241,29): warning CS0252: Possible unintended reference comparison; to get a value comparison, cast the left hand side to type 'Object'
[1041/1046  0s] CopyFiles Library/ScriptAssemblies/Assembly-CSharp.pdb
[1042/1046  0s] CopyFiles Library/ScriptAssemblies/Assembly-CSharp.dll
[1043/1046  0s] ILPostProcess Library/Bee/artifacts/1900b0aE.dag/post-processed/Assembly-CSharp-Editor.dll (+pdb)
Processing assembly Library/Bee/artifacts/1900b0aE.dag/Assembly-CSharp-Editor.dll, with 118 defines and 299 references

processors: zzzUnity.Burst.CodeGen.BurstILPostProcessor

running zzzUnity.Burst.CodeGen.BurstILPostProcessor
[1044/1046  0s] CopyFiles Library/ScriptAssemblies/Assembly-CSharp-Editor.pdb
[1045/1046  0s] CopyFiles Library/ScriptAssemblies/Assembly-CSharp-Editor.dll
*** Tundra build success (4.71 seconds), 9 items updated, 1046 evaluated
Assets\Nytherion\Gameplay\Combat\Weapons\Melee\ShortDagger.cs(26,40): warning CS0414: The field 'ShortDagger.thrustDistance' is assigned but its value is never used
Assets\Nytherion\Gameplay\Combat\Weapons\Melee\ShortDagger.cs(79,41): warning CS0414: The field 'ShortDagger.thrustEffectStateName' is assigned but its value is never used
Assets\Nytherion\Gameplay\Combat\Weapons\Melee\ShortDagger.cs(112,40): warning CS0414: The field 'ShortDagger.swingDistance' is assigned but its value is never used
Assets\Nytherion\Gameplay\Skills\Abilities\PyroTank\PyroTankController.cs(34,23): warning CS0414: The field 'PyroTankController.explosionEndsAt' is assigned but its value is never used
Assets\Editor\Data\TrainingDummySetup.cs(241,29): warning CS0252: Possible unintended reference comparison; to get a value comparison, cast the left hand side to type 'Object'
AssetDatabase: script compilation time: 5.415554s
Begin MonoManager ReloadAssembly
- Loaded All Assemblies, in  1.749 seconds
Refreshing native plugins compatible for Editor in 7.76 ms, found 4 plugins.
Preloading 0 native plugins for Editor in 0.00 ms.
Start importing Assets/Nytherion/Gameplay/Skills/Abilities/Turret/RootiTurretController.cs using Guid(f9c7dd7be83990d4d89c34744d6ff5cf) Importer(-1,00000000000000000000000000000000) [PhysX] Initialized MultithreadedTaskDispatcher with 12 workers.
 -> (artifact id: 'cf344bbe8233c6fad04a5d22bd5c81b1') in 0.015283 seconds
Start importing Assets/Editor/Data/RootiUpgradeRelicSetup.cs using Guid(eb8196160be63454d997881aaa4b4104) Importer(-1,00000000000000000000000000000000) [PhysX] Initialized MultithreadedTaskDispatcher with 12 workers.
 -> (artifact id: 'fb5029ddba293806611ef0d76591e274') in 0.007500 seconds
Start importing Assets/Editor/Data/RootiUpgradeVerification.cs using Guid(2c59c8a3867412d4cbd06aec31317226) Importer(-1,00000000000000000000000000000000) [PhysX] Initialized MultithreadedTaskDispatcher with 12 workers.
 -> (artifact id: '4188b83b44e3ee74d08a3173c70cfb15') in 0.002160 seconds
Start importing Assets/Nytherion/Data/ScriptableObjects/Skill/TurretSkillData.cs using Guid(8c52696b8dd58234fb3d6b84df0739df) Importer(-1,00000000000000000000000000000000) [PhysX] Initialized MultithreadedTaskDispatcher with 12 workers.
 -> (artifact id: 'a4570dea9fa09194f15b28352e46fb31') in 0.002347 seconds
Refreshing native plugins compatible for Editor in 8.82 ms, found 4 plugins.
Native extension for WindowsStandalone target not found
Mono: successfully reloaded assembly
- Finished resetting the current domain, in  4.474 seconds
Domain Reload Profiling: 6216ms
	BeginReloadAssembly (213ms)
		ExecutionOrderSort (0ms)
		DisableScriptedObjects (6ms)
		BackupInstance (0ms)
		ReleaseScriptingObjects (0ms)
		CreateAndSetChildDomain (31ms)
	RebuildCommonClasses (41ms)
	RebuildNativeTypeToScriptingClass (12ms)
	initialDomainReloadingComplete (43ms)
	LoadAllAssembliesAndSetupDomain (1434ms)
		LoadAssemblies (1187ms)
		RebuildTransferFunctionScriptingTraits (0ms)
		AnalyzeDomain (364ms)
			TypeCache.Refresh (280ms)
				TypeCache.ScanAssembly (256ms)
			ScanForSourceGeneratedMonoScriptInfo (51ms)
			ResolveRequiredComponents (30ms)
	FinalizeReload (4474ms)
		ReleaseScriptCaches (0ms)
		RebuildScriptCaches (0ms)
		SetupLoadedEditorAssemblies (4217ms)
			LogAssemblyErrors (0ms)
			InitializePlatformSupportModulesInManaged (10ms)
			SetLoadedEditorAssemblies (6ms)
			RefreshPlugins (0ms)
			BeforeProcessingInitializeOnLoad (102ms)
			ProcessInitializeOnLoadAttributes (3936ms)
			ProcessInitializeOnLoadMethodAttributes (152ms)
			AfterProcessingInitializeOnLoad (11ms)
			EditorAssembliesLoaded (1ms)
		ExecutionOrderSort2 (0ms)
		AwakeInstancesAfterBackupRestoration (12ms)
Refreshing native plugins compatible for Editor in 7.74 ms, found 4 plugins.
Preloading 0 native plugins for Editor in 0.00 ms.
Asset Pipeline Refresh (id=7893b06d2edeefb44957feb6dbe280e0): Total: 15.909 seconds - Initiated by InitialRefreshV2(ForceSynchronousImport)
	Summary:
		Imports: total=4 (actual=4, local cache=0, cache server=0)
		Asset DB Process Time: managed=8 ms, native=3281 ms
		Asset DB Callback time: managed=703 ms, native=13 ms
		Scripting: domain reloads=1, domain reload time=6368 ms, compile time=5422 ms, other=110 ms
		Project Asset Count: scripts=9557, non-scripts=6272
		Asset File Changes: new=1, changed=4, moved=0, deleted=1
		Scan Filter Count: 0
	InvokeBeforeRefreshCallbacks: 0.970ms
	ApplyChangesToAssetFolders: 0.072ms
	Scan: 228.347ms
	OnSourceAssetsModified: 2.244ms
	UnregisterDeletedAssets: 0.003ms
	GetAllGuidsForCategorization: 2.747ms
	CategorizeAssets: 381.415ms
	ImportOutOfDateAssets: 4604.170ms (-911.946ms without children)
		ImportManagerImport: 38.014ms (8.973ms without children)
			ImportInProcess: 28.990ms
			UpdateCategorizedAssets: 0.052ms
		CompileScripts: 5421.996ms
		ReloadNativeAssets: 0.030ms
		UnloadImportedAssets: 42.986ms
		ReloadImportedAssets: 1.184ms
		EnsureUptoDateAssetsAreRegisteredWithGuidPM: 6.305ms
		InitializingProgressBar: 0.001ms
		PostProcessAllAssetNotificationsAddChangedAssets: 0.002ms
		OnDemandSchedulerStart: 5.596ms
	PostProcessAllAssets: 704.049ms
	Hotreload: 10.263ms
	GatherAllCurrentPrimaryArtifactRevisions: 0.000ms
	UnloadStreamsBegin: 1.697ms
	PersistCurrentRevisions: 1.019ms
	UnloadStreamsEnd: 0.201ms
	GenerateScriptTypeHashes: 8.188ms
	Untracked: 9971.840ms
Application.AssetDatabase Initial Refresh End
Shader Hidden/ProbeVolume/VoxelizeScene is not supported: GPU does not support conservative rasterization
Scanning for USB devices : 5.304ms
Initializing Unity extensions:
[Licensing::Client] Successfully resolved entitlement details
[Licensing::Module] Serial number assigned to: "F4-6RG9-4KD6-T4HW-2SXE-XXXX"
[Licensing::Module] Serial number assigned to: "14568601583659-UnityPersXXXX"
[MODES] ModeService[none].Initialize
[MODES] ModeService[none].LoadModes
[MODES] Loading mode Default (0) for mode-current-id-PrototypeV01
[PhysX] Initialized MultithreadedTaskDispatcher with 12 workers.
ProgressiveSceneManager::Cancel()
Unloading 418 Unused Serialized files (Serialized files now loaded: 0)
Unloading 837 unused Assets / (1.3 MB). Loaded Objects now: 8268.
Memory consumption went from 232.4 MB to 231.1 MB.
Total: 9.341500 ms (FindLiveObjects: 0.845000 ms CreateObjectMapping: 0.728200 ms MarkObjects: 6.233300 ms  DeleteObjects: 1.533500 ms)

Start importing Assets/Nytherion/Data/ScriptableObjects/Relics/SkillRelics/PurpleRadish.asset using Guid(20b3a47cfd8ce244da6c6c33ec54b38b) Importer(-1,00000000000000000000000000000000) [PhysX] Initialized MultithreadedTaskDispatcher with 12 workers.
 -> (artifact id: 'cea01c48b370f494cc62dc5c71a34bab') in 0.002814 seconds
Refreshing native plugins compatible for Editor in 9.53 ms, found 4 plugins.
Preloading 0 native plugins for Editor in 0.00 ms.
Asset Pipeline Refresh (id=e9ac11f5b352a004bb227dec0683c306): Total: 0.106 seconds - Initiated by StopAssetImportingV2(NoUpdateAssetOptions)
Start importing Assets/Nytherion/Data/ScriptableObjects/Relics/SkillRelics/Ginseng.asset using Guid(0a363d33a57ee394297feeff1d7bd5d6) Importer(-1,00000000000000000000000000000000) [PhysX] Initialized MultithreadedTaskDispatcher with 12 workers.
 -> (artifact id: '57d36bbce573e3301dbb59c047ba9a24') in 0.002296 seconds
Refreshing native plugins compatible for Editor in 9.13 ms, found 4 plugins.
Preloading 0 native plugins for Editor in 0.00 ms.
Asset Pipeline Refresh (id=da0a914b01579a547b65721f41a482af): Total: 0.081 seconds - Initiated by StopAssetImportingV2(NoUpdateAssetOptions)
Start importing Assets/Nytherion/Data/ScriptableObjects/Relics/SkillRelics/AzureBerry.asset using Guid(f55fe47f81afd2c4091cbb16ad81f19c) Importer(-1,00000000000000000000000000000000) [PhysX] Initialized MultithreadedTaskDispatcher with 12 workers.
 -> (artifact id: 'ec8d9ac620e4136d3cd78d95d9159d4c') in 0.002579 seconds
Refreshing native plugins compatible for Editor in 8.92 ms, found 4 plugins.
Preloading 0 native plugins for Editor in 0.00 ms.
Asset Pipeline Refresh (id=95b151ec48e9a244ca867bb62a2c590f): Total: 0.077 seconds - Initiated by StopAssetImportingV2(NoUpdateAssetOptions)
Start importing Assets/Nytherion/Data/ScriptableObjects/Relics/SkillRelics/EchoFlower.asset using Guid(2f180d7d2321e2e48a48e4e09571e0e9) Importer(-1,00000000000000000000000000000000) [PhysX] Initialized MultithreadedTaskDispatcher with 12 workers.
 -> (artifact id: '03d10cce015b6ed110d8f8f24619c0ac') in 0.001974 seconds
Refreshing native plugins compatible for Editor in 21.59 ms, found 4 plugins.
Preloading 0 native plugins for Editor in 0.00 ms.
Asset Pipeline Refresh (id=88bc83f99b1812a43ad5570003befcf2): Total: 0.092 seconds - Initiated by StopAssetImportingV2(NoUpdateAssetOptions)
Start importing Assets/Nytherion/Data/ScriptableObjects/Relics/SkillRelics/BounceBerry.asset using Guid(700dc12aa0093be4e82a1f3a98121fd3) Importer(-1,00000000000000000000000000000000) [PhysX] Initialized MultithreadedTaskDispatcher with 12 workers.
 -> (artifact id: '91ed545bdef5e9fa0b921a33a5e16ce5') in 0.002977 seconds
Refreshing native plugins compatible for Editor in 10.12 ms, found 4 plugins.
Preloading 0 native plugins for Editor in 0.00 ms.
Asset Pipeline Refresh (id=7e5dfcc81ce9f1e42b9d09b4d1535b5c): Total: 0.109 seconds - Initiated by StopAssetImportingV2(NoUpdateAssetOptions)
Start importing Assets/Nytherion/Data/ScriptableObjects/Skill/Turret_Skill.asset using Guid(e9aaa7e648c16ab499e35f403ff54095) Importer(-1,00000000000000000000000000000000) [PhysX] Initialized MultithreadedTaskDispatcher with 12 workers.
 -> (artifact id: '1aa7c8d1e40768d27595b0b52c5402f3') in 0.002840 seconds
Refreshing native plugins compatible for Editor in 9.75 ms, found 4 plugins.
Preloading 0 native plugins for Editor in 0.00 ms.
Asset Pipeline Refresh (id=42e78ac02ae14af4eb2104f1d12644ad): Total: 0.122 seconds - Initiated by StopAssetImportingV2(NoUpdateAssetOptions)
[PhysX] Initialized MultithreadedTaskDispatcher with 12 workers.
Loaded scene 'Library/Unused/d53ca883ee3c9b540840bbc5dfe2d706'
	Deserialize:            0.406 ms
	Integration:            2.292 ms
	Integration of assets:  0.002 ms
	Thread Wait Time:       14.087 ms
	Total Operation Time:   16.788 ms
Start importing Assets/Prefabs/Gameplay/Combat/Proj/RootiSeedProjectile.prefab using Guid(caa2cc2a0ba7dcf45a0e70715a5c8246) Importer(-1,00000000000000000000000000000000) [PhysX] Initialized MultithreadedTaskDispatcher with 12 workers.
[PhysX] Initialized MultithreadedTaskDispatcher with 12 workers.
 -> (artifact id: '03a7310fa93adf8d021f62692d6f7486') in 0.006123 seconds
Refreshing native plugins compatible for Editor in 7.56 ms, found 4 plugins.
Preloading 0 native plugins for Editor in 0.00 ms.
Asset Pipeline Refresh (id=58bacf7ba3323ff4a8681c3bb8747185): Total: 0.112 seconds - Initiated by StopAssetImportingV2(NoUpdateAssetOptions)
[RootiUpgradeRelicSetup] 루티 강화 유물 5종을 연결했습니다.
UnityEngine.StackTraceUtility:ExtractStackTrace ()
UnityEngine.DebugLogHandler:LogFormat (UnityEngine.LogType,UnityEngine.Object,string,object[])
UnityEngine.Logger:Log (UnityEngine.LogType,object)
UnityEngine.Debug:Log (object)
Nytherion.Editor.RootiUpgradeRelicSetup:Setup () (at Assets/Editor/Data/RootiUpgradeRelicSetup.cs:59)
Nytherion.Editor.RootiUpgradeVerification:RunBatch () (at Assets/Editor/Data/RootiUpgradeVerification.cs:55)

(Filename: Assets/Editor/Data/RootiUpgradeRelicSetup.cs Line: 59)

Opening scene 'Assets/Scenes/GameScene.unity'
[PhysX] Initialized MultithreadedTaskDispatcher with 12 workers.
Unloading 321 Unused Serialized files (Serialized files now loaded: 0)
Loaded scene 'Assets/Scenes/GameScene.unity'
	Deserialize:            855.517 ms
	Integration:            413.967 ms
	Integration of assets:  66.615 ms
	Thread Wait Time:       -0.376 ms
	Total Operation Time:   1335.722 ms
Unloading 36 unused Assets / (19.3 KB). Loaded Objects now: 12871.
Memory consumption went from 298.8 MB to 298.8 MB.
Total: 12.950400 ms (FindLiveObjects: 1.339900 ms CreateObjectMapping: 2.732700 ms MarkObjects: 8.773600 ms  DeleteObjects: 0.102900 ms)

Microsoft Media Foundation video decoding to texture disabled: graphics device is Null, only Direct3D 11 and Direct3D 12 (only on desktop) are supported for hardware-accelerated video decoding.
[Project] Loading completed in 23.569 seconds
	Project init time: 				19.582 seconds
		Template init time: 		0.000 seconds
		Package Manager init time: 		0.612 seconds
		Asset Database init time: 		0.338 seconds
		Global illumination init time: 	0.002 seconds
		Assemblies load time: 			0.890 seconds
		Unity extensions init time: 	0.010 seconds
		Asset Database refresh time: 	0.000 seconds
	Scene opening time: 			2.444 seconds
##utp:{"type":"ProjectInfo","version":2,"phase":"Immediate","time":1790692259542,"processId":36940,"projectLoad":23.5685833,"projectInit":19.5816231,"templateInit":0.0,"packageManagerInit":0.6121561,"assetDatabaseInit":0.3375952,"globalIlluminationInit":0.0022526,"assembliesLoad":0.8899729,"unityExtensionsInit":0.0099089,"assetDatabaseRefresh":0.0,"sceneOpening":2.4443894}
##utp:{"type":"EditorInfo","version":2,"phase":"Immediate","time":1790692259542,"processId":36940,"editorVersion":"2022.3.62f2 (7670c08855a9)","branch":"2022.3/respin/2022.3.62f2-4af31df585-v2","buildType":"Release","platform":"Windows"}
SpriteAtlasPacking completed in 0.015501 sec
Reloading assemblies for play mode.
Reloading assemblies after forced synchronous recompile.
Begin MonoManager ReloadAssembly
- Loaded All Assemblies, in  0.729 seconds
Refreshing native plugins compatible for Editor in 10.55 ms, found 4 plugins.
Native extension for WindowsStandalone target not found
Mono: successfully reloaded assembly
- Finished resetting the current domain, in  1.636 seconds
Domain Reload Profiling: 2363ms
	BeginReloadAssembly (511ms)
		ExecutionOrderSort (1ms)
		DisableScriptedObjects (23ms)
		BackupInstance (0ms)
		ReleaseScriptingObjects (1ms)
		CreateAndSetChildDomain (286ms)
	RebuildCommonClasses (37ms)
	RebuildNativeTypeToScriptingClass (13ms)
	initialDomainReloadingComplete (39ms)
	LoadAllAssembliesAndSetupDomain (127ms)
		LoadAssemblies (176ms)
		RebuildTransferFunctionScriptingTraits (0ms)
		AnalyzeDomain (43ms)
			TypeCache.Refresh (10ms)
				TypeCache.ScanAssembly (0ms)
			ScanForSourceGeneratedMonoScriptInfo (0ms)
			ResolveRequiredComponents (31ms)
	FinalizeReload (1636ms)
		ReleaseScriptCaches (0ms)
		RebuildScriptCaches (0ms)
		SetupLoadedEditorAssemblies (912ms)
			LogAssemblyErrors (0ms)
			InitializePlatformSupportModulesInManaged (9ms)
			SetLoadedEditorAssemblies (7ms)
			RefreshPlugins (0ms)
			BeforeProcessingInitializeOnLoad (125ms)
			ProcessInitializeOnLoadAttributes (644ms)
			ProcessInitializeOnLoadMethodAttributes (115ms)
			AfterProcessingInitializeOnLoad (12ms)
			EditorAssembliesLoaded (0ms)
		ExecutionOrderSort2 (1ms)
		AwakeInstancesAfterBackupRestoration (97ms)
Asset Pipeline Refresh (id=6f0934cba660a6a45b73f871153078ee): Total: 3.200 seconds - Initiated by StopAssetImportingV2(ForceSynchronousImport | ForceDomainReload)
	Summary:
		Imports: total=0 (actual=0, local cache=0, cache server=0)
		Asset DB Process Time: managed=0 ms, native=734 ms
		Asset DB Callback time: managed=27 ms, native=0 ms
		Scripting: domain reloads=1, domain reload time=2433 ms, compile time=3 ms, other=0 ms
		Project Asset Count: scripts=9557, non-scripts=6272
		Asset File Changes: new=0, changed=0, moved=0, deleted=0
		Scan Filter Count: 0
	InvokeBeforeRefreshCallbacks: 0.949ms
	ApplyChangesToAssetFolders: 0.092ms
	Scan: 0.002ms
	OnSourceAssetsModified: 0.001ms
	GetAllGuidsForCategorization: 5.506ms
	CategorizeAssets: 392.675ms
	ImportOutOfDateAssets: 1695.380ms (1675.705ms without children)
		CompileScripts: 3.484ms
		CollectScriptTypesHashes: 4.980ms
		ReloadNativeAssets: 2.596ms
		UnloadImportedAssets: 1.188ms
		EnsureUptoDateAssetsAreRegisteredWithGuidPM: 4.502ms
		InitializingProgressBar: 0.001ms
		PostProcessAllAssetNotificationsAddChangedAssets: 0.001ms
		OnDemandSchedulerStart: 2.925ms
	PostProcessAllAssets: 27.585ms
	GatherAllCurrentPrimaryArtifactRevisions: 1.396ms
	UnloadStreamsBegin: 1.656ms
	PersistCurrentRevisions: 0.639ms
	UnloadStreamsEnd: 0.180ms
	GenerateScriptTypeHashes: 11.429ms
	Untracked: 1074.258ms
[PhysX] Initialized MultithreadedTaskDispatcher with 12 workers.
Loaded scene 'Temp/__Backupscenes/0.backup'
	Deserialize:            39.090 ms
	Integration:            1460.236 ms
	Integration of assets:  0.291 ms
	Thread Wait Time:       0.002 ms
	Total Operation Time:   1499.618 ms
[MODES] ModeService[none].Initialize
[MODES] ModeService[none].LoadModes
[MODES] Loading mode Default (0) for mode-current-id-PrototypeV01_RootiVerification
Created GICache directory at C:/Users/kyung/AppData/LocalLow/Unity/Caches/GiCache. Took: 0.045s, timestamps: [28.682 - 28.728]
타일완성
UnityEngine.StackTraceUtility:ExtractStackTrace ()
UnityEngine.DebugLogHandler:LogFormat (UnityEngine.LogType,UnityEngine.Object,string,object[])
UnityEngine.Logger:Log (UnityEngine.LogType,object)
UnityEngine.Debug:Log (object)
Nytherion.GamePlay.Dungeon.TilemapVisualizer:PaintWallsWithRuleTile (System.Collections.Generic.IEnumerable`1<UnityEngine.Vector2Int>) (at Assets/Nytherion/Gameplay/Dungeon/Generation/TilemapVisualizer.cs:131)
Nytherion.GamePlay.Dungeon.RoomFirstDungeonGenerator:VisualizeDungeon (System.Collections.Generic.HashSet`1<UnityEngine.Vector2Int>,System.Collections.Generic.Dictionary`2<Nytherion.GamePlay.Dungeon.RoomFirstDungeonGenerator/Room, System.Collections.Generic.HashSet`1<UnityEngine.Vector2Int>>,System.Collections.Generic.HashSet`1<UnityEngine.Vector2Int>,System.Collections.Generic.List`1<System.Tuple`2<Nytherion.GamePlay.Dungeon.RoomFirstDungeonGenerator/Room, Nytherion.GamePlay.Dungeon.RoomFirstDungeonGenerator/Room>>,System.Collections.Generic.List`1<Nytherion.GamePlay.Dungeon.RoomFirstDungeonGenerator/PlacedObstacleData>,System.Collections.Generic.List`1<Nytherion.GamePlay.Dungeon.RoomFirstDungeonGenerator/Room>,Nytherion.GamePlay.Dungeon.RoomFirstDungeonGenerator/Room) (at Assets/Nytherion/Gameplay/Dungeon/Generation/RoomFirstDungeonGenerator.cs:573)
Nytherion.GamePlay.Dungeon.RoomFirstDungeonGenerator/<ApplyDungeon>d__22:MoveNext () (at Assets/Nytherion/Gameplay/Dungeon/Generation/RoomFirstDungeonGenerator.cs:263)
UnityEngine.SetupCoroutine:InvokeMoveNext (System.Collections.IEnumerator,intptr)
UnityEngine.MonoBehaviour:StartCoroutine (System.Collections.IEnumerator)
Nytherion.GamePlay.Dungeon.RoomFirstDungeonGenerator/<GenerateNewDungeonCoroutine>d__19:MoveNext () (at Assets/Nytherion/Gameplay/Dungeon/Generation/RoomFirstDungeonGenerator.cs:188)
UnityEngine.SetupCoroutine:InvokeMoveNext (System.Collections.IEnumerator,intptr)

(Filename: Assets/Nytherion/Gameplay/Dungeon/Generation/TilemapVisualizer.cs Line: 131)

[DungeonNavMeshBuilder] Rebuild start
UnityEngine.StackTraceUtility:ExtractStackTrace ()
UnityEngine.DebugLogHandler:LogFormat (UnityEngine.LogType,UnityEngine.Object,string,object[])
UnityEngine.Logger:Log (UnityEngine.LogType,object)
UnityEngine.Debug:Log (object)
DungeonNavMeshBuilder/<RebuildNavMeshCoroutine>d__4:MoveNext () (at Assets/Nytherion/Gameplay/Dungeon/Navigation/DungeonNavMeshBuilder.cs:27)
UnityEngine.SetupCoroutine:InvokeMoveNext (System.Collections.IEnumerator,intptr)
UnityEngine.MonoBehaviour:StartCoroutine (System.Collections.IEnumerator)
Nytherion.GamePlay.Dungeon.RoomFirstDungeonGenerator/<ApplyDungeon>d__22:MoveNext () (at Assets/Nytherion/Gameplay/Dungeon/Generation/RoomFirstDungeonGenerator.cs:277)
UnityEngine.SetupCoroutine:InvokeMoveNext (System.Collections.IEnumerator,intptr)
UnityEngine.MonoBehaviour:StartCoroutine (System.Collections.IEnumerator)
Nytherion.GamePlay.Dungeon.RoomFirstDungeonGenerator/<GenerateNewDungeonCoroutine>d__19:MoveNext () (at Assets/Nytherion/Gameplay/Dungeon/Generation/RoomFirstDungeonGenerator.cs:188)
UnityEngine.SetupCoroutine:InvokeMoveNext (System.Collections.IEnumerator,intptr)

(Filename: Assets/Nytherion/Gameplay/Dungeon/Navigation/DungeonNavMeshBuilder.cs Line: 27)

[RootiUpgradeVerification] PASS PurpleRadish 에셋·아이콘·SerializeReference 효과 역직렬화
UnityEngine.StackTraceUtility:ExtractStackTrace ()
UnityEngine.DebugLogHandler:LogFormat (UnityEngine.LogType,UnityEngine.Object,string,object[])
UnityEngine.Logger:Log (UnityEngine.LogType,object)
UnityEngine.Debug:Log (object)
Nytherion.Editor.RootiUpgradeVerification:Require (bool,string) (at Assets/Editor/Data/RootiUpgradeVerification.cs:367)
Nytherion.Editor.RootiUpgradeVerification/<Verify>d__16:MoveNext () (at Assets/Editor/Data/RootiUpgradeVerification.cs:86)
Nytherion.Editor.RootiUpgradeVerification:Update () (at Assets/Editor/Data/RootiUpgradeVerification.cs:74)
UnityEditor.EditorApplication:Internal_CallUpdateFunctions ()

(Filename: Assets/Editor/Data/RootiUpgradeVerification.cs Line: 367)

[RootiUpgradeVerification] PASS Ginseng 에셋·아이콘·SerializeReference 효과 역직렬화
UnityEngine.StackTraceUtility:ExtractStackTrace ()
UnityEngine.DebugLogHandler:LogFormat (UnityEngine.LogType,UnityEngine.Object,string,object[])
UnityEngine.Logger:Log (UnityEngine.LogType,object)
UnityEngine.Debug:Log (object)
Nytherion.Editor.RootiUpgradeVerification:Require (bool,string) (at Assets/Editor/Data/RootiUpgradeVerification.cs:367)
Nytherion.Editor.RootiUpgradeVerification/<Verify>d__16:MoveNext () (at Assets/Editor/Data/RootiUpgradeVerification.cs:86)
Nytherion.Editor.RootiUpgradeVerification:Update () (at Assets/Editor/Data/RootiUpgradeVerification.cs:74)
UnityEditor.EditorApplication:Internal_CallUpdateFunctions ()

(Filename: Assets/Editor/Data/RootiUpgradeVerification.cs Line: 367)

[RootiUpgradeVerification] PASS AzureBerry 에셋·아이콘·SerializeReference 효과 역직렬화
UnityEngine.StackTraceUtility:ExtractStackTrace ()
UnityEngine.DebugLogHandler:LogFormat (UnityEngine.LogType,UnityEngine.Object,string,object[])
UnityEngine.Logger:Log (UnityEngine.LogType,object)
UnityEngine.Debug:Log (object)
Nytherion.Editor.RootiUpgradeVerification:Require (bool,string) (at Assets/Editor/Data/RootiUpgradeVerification.cs:367)
Nytherion.Editor.RootiUpgradeVerification/<Verify>d__16:MoveNext () (at Assets/Editor/Data/RootiUpgradeVerification.cs:86)
Nytherion.Editor.RootiUpgradeVerification:Update () (at Assets/Editor/Data/RootiUpgradeVerification.cs:74)
UnityEditor.EditorApplication:Internal_CallUpdateFunctions ()

(Filename: Assets/Editor/Data/RootiUpgradeVerification.cs Line: 367)

[RootiUpgradeVerification] PASS EchoFlower 에셋·아이콘·SerializeReference 효과 역직렬화
UnityEngine.StackTraceUtility:ExtractStackTrace ()
UnityEngine.DebugLogHandler:LogFormat (UnityEngine.LogType,UnityEngine.Object,string,object[])
UnityEngine.Logger:Log (UnityEngine.LogType,object)
UnityEngine.Debug:Log (object)
Nytherion.Editor.RootiUpgradeVerification:Require (bool,string) (at Assets/Editor/Data/RootiUpgradeVerification.cs:367)
Nytherion.Editor.RootiUpgradeVerification/<Verify>d__16:MoveNext () (at Assets/Editor/Data/RootiUpgradeVerification.cs:86)
Nytherion.Editor.RootiUpgradeVerification:Update () (at Assets/Editor/Data/RootiUpgradeVerification.cs:74)
UnityEditor.EditorApplication:Internal_CallUpdateFunctions ()

(Filename: Assets/Editor/Data/RootiUpgradeVerification.cs Line: 367)

[RootiUpgradeVerification] PASS BounceBerry 에셋·아이콘·SerializeReference 효과 역직렬화
UnityEngine.StackTraceUtility:ExtractStackTrace ()
UnityEngine.DebugLogHandler:LogFormat (UnityEngine.LogType,UnityEngine.Object,string,object[])
UnityEngine.Logger:Log (UnityEngine.LogType,object)
UnityEngine.Debug:Log (object)
Nytherion.Editor.RootiUpgradeVerification:Require (bool,string) (at Assets/Editor/Data/RootiUpgradeVerification.cs:367)
Nytherion.Editor.RootiUpgradeVerification/<Verify>d__16:MoveNext () (at Assets/Editor/Data/RootiUpgradeVerification.cs:86)
Nytherion.Editor.RootiUpgradeVerification:Update () (at Assets/Editor/Data/RootiUpgradeVerification.cs:74)
UnityEditor.EditorApplication:Internal_CallUpdateFunctions ()

(Filename: Assets/Editor/Data/RootiUpgradeVerification.cs Line: 367)

[RootiUpgradeVerification] PASS 실제 루티 포탑·씨앗·시전 프리팹 Inspector 참조
UnityEngine.StackTraceUtility:ExtractStackTrace ()
UnityEngine.DebugLogHandler:LogFormat (UnityEngine.LogType,UnityEngine.Object,string,object[])
UnityEngine.Logger:Log (UnityEngine.LogType,object)
UnityEngine.Debug:Log (object)
Nytherion.Editor.RootiUpgradeVerification:Require (bool,string) (at Assets/Editor/Data/RootiUpgradeVerification.cs:367)
Nytherion.Editor.RootiUpgradeVerification/<Verify>d__16:MoveNext () (at Assets/Editor/Data/RootiUpgradeVerification.cs:91)
Nytherion.Editor.RootiUpgradeVerification:Update () (at Assets/Editor/Data/RootiUpgradeVerification.cs:74)
UnityEditor.EditorApplication:Internal_CallUpdateFunctions ()

(Filename: Assets/Editor/Data/RootiUpgradeVerification.cs Line: 367)

[RootiUpgradeVerification] PASS 씨앗 프리팹의 이동 거리·카메라 화면 이탈 반환 컴포넌트 제거
UnityEngine.StackTraceUtility:ExtractStackTrace ()
UnityEngine.DebugLogHandler:LogFormat (UnityEngine.LogType,UnityEngine.Object,string,object[])
UnityEngine.Logger:Log (UnityEngine.LogType,object)
UnityEngine.Debug:Log (object)
Nytherion.Editor.RootiUpgradeVerification:Require (bool,string) (at Assets/Editor/Data/RootiUpgradeVerification.cs:367)
Nytherion.Editor.RootiUpgradeVerification/<Verify>d__16:MoveNext () (at Assets/Editor/Data/RootiUpgradeVerification.cs:94)
Nytherion.Editor.RootiUpgradeVerification:Update () (at Assets/Editor/Data/RootiUpgradeVerification.cs:74)
UnityEditor.EditorApplication:Internal_CallUpdateFunctions ()

(Filename: Assets/Editor/Data/RootiUpgradeVerification.cs Line: 367)

[RootiUpgradeVerification] PASS 기존 RelicEffectController 장착 경로로 다섯 강화 적용
UnityEngine.StackTraceUtility:ExtractStackTrace ()
UnityEngine.DebugLogHandler:LogFormat (UnityEngine.LogType,UnityEngine.Object,string,object[])
UnityEngine.Logger:Log (UnityEngine.LogType,object)
UnityEngine.Debug:Log (object)
Nytherion.Editor.RootiUpgradeVerification:Require (bool,string) (at Assets/Editor/Data/RootiUpgradeVerification.cs:367)
Nytherion.Editor.RootiUpgradeVerification/<Verify>d__16:MoveNext () (at Assets/Editor/Data/RootiUpgradeVerification.cs:118)
Nytherion.Editor.RootiUpgradeVerification:Update () (at Assets/Editor/Data/RootiUpgradeVerification.cs:74)
UnityEditor.EditorApplication:Internal_CallUpdateFunctions ()

(Filename: Assets/Editor/Data/RootiUpgradeVerification.cs Line: 367)

[RootiUpgradeVerification] PASS 조건 재평가 중복 적용 방지
UnityEngine.StackTraceUtility:ExtractStackTrace ()
UnityEngine.DebugLogHandler:LogFormat (UnityEngine.LogType,UnityEngine.Object,string,object[])
UnityEngine.Logger:Log (UnityEngine.LogType,object)
UnityEngine.Debug:Log (object)
Nytherion.Editor.RootiUpgradeVerification:Require (bool,string) (at Assets/Editor/Data/RootiUpgradeVerification.cs:367)
Nytherion.Editor.RootiUpgradeVerification/<Verify>d__16:MoveNext () (at Assets/Editor/Data/RootiUpgradeVerification.cs:122)
Nytherion.Editor.RootiUpgradeVerification:Update () (at Assets/Editor/Data/RootiUpgradeVerification.cs:74)
UnityEditor.EditorApplication:Internal_CallUpdateFunctions ()

(Filename: Assets/Editor/Data/RootiUpgradeVerification.cs Line: 367)

[RootiUpgradeVerification] PASS 인삼 최대 저장 1 → 2 및 초기 충전
UnityEngine.StackTraceUtility:ExtractStackTrace ()
UnityEngine.DebugLogHandler:LogFormat (UnityEngine.LogType,UnityEngine.Object,string,object[])
UnityEngine.Logger:Log (UnityEngine.LogType,object)
UnityEngine.Debug:Log (object)
Nytherion.Editor.RootiUpgradeVerification:Require (bool,string) (at Assets/Editor/Data/RootiUpgradeVerification.cs:367)
Nytherion.Editor.RootiUpgradeVerification/<Verify>d__16:MoveNext () (at Assets/Editor/Data/RootiUpgradeVerification.cs:129)
Nytherion.Editor.RootiUpgradeVerification:Update () (at Assets/Editor/Data/RootiUpgradeVerification.cs:74)
UnityEditor.EditorApplication:Internal_CallUpdateFunctions ()

(Filename: Assets/Editor/Data/RootiUpgradeVerification.cs Line: 367)

[RootiUpgradeVerification] PASS SkillBase 사용 경로: 충전 1개로 복제초 루티 2마리 소환
UnityEngine.StackTraceUtility:ExtractStackTrace ()
UnityEngine.DebugLogHandler:LogFormat (UnityEngine.LogType,UnityEngine.Object,string,object[])
UnityEngine.Logger:Log (UnityEngine.LogType,object)
UnityEngine.Debug:Log (object)
Nytherion.Editor.RootiUpgradeVerification:Require (bool,string) (at Assets/Editor/Data/RootiUpgradeVerification.cs:367)
Nytherion.Editor.RootiUpgradeVerification/<Verify>d__16:MoveNext () (at Assets/Editor/Data/RootiUpgradeVerification.cs:130)
Nytherion.Editor.RootiUpgradeVerification:Update () (at Assets/Editor/Data/RootiUpgradeVerification.cs:74)
UnityEditor.EditorApplication:Internal_CallUpdateFunctions ()

(Filename: Assets/Editor/Data/RootiUpgradeVerification.cs Line: 367)

[RootiUpgradeVerification] PASS 충전이 남아 있어도 0.5초 전 연속 소환 차단·대기시간 표시
UnityEngine.StackTraceUtility:ExtractStackTrace ()
UnityEngine.DebugLogHandler:LogFormat (UnityEngine.LogType,UnityEngine.Object,string,object[])
UnityEngine.Logger:Log (UnityEngine.LogType,object)
UnityEngine.Debug:Log (object)
Nytherion.Editor.RootiUpgradeVerification:Require (bool,string) (at Assets/Editor/Data/RootiUpgradeVerification.cs:367)
Nytherion.Editor.RootiUpgradeVerification/<Verify>d__16:MoveNext () (at Assets/Editor/Data/RootiUpgradeVerification.cs:133)
Nytherion.Editor.RootiUpgradeVerification:Update () (at Assets/Editor/Data/RootiUpgradeVerification.cs:74)
UnityEditor.EditorApplication:Internal_CallUpdateFunctions ()

(Filename: Assets/Editor/Data/RootiUpgradeVerification.cs Line: 367)

[RootiUpgradeVerification] PASS 0.5초 미만 사용 시도에서 충전 보존
UnityEngine.StackTraceUtility:ExtractStackTrace ()
UnityEngine.DebugLogHandler:LogFormat (UnityEngine.LogType,UnityEngine.Object,string,object[])
UnityEngine.Logger:Log (UnityEngine.LogType,object)
UnityEngine.Debug:Log (object)
Nytherion.Editor.RootiUpgradeVerification:Require (bool,string) (at Assets/Editor/Data/RootiUpgradeVerification.cs:367)
Nytherion.Editor.RootiUpgradeVerification/<Verify>d__16:MoveNext () (at Assets/Editor/Data/RootiUpgradeVerification.cs:136)
Nytherion.Editor.RootiUpgradeVerification:Update () (at Assets/Editor/Data/RootiUpgradeVerification.cs:74)
UnityEditor.EditorApplication:Internal_CallUpdateFunctions ()

(Filename: Assets/Editor/Data/RootiUpgradeVerification.cs Line: 367)

[RootiUpgradeVerification] PASS 0.5초 후 즉시 두 번째 소환·4마리 생성
UnityEngine.StackTraceUtility:ExtractStackTrace ()
UnityEngine.DebugLogHandler:LogFormat (UnityEngine.LogType,UnityEngine.Object,string,object[])
UnityEngine.Logger:Log (UnityEngine.LogType,object)
UnityEngine.Debug:Log (object)
Nytherion.Editor.RootiUpgradeVerification:Require (bool,string) (at Assets/Editor/Data/RootiUpgradeVerification.cs:367)
Nytherion.Editor.RootiUpgradeVerification/<Verify>d__16:MoveNext () (at Assets/Editor/Data/RootiUpgradeVerification.cs:138)
Nytherion.Editor.RootiUpgradeVerification:Update () (at Assets/Editor/Data/RootiUpgradeVerification.cs:74)
UnityEditor.EditorApplication:Internal_CallUpdateFunctions ()

(Filename: Assets/Editor/Data/RootiUpgradeVerification.cs Line: 367)

[RootiUpgradeVerification] PASS 연속 소환이 첫 충전의 회복 타이머를 초기화하지 않음
UnityEngine.StackTraceUtility:ExtractStackTrace ()
UnityEngine.DebugLogHandler:LogFormat (UnityEngine.LogType,UnityEngine.Object,string,object[])
UnityEngine.Logger:Log (UnityEngine.LogType,object)
UnityEngine.Debug:Log (object)
Nytherion.Editor.RootiUpgradeVerification:Require (bool,string) (at Assets/Editor/Data/RootiUpgradeVerification.cs:367)
Nytherion.Editor.RootiUpgradeVerification/<Verify>d__16:MoveNext () (at Assets/Editor/Data/RootiUpgradeVerification.cs:140)
Nytherion.Editor.RootiUpgradeVerification:Update () (at Assets/Editor/Data/RootiUpgradeVerification.cs:74)
UnityEditor.EditorApplication:Internal_CallUpdateFunctions ()

(Filename: Assets/Editor/Data/RootiUpgradeVerification.cs Line: 367)

[RootiUpgradeVerification] PASS 첫 쿨타임 종료 시 하나만 회복
UnityEngine.StackTraceUtility:ExtractStackTrace ()
UnityEngine.DebugLogHandler:LogFormat (UnityEngine.LogType,UnityEngine.Object,string,object[])
UnityEngine.Logger:Log (UnityEngine.LogType,object)
UnityEngine.Debug:Log (object)
Nytherion.Editor.RootiUpgradeVerification:Require (bool,string) (at Assets/Editor/Data/RootiUpgradeVerification.cs:367)
Nytherion.Editor.RootiUpgradeVerification/<Verify>d__16:MoveNext () (at Assets/Editor/Data/RootiUpgradeVerification.cs:142)
Nytherion.Editor.RootiUpgradeVerification:Update () (at Assets/Editor/Data/RootiUpgradeVerification.cs:74)
UnityEditor.EditorApplication:Internal_CallUpdateFunctions ()

(Filename: Assets/Editor/Data/RootiUpgradeVerification.cs Line: 367)

[RootiUpgradeVerification] PASS 두 번째 쿨타임 종료 시 최대 두 개 저장
UnityEngine.StackTraceUtility:ExtractStackTrace ()
UnityEngine.DebugLogHandler:LogFormat (UnityEngine.LogType,UnityEngine.Object,string,object[])
UnityEngine.Logger:Log (UnityEngine.LogType,object)
UnityEngine.Debug:Log (object)
Nytherion.Editor.RootiUpgradeVerification:Require (bool,string) (at Assets/Editor/Data/RootiUpgradeVerification.cs:367)
Nytherion.Editor.RootiUpgradeVerification/<Verify>d__16:MoveNext () (at Assets/Editor/Data/RootiUpgradeVerification.cs:144)
Nytherion.Editor.RootiUpgradeVerification:Update () (at Assets/Editor/Data/RootiUpgradeVerification.cs:74)
UnityEditor.EditorApplication:Internal_CallUpdateFunctions ()

(Filename: Assets/Editor/Data/RootiUpgradeVerification.cs Line: 367)

[RootiUpgradeVerification] PASS 인삼 침묵 시 최대 저장·남은 충전 1개로 제한
UnityEngine.StackTraceUtility:ExtractStackTrace ()
UnityEngine.DebugLogHandler:LogFormat (UnityEngine.LogType,UnityEngine.Object,string,object[])
UnityEngine.Logger:Log (UnityEngine.LogType,object)
UnityEngine.Debug:Log (object)
Nytherion.Editor.RootiUpgradeVerification:Require (bool,string) (at Assets/Editor/Data/RootiUpgradeVerification.cs:367)
Nytherion.Editor.RootiUpgradeVerification/<Verify>d__16:MoveNext () (at Assets/Editor/Data/RootiUpgradeVerification.cs:149)
Nytherion.Editor.RootiUpgradeVerification:Update () (at Assets/Editor/Data/RootiUpgradeVerification.cs:74)
UnityEditor.EditorApplication:Internal_CallUpdateFunctions ()

(Filename: Assets/Editor/Data/RootiUpgradeVerification.cs Line: 367)

[RootiUpgradeVerification] PASS 인삼 재활성화로 무료 충전이 생기지 않음
UnityEngine.StackTraceUtility:ExtractStackTrace ()
UnityEngine.DebugLogHandler:LogFormat (UnityEngine.LogType,UnityEngine.Object,string,object[])
UnityEngine.Logger:Log (UnityEngine.LogType,object)
UnityEngine.Debug:Log (object)
Nytherion.Editor.RootiUpgradeVerification:Require (bool,string) (at Assets/Editor/Data/RootiUpgradeVerification.cs:367)
Nytherion.Editor.RootiUpgradeVerification/<Verify>d__16:MoveNext () (at Assets/Editor/Data/RootiUpgradeVerification.cs:152)
Nytherion.Editor.RootiUpgradeVerification:Update () (at Assets/Editor/Data/RootiUpgradeVerification.cs:74)
UnityEditor.EditorApplication:Internal_CallUpdateFunctions ()

(Filename: Assets/Editor/Data/RootiUpgradeVerification.cs Line: 367)

[RootiUpgradeVerification] PASS 재활성화로 늘어난 저장 칸도 쿨타임으로 회복
UnityEngine.StackTraceUtility:ExtractStackTrace ()
UnityEngine.DebugLogHandler:LogFormat (UnityEngine.LogType,UnityEngine.Object,string,object[])
UnityEngine.Logger:Log (UnityEngine.LogType,object)
UnityEngine.Debug:Log (object)
Nytherion.Editor.RootiUpgradeVerification:Require (bool,string) (at Assets/Editor/Data/RootiUpgradeVerification.cs:367)
Nytherion.Editor.RootiUpgradeVerification/<Verify>d__16:MoveNext () (at Assets/Editor/Data/RootiUpgradeVerification.cs:154)
Nytherion.Editor.RootiUpgradeVerification:Update () (at Assets/Editor/Data/RootiUpgradeVerification.cs:74)
UnityEditor.EditorApplication:Internal_CallUpdateFunctions ()

(Filename: Assets/Editor/Data/RootiUpgradeVerification.cs Line: 367)

[RootiUpgradeVerification] PASS 실제 루티 공격 애니메이션에서 벽청 베리 씨앗 1 → 3개 발사
UnityEngine.StackTraceUtility:ExtractStackTrace ()
UnityEngine.DebugLogHandler:LogFormat (UnityEngine.LogType,UnityEngine.Object,string,object[])
UnityEngine.Logger:Log (UnityEngine.LogType,object)
UnityEngine.Debug:Log (object)
Nytherion.Editor.RootiUpgradeVerification:Require (bool,string) (at Assets/Editor/Data/RootiUpgradeVerification.cs:367)
Nytherion.Editor.RootiUpgradeVerification/<Verify>d__16:MoveNext () (at Assets/Editor/Data/RootiUpgradeVerification.cs:172)
Nytherion.Editor.RootiUpgradeVerification:Update () (at Assets/Editor/Data/RootiUpgradeVerification.cs:74)
UnityEditor.EditorApplication:Internal_CallUpdateFunctions ()

(Filename: Assets/Editor/Data/RootiUpgradeVerification.cs Line: 367)

[RootiUpgradeVerification] PASS 추가 씨앗 좌우 발사·각 투사체에 통통 베리 적용
UnityEngine.StackTraceUtility:ExtractStackTrace ()
UnityEngine.DebugLogHandler:LogFormat (UnityEngine.LogType,UnityEngine.Object,string,object[])
UnityEngine.Logger:Log (UnityEngine.LogType,object)
UnityEngine.Debug:Log (object)
Nytherion.Editor.RootiUpgradeVerification:Require (bool,string) (at Assets/Editor/Data/RootiUpgradeVerification.cs:367)
Nytherion.Editor.RootiUpgradeVerification/<Verify>d__16:MoveNext () (at Assets/Editor/Data/RootiUpgradeVerification.cs:174)
Nytherion.Editor.RootiUpgradeVerification:Update () (at Assets/Editor/Data/RootiUpgradeVerification.cs:74)
UnityEditor.EditorApplication:Internal_CallUpdateFunctions ()

(Filename: Assets/Editor/Data/RootiUpgradeVerification.cs Line: 367)

[RootiUpgradeVerification] PASS 자색 무가 공격 애니메이션과 공격 간격에 함께 반영
UnityEngine.StackTraceUtility:ExtractStackTrace ()
UnityEngine.DebugLogHandler:LogFormat (UnityEngine.LogType,UnityEngine.Object,string,object[])
UnityEngine.Logger:Log (UnityEngine.LogType,object)
UnityEngine.Debug:Log (object)
Nytherion.Editor.RootiUpgradeVerification:Require (bool,string) (at Assets/Editor/Data/RootiUpgradeVerification.cs:367)
Nytherion.Editor.RootiUpgradeVerification/<Verify>d__16:MoveNext () (at Assets/Editor/Data/RootiUpgradeVerification.cs:178)
Nytherion.Editor.RootiUpgradeVerification:Update () (at Assets/Editor/Data/RootiUpgradeVerification.cs:74)
UnityEditor.EditorApplication:Internal_CallUpdateFunctions ()

(Filename: Assets/Editor/Data/RootiUpgradeVerification.cs Line: 367)

[RootiUpgradeVerification] PASS Physics2D 적 충돌 피해 후 범위 내 다른 적 방향으로 튕김
UnityEngine.StackTraceUtility:ExtractStackTrace ()
UnityEngine.DebugLogHandler:LogFormat (UnityEngine.LogType,UnityEngine.Object,string,object[])
UnityEngine.Logger:Log (UnityEngine.LogType,object)
UnityEngine.Debug:Log (object)
Nytherion.Editor.RootiUpgradeVerification:Require (bool,string) (at Assets/Editor/Data/RootiUpgradeVerification.cs:367)
Nytherion.Editor.RootiUpgradeVerification/<Verify>d__16:MoveNext () (at Assets/Editor/Data/RootiUpgradeVerification.cs:188)
Nytherion.Editor.RootiUpgradeVerification:Update () (at Assets/Editor/Data/RootiUpgradeVerification.cs:74)
UnityEditor.EditorApplication:Internal_CallUpdateFunctions ()

(Filename: Assets/Editor/Data/RootiUpgradeVerification.cs Line: 367)

[RootiUpgradeVerification] PASS 튕긴 씨앗이 실제로 두 번째 적에 피해·대상이 없으면 무작위 방향으로 생존
UnityEngine.StackTraceUtility:ExtractStackTrace ()
UnityEngine.DebugLogHandler:LogFormat (UnityEngine.LogType,UnityEngine.Object,string,object[])
UnityEngine.Logger:Log (UnityEngine.LogType,object)
UnityEngine.Debug:Log (object)
Nytherion.Editor.RootiUpgradeVerification:Require (bool,string) (at Assets/Editor/Data/RootiUpgradeVerification.cs:367)
Nytherion.Editor.RootiUpgradeVerification/<Verify>d__16:MoveNext () (at Assets/Editor/Data/RootiUpgradeVerification.cs:192)
Nytherion.Editor.RootiUpgradeVerification:Update () (at Assets/Editor/Data/RootiUpgradeVerification.cs:74)
UnityEditor.EditorApplication:Internal_CallUpdateFunctions ()

(Filename: Assets/Editor/Data/RootiUpgradeVerification.cs Line: 367)

[RootiUpgradeVerification] PASS 실제 네 적 연속 명중·3회 튕김 후 종료·같은 적 중복 피해 방지
UnityEngine.StackTraceUtility:ExtractStackTrace ()
UnityEngine.DebugLogHandler:LogFormat (UnityEngine.LogType,UnityEngine.Object,string,object[])
UnityEngine.Logger:Log (UnityEngine.LogType,object)
UnityEngine.Debug:Log (object)
Nytherion.Editor.RootiUpgradeVerification:Require (bool,string) (at Assets/Editor/Data/RootiUpgradeVerification.cs:367)
Nytherion.Editor.RootiUpgradeVerification/<Verify>d__16:MoveNext () (at Assets/Editor/Data/RootiUpgradeVerification.cs:209)
Nytherion.Editor.RootiUpgradeVerification:Update () (at Assets/Editor/Data/RootiUpgradeVerification.cs:74)
UnityEditor.EditorApplication:Internal_CallUpdateFunctions ()

(Filename: Assets/Editor/Data/RootiUpgradeVerification.cs Line: 367)

[RootiUpgradeVerification] PASS 통통 베리 씨앗은 벽 충돌 시 튕기지 않고 종료
UnityEngine.StackTraceUtility:ExtractStackTrace ()
UnityEngine.DebugLogHandler:LogFormat (UnityEngine.LogType,UnityEngine.Object,string,object[])
UnityEngine.Logger:Log (UnityEngine.LogType,object)
UnityEngine.Debug:Log (object)
Nytherion.Editor.RootiUpgradeVerification:Require (bool,string) (at Assets/Editor/Data/RootiUpgradeVerification.cs:367)
Nytherion.Editor.RootiUpgradeVerification/<Verify>d__16:MoveNext () (at Assets/Editor/Data/RootiUpgradeVerification.cs:220)
Nytherion.Editor.RootiUpgradeVerification:Update () (at Assets/Editor/Data/RootiUpgradeVerification.cs:74)
UnityEditor.EditorApplication:Internal_CallUpdateFunctions ()

(Filename: Assets/Editor/Data/RootiUpgradeVerification.cs Line: 367)

[RootiUpgradeVerification] PASS 실제 Obstacle 레이어 구조물 프리팹 충돌 시 종료
UnityEngine.StackTraceUtility:ExtractStackTrace ()
UnityEngine.DebugLogHandler:LogFormat (UnityEngine.LogType,UnityEngine.Object,string,object[])
UnityEngine.Logger:Log (UnityEngine.LogType,object)
UnityEngine.Debug:Log (object)
Nytherion.Editor.RootiUpgradeVerification:Require (bool,string) (at Assets/Editor/Data/RootiUpgradeVerification.cs:367)
Nytherion.Editor.RootiUpgradeVerification/<Verify>d__16:MoveNext () (at Assets/Editor/Data/RootiUpgradeVerification.cs:229)
Nytherion.Editor.RootiUpgradeVerification:Update () (at Assets/Editor/Data/RootiUpgradeVerification.cs:74)
UnityEditor.EditorApplication:Internal_CallUpdateFunctions ()

(Filename: Assets/Editor/Data/RootiUpgradeVerification.cs Line: 367)

[RootiUpgradeVerification] PASS 부모에 벽 태그가 있는 자식 충돌체도 벽으로 처리
UnityEngine.StackTraceUtility:ExtractStackTrace ()
UnityEngine.DebugLogHandler:LogFormat (UnityEngine.LogType,UnityEngine.Object,string,object[])
UnityEngine.Logger:Log (UnityEngine.LogType,object)
UnityEngine.Debug:Log (object)
Nytherion.Editor.RootiUpgradeVerification:Require (bool,string) (at Assets/Editor/Data/RootiUpgradeVerification.cs:367)
Nytherion.Editor.RootiUpgradeVerification/<Verify>d__16:MoveNext () (at Assets/Editor/Data/RootiUpgradeVerification.cs:241)
Nytherion.Editor.RootiUpgradeVerification:Update () (at Assets/Editor/Data/RootiUpgradeVerification.cs:74)
UnityEditor.EditorApplication:Internal_CallUpdateFunctions ()

(Filename: Assets/Editor/Data/RootiUpgradeVerification.cs Line: 367)

[RootiUpgradeVerification] PASS 구조물 레이어의 감지용 트리거는 씨앗을 막지 않음
UnityEngine.StackTraceUtility:ExtractStackTrace ()
UnityEngine.DebugLogHandler:LogFormat (UnityEngine.LogType,UnityEngine.Object,string,object[])
UnityEngine.Logger:Log (UnityEngine.LogType,object)
UnityEngine.Debug:Log (object)
Nytherion.Editor.RootiUpgradeVerification:Require (bool,string) (at Assets/Editor/Data/RootiUpgradeVerification.cs:367)
Nytherion.Editor.RootiUpgradeVerification/<Verify>d__16:MoveNext () (at Assets/Editor/Data/RootiUpgradeVerification.cs:251)
Nytherion.Editor.RootiUpgradeVerification:Update () (at Assets/Editor/Data/RootiUpgradeVerification.cs:74)
UnityEditor.EditorApplication:Internal_CallUpdateFunctions ()

(Filename: Assets/Editor/Data/RootiUpgradeVerification.cs Line: 367)

[RootiUpgradeVerification] PASS 바닥 충돌체와 겹쳐도 씨앗 유지
UnityEngine.StackTraceUtility:ExtractStackTrace ()
UnityEngine.DebugLogHandler:LogFormat (UnityEngine.LogType,UnityEngine.Object,string,object[])
UnityEngine.Logger:Log (UnityEngine.LogType,object)
UnityEngine.Debug:Log (object)
Nytherion.Editor.RootiUpgradeVerification:Require (bool,string) (at Assets/Editor/Data/RootiUpgradeVerification.cs:367)
Nytherion.Editor.RootiUpgradeVerification/<Verify>d__16:MoveNext () (at Assets/Editor/Data/RootiUpgradeVerification.cs:263)
Nytherion.Editor.RootiUpgradeVerification:Update () (at Assets/Editor/Data/RootiUpgradeVerification.cs:74)
UnityEditor.EditorApplication:Internal_CallUpdateFunctions ()

(Filename: Assets/Editor/Data/RootiUpgradeVerification.cs Line: 367)

[RootiUpgradeVerification] PASS 유물 해제 시 모든 강화 원복
UnityEngine.StackTraceUtility:ExtractStackTrace ()
UnityEngine.DebugLogHandler:LogFormat (UnityEngine.LogType,UnityEngine.Object,string,object[])
UnityEngine.Logger:Log (UnityEngine.LogType,object)
UnityEngine.Debug:Log (object)
Nytherion.Editor.RootiUpgradeVerification:Require (bool,string) (at Assets/Editor/Data/RootiUpgradeVerification.cs:367)
Nytherion.Editor.RootiUpgradeVerification/<Verify>d__16:MoveNext () (at Assets/Editor/Data/RootiUpgradeVerification.cs:270)
Nytherion.Editor.RootiUpgradeVerification:Update () (at Assets/Editor/Data/RootiUpgradeVerification.cs:74)
UnityEditor.EditorApplication:Internal_CallUpdateFunctions ()

(Filename: Assets/Editor/Data/RootiUpgradeVerification.cs Line: 367)

[RootiUpgradeVerification] PASS 풀 재사용·유물 해제 후 이전 튕김 상태가 남지 않음
UnityEngine.StackTraceUtility:ExtractStackTrace ()
UnityEngine.DebugLogHandler:LogFormat (UnityEngine.LogType,UnityEngine.Object,string,object[])
UnityEngine.Logger:Log (UnityEngine.LogType,object)
UnityEngine.Debug:Log (object)
Nytherion.Editor.RootiUpgradeVerification:Require (bool,string) (at Assets/Editor/Data/RootiUpgradeVerification.cs:367)
Nytherion.Editor.RootiUpgradeVerification/<Verify>d__16:MoveNext () (at Assets/Editor/Data/RootiUpgradeVerification.cs:273)
Nytherion.Editor.RootiUpgradeVerification:Update () (at Assets/Editor/Data/RootiUpgradeVerification.cs:74)
UnityEditor.EditorApplication:Internal_CallUpdateFunctions ()

(Filename: Assets/Editor/Data/RootiUpgradeVerification.cs Line: 367)

[RootiUpgradeVerification] PASS 유물 없는 루티 씨앗은 적 1회 피해 후 풀 반환
UnityEngine.StackTraceUtility:ExtractStackTrace ()
UnityEngine.DebugLogHandler:LogFormat (UnityEngine.LogType,UnityEngine.Object,string,object[])
UnityEngine.Logger:Log (UnityEngine.LogType,object)
UnityEngine.Debug:Log (object)
Nytherion.Editor.RootiUpgradeVerification:Require (bool,string) (at Assets/Editor/Data/RootiUpgradeVerification.cs:367)
Nytherion.Editor.RootiUpgradeVerification/<Verify>d__16:MoveNext () (at Assets/Editor/Data/RootiUpgradeVerification.cs:278)
Nytherion.Editor.RootiUpgradeVerification:Update () (at Assets/Editor/Data/RootiUpgradeVerification.cs:74)
UnityEditor.EditorApplication:Internal_CallUpdateFunctions ()

(Filename: Assets/Editor/Data/RootiUpgradeVerification.cs Line: 367)

[RootiUpgradeVerification] PASS 기존 BounceModifier 기본 동작 보존
UnityEngine.StackTraceUtility:ExtractStackTrace ()
UnityEngine.DebugLogHandler:LogFormat (UnityEngine.LogType,UnityEngine.Object,string,object[])
UnityEngine.Logger:Log (UnityEngine.LogType,object)
UnityEngine.Debug:Log (object)
Nytherion.Editor.RootiUpgradeVerification:Require (bool,string) (at Assets/Editor/Data/RootiUpgradeVerification.cs:367)
Nytherion.Editor.RootiUpgradeVerification/<Verify>d__16:MoveNext () (at Assets/Editor/Data/RootiUpgradeVerification.cs:286)
Nytherion.Editor.RootiUpgradeVerification:Update () (at Assets/Editor/Data/RootiUpgradeVerification.cs:74)
UnityEditor.EditorApplication:Internal_CallUpdateFunctions ()

(Filename: Assets/Editor/Data/RootiUpgradeVerification.cs Line: 367)

[RootiUpgradeVerification] PASS 적 탐색 사거리보다 멀리 날아가도 씨앗 유지
UnityEngine.StackTraceUtility:ExtractStackTrace ()
UnityEngine.DebugLogHandler:LogFormat (UnityEngine.LogType,UnityEngine.Object,string,object[])
UnityEngine.Logger:Log (UnityEngine.LogType,object)
UnityEngine.Debug:Log (object)
Nytherion.Editor.RootiUpgradeVerification:Require (bool,string) (at Assets/Editor/Data/RootiUpgradeVerification.cs:367)
Nytherion.Editor.RootiUpgradeVerification/<Verify>d__16:MoveNext () (at Assets/Editor/Data/RootiUpgradeVerification.cs:292)
Nytherion.Editor.RootiUpgradeVerification:Update () (at Assets/Editor/Data/RootiUpgradeVerification.cs:74)
UnityEditor.EditorApplication:Internal_CallUpdateFunctions ()

(Filename: Assets/Editor/Data/RootiUpgradeVerification.cs Line: 367)

[RootiUpgradeVerification] PASS 화면 가장자리 바깥 5% 위치에서 씨앗 유지
UnityEngine.StackTraceUtility:ExtractStackTrace ()
UnityEngine.DebugLogHandler:LogFormat (UnityEngine.LogType,UnityEngine.Object,string,object[])
UnityEngine.Logger:Log (UnityEngine.LogType,object)
UnityEngine.Debug:Log (object)
Nytherion.Editor.RootiUpgradeVerification:Require (bool,string) (at Assets/Editor/Data/RootiUpgradeVerification.cs:367)
Nytherion.Editor.RootiUpgradeVerification/<Verify>d__16:MoveNext () (at Assets/Editor/Data/RootiUpgradeVerification.cs:299)
Nytherion.Editor.RootiUpgradeVerification:Update () (at Assets/Editor/Data/RootiUpgradeVerification.cs:74)
UnityEditor.EditorApplication:Internal_CallUpdateFunctions ()

(Filename: Assets/Editor/Data/RootiUpgradeVerification.cs Line: 367)

[RootiUpgradeVerification] PASS 카메라 화면 바깥 10%를 초과해도 씨앗 유지
UnityEngine.StackTraceUtility:ExtractStackTrace ()
UnityEngine.DebugLogHandler:LogFormat (UnityEngine.LogType,UnityEngine.Object,string,object[])
UnityEngine.Logger:Log (UnityEngine.LogType,object)
UnityEngine.Debug:Log (object)
Nytherion.Editor.RootiUpgradeVerification:Require (bool,string) (at Assets/Editor/Data/RootiUpgradeVerification.cs:367)
Nytherion.Editor.RootiUpgradeVerification/<Verify>d__16:MoveNext () (at Assets/Editor/Data/RootiUpgradeVerification.cs:302)
Nytherion.Editor.RootiUpgradeVerification:Update () (at Assets/Editor/Data/RootiUpgradeVerification.cs:74)
UnityEditor.EditorApplication:Internal_CallUpdateFunctions ()

(Filename: Assets/Editor/Data/RootiUpgradeVerification.cs Line: 367)

[RootiUpgradeVerification] PASS 왼쪽·아래·위 화면에서 멀리 벗어나도 씨앗 유지 (-2.00, 0.50)
UnityEngine.StackTraceUtility:ExtractStackTrace ()
UnityEngine.DebugLogHandler:LogFormat (UnityEngine.LogType,UnityEngine.Object,string,object[])
UnityEngine.Logger:Log (UnityEngine.LogType,object)
UnityEngine.Debug:Log (object)
Nytherion.Editor.RootiUpgradeVerification:Require (bool,string) (at Assets/Editor/Data/RootiUpgradeVerification.cs:367)
Nytherion.Editor.RootiUpgradeVerification/<Verify>d__16:MoveNext () (at Assets/Editor/Data/RootiUpgradeVerification.cs:309)
Nytherion.Editor.RootiUpgradeVerification:Update () (at Assets/Editor/Data/RootiUpgradeVerification.cs:74)
UnityEditor.EditorApplication:Internal_CallUpdateFunctions ()

(Filename: Assets/Editor/Data/RootiUpgradeVerification.cs Line: 367)

[RootiUpgradeVerification] PASS 왼쪽·아래·위 화면에서 멀리 벗어나도 씨앗 유지 (0.50, -2.00)
UnityEngine.StackTraceUtility:ExtractStackTrace ()
UnityEngine.DebugLogHandler:LogFormat (UnityEngine.LogType,UnityEngine.Object,string,object[])
UnityEngine.Logger:Log (UnityEngine.LogType,object)
UnityEngine.Debug:Log (object)
Nytherion.Editor.RootiUpgradeVerification:Require (bool,string) (at Assets/Editor/Data/RootiUpgradeVerification.cs:367)
Nytherion.Editor.RootiUpgradeVerification/<Verify>d__16:MoveNext () (at Assets/Editor/Data/RootiUpgradeVerification.cs:309)
Nytherion.Editor.RootiUpgradeVerification:Update () (at Assets/Editor/Data/RootiUpgradeVerification.cs:74)
UnityEditor.EditorApplication:Internal_CallUpdateFunctions ()

(Filename: Assets/Editor/Data/RootiUpgradeVerification.cs Line: 367)

[RootiUpgradeVerification] PASS 왼쪽·아래·위 화면에서 멀리 벗어나도 씨앗 유지 (0.50, 3.00)
UnityEngine.StackTraceUtility:ExtractStackTrace ()
UnityEngine.DebugLogHandler:LogFormat (UnityEngine.LogType,UnityEngine.Object,string,object[])
UnityEngine.Logger:Log (UnityEngine.LogType,object)
UnityEngine.Debug:Log (object)
Nytherion.Editor.RootiUpgradeVerification:Require (bool,string) (at Assets/Editor/Data/RootiUpgradeVerification.cs:367)
Nytherion.Editor.RootiUpgradeVerification/<Verify>d__16:MoveNext () (at Assets/Editor/Data/RootiUpgradeVerification.cs:309)
Nytherion.Editor.RootiUpgradeVerification:Update () (at Assets/Editor/Data/RootiUpgradeVerification.cs:74)
UnityEditor.EditorApplication:Internal_CallUpdateFunctions ()

(Filename: Assets/Editor/Data/RootiUpgradeVerification.cs Line: 367)

[RootiUpgradeVerification] PASS 풀 재사용 후에도 씨앗 유지
UnityEngine.StackTraceUtility:ExtractStackTrace ()
UnityEngine.DebugLogHandler:LogFormat (UnityEngine.LogType,UnityEngine.Object,string,object[])
UnityEngine.Logger:Log (UnityEngine.LogType,object)
UnityEngine.Debug:Log (object)
Nytherion.Editor.RootiUpgradeVerification:Require (bool,string) (at Assets/Editor/Data/RootiUpgradeVerification.cs:367)
Nytherion.Editor.RootiUpgradeVerification/<Verify>d__16:MoveNext () (at Assets/Editor/Data/RootiUpgradeVerification.cs:314)
Nytherion.Editor.RootiUpgradeVerification:Update () (at Assets/Editor/Data/RootiUpgradeVerification.cs:74)
UnityEditor.EditorApplication:Internal_CallUpdateFunctions ()

(Filename: Assets/Editor/Data/RootiUpgradeVerification.cs Line: 367)

[RootiUpgradeVerification] PASS 카메라 이동으로 화면에서 벗어나도 씨앗 유지
UnityEngine.StackTraceUtility:ExtractStackTrace ()
UnityEngine.DebugLogHandler:LogFormat (UnityEngine.LogType,UnityEngine.Object,string,object[])
UnityEngine.Logger:Log (UnityEngine.LogType,object)
UnityEngine.Debug:Log (object)
Nytherion.Editor.RootiUpgradeVerification:Require (bool,string) (at Assets/Editor/Data/RootiUpgradeVerification.cs:367)
Nytherion.Editor.RootiUpgradeVerification/<Verify>d__16:MoveNext () (at Assets/Editor/Data/RootiUpgradeVerification.cs:317)
Nytherion.Editor.RootiUpgradeVerification:Update () (at Assets/Editor/Data/RootiUpgradeVerification.cs:74)
UnityEditor.EditorApplication:Internal_CallUpdateFunctions ()

(Filename: Assets/Editor/Data/RootiUpgradeVerification.cs Line: 367)

[RootiUpgradeVerification] PASS 카메라 확대에 따른 화면 범위 축소 후에도 씨앗 유지
UnityEngine.StackTraceUtility:ExtractStackTrace ()
UnityEngine.DebugLogHandler:LogFormat (UnityEngine.LogType,UnityEngine.Object,string,object[])
UnityEngine.Logger:Log (UnityEngine.LogType,object)
UnityEngine.Debug:Log (object)
Nytherion.Editor.RootiUpgradeVerification:Require (bool,string) (at Assets/Editor/Data/RootiUpgradeVerification.cs:367)
Nytherion.Editor.RootiUpgradeVerification/<Verify>d__16:MoveNext () (at Assets/Editor/Data/RootiUpgradeVerification.cs:323)
Nytherion.Editor.RootiUpgradeVerification:Update () (at Assets/Editor/Data/RootiUpgradeVerification.cs:74)
UnityEditor.EditorApplication:Internal_CallUpdateFunctions ()

(Filename: Assets/Editor/Data/RootiUpgradeVerification.cs Line: 367)

[RootiUpgradeVerification] PASS 이전에 생성된 풀의 거리·화면 이탈 반환 컴포넌트도 비활성화
UnityEngine.StackTraceUtility:ExtractStackTrace ()
UnityEngine.DebugLogHandler:LogFormat (UnityEngine.LogType,UnityEngine.Object,string,object[])
UnityEngine.Logger:Log (UnityEngine.LogType,object)
UnityEngine.Debug:Log (object)
Nytherion.Editor.RootiUpgradeVerification:Require (bool,string) (at Assets/Editor/Data/RootiUpgradeVerification.cs:367)
Nytherion.Editor.RootiUpgradeVerification/<Verify>d__16:MoveNext () (at Assets/Editor/Data/RootiUpgradeVerification.cs:333)
Nytherion.Editor.RootiUpgradeVerification:Update () (at Assets/Editor/Data/RootiUpgradeVerification.cs:74)
UnityEditor.EditorApplication:Internal_CallUpdateFunctions ()

(Filename: Assets/Editor/Data/RootiUpgradeVerification.cs Line: 367)

[RootiUpgradeVerification] PASS 런타임 강화가 공유 스킬 에셋 원본 수치를 수정하지 않음
UnityEngine.StackTraceUtility:ExtractStackTrace ()
UnityEngine.DebugLogHandler:LogFormat (UnityEngine.LogType,UnityEngine.Object,string,object[])
UnityEngine.Logger:Log (UnityEngine.LogType,object)
UnityEngine.Debug:Log (object)
Nytherion.Editor.RootiUpgradeVerification:Require (bool,string) (at Assets/Editor/Data/RootiUpgradeVerification.cs:367)
Nytherion.Editor.RootiUpgradeVerification/<Verify>d__16:MoveNext () (at Assets/Editor/Data/RootiUpgradeVerification.cs:337)
Nytherion.Editor.RootiUpgradeVerification:Update () (at Assets/Editor/Data/RootiUpgradeVerification.cs:74)
UnityEditor.EditorApplication:Internal_CallUpdateFunctions ()

(Filename: Assets/Editor/Data/RootiUpgradeVerification.cs Line: 367)

[SaveLoadManager] DataLifetimeScope.Instance 또는 Container가 null입니다.
UnityEngine.StackTraceUtility:ExtractStackTrace ()
UnityEngine.DebugLogHandler:LogFormat (UnityEngine.LogType,UnityEngine.Object,string,object[])
UnityEngine.Logger:Log (UnityEngine.LogType,object)
UnityEngine.Debug:LogWarning (object)
Nytherion.Core.Managers.SaveLoadManager:CollectSaveableEntities () (at Assets/Nytherion/Core/Managers/SaveLoadManager.cs:79)
Nytherion.Core.Managers.SaveLoadManager:SaveGameInternal (bool) (at Assets/Nytherion/Core/Managers/SaveLoadManager.cs:226)
Nytherion.Core.Managers.SaveLoadManager:SaveGame () (at Assets/Nytherion/Core/Managers/SaveLoadManager.cs:196)
Nytherion.Core.Managers.SaveLoadManager:OnDestroy () (at Assets/Nytherion/Core/Managers/SaveLoadManager.cs:407)
Nytherion.Editor.RootiUpgradeVerification:Finish (System.Exception) (at Assets/Editor/Data/RootiUpgradeVerification.cs:377)
Nytherion.Editor.RootiUpgradeVerification:Update () (at Assets/Editor/Data/RootiUpgradeVerification.cs:74)
UnityEditor.EditorApplication:Internal_CallUpdateFunctions ()

(Filename: Assets/Nytherion/Core/Managers/SaveLoadManager.cs Line: 79)

[PhysX] Initialized MultithreadedTaskDispatcher with 12 workers.
Input System module state changed to: ShutdownInProgress.
Input System polling thread exited.
Input System module state changed to: Shutdown.
[Licensing::IpcConnector] LicenseClient-kyung-notifications channel disconnected successfully.
[Licensing::IpcConnector] LicenseClient-kyung channel disconnected successfully.
Cleanup mono
[Performance] WinEditorMain                                                                                                                        :        1 samples, Peak.  1.52 s (1.0x), Avg.  1.52 s, Total. 1.516 s (3.5%)
[Performance] WinEditorMain.ConfigureCrashHandler                                                                                                  :        1 samples, Peak.  19.5 us (1.0x), Avg.  19.5 us, Total. 19.50 us (0.0%)
[Performance] WinEditorMain.CurlRequestInitialize                                                                                                  :        1 samples, Peak.  1.50 ms (1.0x), Avg.  1.50 ms, Total. 1.504 ms (0.0%)
[Performance] WinEditorMain.SetupLogFile                                                                                                           :        1 samples, Peak.   708 us (1.0x), Avg.   708 us, Total. 707.9 us (0.0%)
[Performance] WinEditorMain.RunNativeTestsIfRequiredAndExit                                                                                        :        1 samples, Peak.   100 ns (1.0x), Avg.   100 ns, Total. 100.0 ns (0.0%)
[Performance] WinEditorMain.Licensing                                                                                                              :        1 samples, Peak.  1.37 s (1.0x), Avg.  1.37 s, Total. 1.368 s (3.2%)
[Performance] WinEditorMain.InitializeCrashHandler                                                                                                 :        1 samples, Peak.  12.5 ms (1.0x), Avg.  12.5 ms, Total. 12.52 ms (0.0%)
[Performance] WinEditorMain.CreateApplication                                                                                                      :        1 samples, Peak.  31.6 ms (1.0x), Avg.  31.6 ms, Total. 31.64 ms (0.1%)
[Performance] Application.InitializeProject                                                                                                        :        1 samples, Peak.  19.6 s (1.0x), Avg.  19.6 s, Total. 19.58 s (45.6%)
[Performance] Application.PackageManager.StartServer                                                                                               :        1 samples, Peak.  3.57 ms (1.0x), Avg.  3.57 ms, Total. 3.573 ms (0.0%)
[Performance] Application.AcquireProjectLock                                                                                                       :        1 samples, Peak.  10.0 ms (1.0x), Avg.  10.0 ms, Total. 10.02 ms (0.0%)
[Performance] Application.InitializeEngineNoGraphics                                                                                               :        1 samples, Peak.  61.1 ms (1.0x), Avg.  61.1 ms, Total. 61.14 ms (0.1%)
[Performance] Application.PackageManager.Initialize                                                                                                :        1 samples, Peak.   612 ms (1.0x), Avg.   612 ms, Total. 612.2 ms (1.4%)
[Performance] Connecting to Package Manager                                                                                                        :       62 samples, Peak.  65.3 us (17.8x), Avg.  3.66 us, Total. 227.0 us (0.0%)
[Performance] Application.EngineGraphics.Initialize                                                                                                :        1 samples, Peak.  98.2 ms (1.0x), Avg.  98.2 ms, Total. 98.15 ms (0.2%)
[Performance] Application.GI.Initialize                                                                                                            :        1 samples, Peak.  2.25 ms (1.0x), Avg.  2.25 ms, Total. 2.254 ms (0.0%)
[Performance] Application.LoadAllDefaultResourcesFromEditor                                                                                        :        1 samples, Peak.  3.14 ms (1.0x), Avg.  3.14 ms, Total. 3.140 ms (0.0%)
[Performance] Application.LoadMonoAssemblies                                                                                                       :        1 samples, Peak.   890 ms (1.0x), Avg.   890 ms, Total. 890.0 ms (2.1%)
[Performance] RestoreManagedReferences                                                                                                             :        3 samples, Peak.   417 ms (2.5x), Avg.   168 ms, Total. 503.3 ms (1.2%)
[Performance] InitializeOnLoad DrivenRectTransformUndo                                                                                             :        3 samples, Peak.   829 us (1.4x), Avg.   582 us, Total. 1.745 ms (0.0%)
[Performance] InitializeOnLoad SceneSearch                                                                                                         :        3 samples, Peak.   250 us (1.4x), Avg.   181 us, Total. 544.1 us (0.0%)
[Performance] InitializeOnLoad CloudBuild                                                                                                          :        3 samples, Peak.  7.40 us (1.1x), Avg.  6.60 us, Total. 19.80 us (0.0%)
[Performance] InitializeOnLoad NativeFormatImporterUtility                                                                                         :        3 samples, Peak.  8.21 ms (2.0x), Avg.  4.04 ms, Total. 12.13 ms (0.0%)
[Performance] InitializeOnLoad SearchService                                                                                                       :        3 samples, Peak.   221 us (1.4x), Avg.   162 us, Total. 486.1 us (0.0%)
[Performance] InitializeOnLoad SettingsService                                                                                                     :        3 samples, Peak.  14.6 us (1.2x), Avg.  12.6 us, Total. 37.70 us (0.0%)
[Performance] InitializeOnLoad WindowLayout                                                                                                        :        3 samples, Peak.  1.55 ms (1.5x), Avg.  1.01 ms, Total. 3.038 ms (0.0%)
[Performance] InitializeOnLoad AssetStoreContext                                                                                                   :        3 samples, Peak.  54.2 ms (1.4x), Avg.  38.7 ms, Total. 116.2 ms (0.3%)
[Performance] InitializeOnLoad PoolManager                                                                                                         :        3 samples, Peak.  1.49 ms (1.9x), Avg.   764 us, Total. 2.292 ms (0.0%)
[Performance] InitializeOnLoad MixerEffectDefinitionReloader                                                                                       :        3 samples, Peak.  4.31 ms (1.6x), Avg.  2.70 ms, Total. 8.113 ms (0.0%)
[Performance] InitializeOnLoad ProjectSearch                                                                                                       :        3 samples, Peak.   124 us (1.2x), Avg.   101 us, Total. 303.8 us (0.0%)
[Performance] InitializeOnLoad UISystemProfilerRenderService                                                                                       :        3 samples, Peak.  14.6 us (1.2x), Avg.  11.8 us, Total. 35.30 us (0.0%)
[Performance] InitializeOnLoad EditMode                                                                                                            :        3 samples, Peak.   757 us (1.4x), Avg.   534 us, Total. 1.602 ms (0.0%)
[Performance] InitializeOnLoad UnityConnect                                                                                                        :        3 samples, Peak.  86.2 us (1.2x), Avg.  69.0 us, Total. 207.1 us (0.0%)
[Performance] InitializeOnLoad ManagedDebugger                                                                                                     :        3 samples, Peak.   991 us (2.3x), Avg.   426 us, Total. 1.278 ms (0.0%)
[Performance] InitializeOnLoad ShortcutIntegration                                                                                                 :        3 samples, Peak.   109 us (1.3x), Avg.  81.6 us, Total. 244.7 us (0.0%)
[Performance] InitializeOnLoad AddComponentWindow                                                                                                  :        3 samples, Peak.   183 us (1.3x), Avg.   146 us, Total. 436.9 us (0.0%)
[Performance] InitializeOnLoad ManagedDebuggerWindow                                                                                               :        3 samples, Peak.   249 us (1.4x), Avg.   182 us, Total. 544.9 us (0.0%)
[Performance] InitializeOnLoad CacheServerWindow                                                                                                   :        3 samples, Peak.  15.1 us (1.1x), Avg.  13.9 us, Total. 41.80 us (0.0%)
[Performance] InitializeOnLoad PlayModeDownload                                                                                                    :        3 samples, Peak.  9.15 ms (2.9x), Avg.  3.21 ms, Total. 9.627 ms (0.0%)
[Performance] InitializeOnLoad MenuItems                                                                                                           :        3 samples, Peak.   167 us (1.3x), Avg.   126 us, Total. 378.8 us (0.0%)
[Performance] InitializeOnLoad PrefabInstanceChangedListener                                                                                       :        3 samples, Peak.   243 us (1.3x), Avg.   189 us, Total. 567.6 us (0.0%)
[Performance] InitializeOnLoad ObjectSelectorSearch                                                                                                :        3 samples, Peak.   102 us (1.3x), Avg.  77.5 us, Total. 232.4 us (0.0%)
[Performance] InitializeOnLoad EditorMonitor                                                                                                       :        3 samples, Peak.   755 us (1.0x), Avg.   725 us, Total. 2.176 ms (0.0%)
[Performance] InitializeOnLoad RetainedMode                                                                                                        :        3 samples, Peak.  3.78 ms (1.3x), Avg.  2.95 ms, Total. 8.844 ms (0.0%)
[Performance] InitializeOnLoad EditorShaderLoader                                                                                                  :        3 samples, Peak.  1.35 ms (1.3x), Avg.  1.02 ms, Total. 3.056 ms (0.0%)
[Performance] InitializeOnLoad EditorDelegateRegistration                                                                                          :        3 samples, Peak.   932 us (1.1x), Avg.   865 us, Total. 2.596 ms (0.0%)
[Performance] InitializeOnLoad UIDocumentHierarchyWatcher                                                                                          :        3 samples, Peak.   170 us (1.2x), Avg.   143 us, Total. 429.4 us (0.0%)
[Performance] InitializeOnLoad LiveReloadTrackerCreator                                                                                            :        3 samples, Peak.   347 us (1.3x), Avg.   270 us, Total. 810.9 us (0.0%)
[Performance] InitializeOnLoad UxmlObjectEditorFactories                                                                                           :        3 samples, Peak.   725 us (1.0x), Avg.   699 us, Total. 2.096 ms (0.0%)
[Performance] InitializeOnLoad UXMLEditorFactories                                                                                                 :        3 samples, Peak.  86.8 ms (1.0x), Avg.  83.1 ms, Total. 249.2 ms (0.6%)
[Performance] InitializeOnLoad PurchasingService                                                                                                   :        3 samples, Peak.  7.78 ms (1.0x), Avg.  7.61 ms, Total. 22.82 ms (0.1%)
[Performance] InitializeOnLoad CloudBuildPoller                                                                                                    :        3 samples, Peak.   201 us (1.3x), Avg.   151 us, Total. 452.9 us (0.0%)
[Performance] InitializeOnLoad EditorGameServicesAnalytics                                                                                         :        3 samples, Peak.  3.12 ms (2.2x), Avg.  1.39 ms, Total. 4.184 ms (0.0%)
[Performance] InitializeOnLoad AnalyticsService                                                                                                    :        3 samples, Peak.   347 us (1.4x), Avg.   255 us, Total. 764.6 us (0.0%)
[Performance] InitializeOnLoad BuildService                                                                                                        :        3 samples, Peak.   193 us (1.0x), Avg.   187 us, Total. 560.8 us (0.0%)
[Performance] InitializeOnLoad AdsService                                                                                                          :        3 samples, Peak.   840 us (1.3x), Avg.   626 us, Total. 1.877 ms (0.0%)
[Performance] InitializeOnLoad UDPService                                                                                                          :        3 samples, Peak.   375 us (1.5x), Avg.   254 us, Total. 761.3 us (0.0%)
[Performance] InitializeOnLoad CrashService                                                                                                        :        3 samples, Peak.   198 us (1.0x), Avg.   191 us, Total. 574.5 us (0.0%)
[Performance] InitializeOnLoad ServicesRepository                                                                                                  :        3 samples, Peak.   600 ns (1.0x), Avg.   600 ns, Total. 1.800 us (0.0%)
[Performance] InitializeOnLoad SearchWindow                                                                                                        :        3 samples, Peak.   174 us (1.1x), Avg.   157 us, Total. 471.9 us (0.0%)
[Performance] InitializeOnLoad CustomIndexers                                                                                                      :        3 samples, Peak.  22.2 ms (1.2x), Avg.  19.2 ms, Total. 57.63 ms (0.1%)
[Performance] InitializeOnLoad SearchMonitor                                                                                                       :        3 samples, Peak.  1.36 ms (1.2x), Avg.  1.15 ms, Total. 3.447 ms (0.0%)
[Performance] InitializeOnLoad ParameterControllerEditor                                                                                           :        3 samples, Peak.  26.5 us (1.4x), Avg.  19.5 us, Total. 58.50 us (0.0%)
[Performance] InitializeOnLoad LayerSettingsWindow                                                                                                 :        3 samples, Peak.  32.7 us (1.7x), Avg.  19.7 us, Total. 59.00 us (0.0%)
[Performance] InitializeOnLoad PackageManagerHookGUIDConverter.RegisterPackagesEventHandler                                                        :        3 samples, Peak.   924 us (2.2x), Avg.   417 us, Total. 1.252 ms (0.0%)
[Performance] InitializeOnLoad EditorDragAndDrop.RegisterEditorClient                                                                              :        3 samples, Peak.   356 us (1.2x), Avg.   289 us, Total. 866.8 us (0.0%)
[Performance] InitializeOnLoad EditorEventCallbacks.InitializeFontAssetResourceChangeCallBacks                                                     :        3 samples, Peak.  1.46 ms (1.1x), Avg.  1.31 ms, Total. 3.915 ms (0.0%)
[Performance] InitializeOnLoad SceneTemplateService.Init                                                                                           :        3 samples, Peak.  1.32 ms (1.1x), Avg.  1.21 ms, Total. 3.621 ms (0.0%)
[Performance] InitializeOnLoad DiagnosticSwitchesConsoleMessage.Init                                                                               :        3 samples, Peak.  11.6 ms (1.7x), Avg.  6.75 ms, Total. 20.24 ms (0.0%)
[Performance] InitializeOnLoad PackageManagerWindow.EditorInitializedInSafeMode                                                                    :        3 samples, Peak.  34.5 ms (3.0x), Avg.  11.7 ms, Total. 34.96 ms (0.1%)
[Performance] InitializeOnLoad ToolShortcutContext.Init                                                                                            :        3 samples, Peak.   357 us (1.5x), Avg.   237 us, Total. 711.5 us (0.0%)
[Performance] InitializeOnLoad MemoryProfilerCompilationGuard.InjectCompileGuard                                                                   :        3 samples, Peak.   341 us (2.0x), Avg.   168 us, Total. 505.3 us (0.0%)
[Performance] InitializeOnLoad AssetPostprocessingInternal.RefreshCustomDependencies                                                               :        3 samples, Peak.  3.98 ms (1.2x), Avg.  3.29 ms, Total. 9.877 ms (0.0%)
[Performance] InitializeOnLoad SysrootManager.Initialize                                                                                           :        3 samples, Peak.  1.60 ms (1.7x), Avg.   920 us, Total. 2.759 ms (0.0%)
[Performance] InitializeOnLoad ScopedRegistryAddedPopup.SubscribeToRegistriesAdded                                                                 :        3 samples, Peak.  27.5 ms (2.2x), Avg.  12.6 ms, Total. 37.84 ms (0.1%)
[Performance] InitializeOnLoad SceneVisibilityManager.Initialize                                                                                   :        3 samples, Peak.  6.25 ms (2.0x), Avg.  3.06 ms, Total. 9.170 ms (0.0%)
[Performance] InitializeOnLoad EditorWindow.Initialize                                                                                             :        3 samples, Peak.   491 us (1.4x), Avg.   352 us, Total. 1.057 ms (0.0%)
[Performance] AssemblyReloadEvents.afterAssemblyReload: UnityEditor.SceneTemplate.SceneTemplateService.AfterAssemblyReload                         :        3 samples, Peak.  5.02 ms (1.7x), Avg.  3.00 ms, Total. 8.989 ms (0.0%)
[Performance] ProcessService.EditorAfterLoadAllAssemblies                                                                                          :        3 samples, Peak.   490 us (1.2x), Avg.   420 us, Total. 1.261 ms (0.0%)
[Performance] Application.ReadLicenseInfo                                                                                                          :        1 samples, Peak.  12.9 ms (1.0x), Avg.  12.9 ms, Total. 12.95 ms (0.0%)
[Performance] Application.InitialRefresh                                                                                                           :        1 samples, Peak.  15.9 s (1.0x), Avg.  15.9 s, Total. 15.92 s (37.1%)
[Performance] ShaderImporter.SourceAssetModified                                                                                                   :        4 samples, Peak.   700 ns (1.2x), Avg.   600 ns, Total. 2.400 us (0.0%)
[Performance] ShaderIncludeImporter.SourceAssetModified                                                                                            :        4 samples, Peak.  1.40 us (1.3x), Avg.  1.05 us, Total. 4.200 us (0.0%)
[Performance] Compiling Scripts                                                                                                                    :        1 samples, Peak.  5.42 s (1.0x), Avg.  5.42 s, Total. 5.416 s (12.6%)
[Performance] AssemblyReloadEvents.beforeAssemblyReload: UnityEditor.SceneTemplate.SceneTemplateService.BeforeAssemblyReload                       :        2 samples, Peak.   626 us (1.4x), Avg.   444 us, Total. 887.4 us (0.0%)
[Performance] PSDImporterAssetPostProcessor.OnPreprocessAsset                                                                                      :       11 samples, Peak.  1.97 ms (10.3x), Avg.   190 us, Total. 2.093 ms (0.0%)
[Performance] PresetManagerPostProcessor.OnPreprocessAsset                                                                                         :       11 samples, Peak.   318 us (8.9x), Avg.  35.6 us, Total. 391.6 us (0.0%)
[Performance] CancelSplashScreenOnAssetChange.OnPreprocessAsset                                                                                    :       11 samples, Peak.   190 us (9.9x), Avg.  19.2 us, Total. 211.2 us (0.0%)
[Performance] ShaderGraphAssetPostProcessor.OnPreprocessAsset                                                                                      :       11 samples, Peak.   245 us (9.4x), Avg.  26.1 us, Total. 287.5 us (0.0%)
[Performance] SpritePostProcess.OnPreprocessAsset                                                                                                  :       11 samples, Peak.  3.01 ms (10.5x), Avg.   288 us, Total. 3.165 ms (0.0%)
[Performance] InitializeOnLoad TouchSimulation                                                                                                     :        2 samples, Peak.   257 us (1.2x), Avg.   223 us, Total. 445.1 us (0.0%)
[Performance] InitializeOnLoad InputSystem                                                                                                         :        2 samples, Peak.  74.2 ms (1.0x), Avg.  74.0 ms, Total. 148.0 ms (0.3%)
[Performance] InitializeOnLoad InputSystemUIInputModuleEditor                                                                                      :        2 samples, Peak.   204 us (1.2x), Avg.   167 us, Total. 334.8 us (0.0%)
[Performance] InitializeOnLoad EnableUITKEditor                                                                                                    :        2 samples, Peak.  33.7 us (1.1x), Avg.  31.0 us, Total. 62.00 us (0.0%)
[Performance] InitializeOnLoad SpriteEditorWindow                                                                                                  :        2 samples, Peak.   630 us (1.1x), Avg.   574 us, Total. 1.149 ms (0.0%)
[Performance] InitializeOnLoad RegisterCheckResourcesDupeDependencies                                                                              :        2 samples, Peak.  3.39 ms (1.4x), Avg.  2.41 ms, Total. 4.814 ms (0.0%)
[Performance] InitializeOnLoad RegisterCheckBundleDupeDependencies                                                                                 :        2 samples, Peak.   185 us (1.1x), Avg.   162 us, Total. 324.0 us (0.0%)
[Performance] InitializeOnLoad AddressableEditorInitialization                                                                                     :        2 samples, Peak.  4.29 ms (1.0x), Avg.  4.14 ms, Total. 8.276 ms (0.0%)
[Performance] InitializeOnLoad GroupsPopupWindow                                                                                                   :        2 samples, Peak.  9.20 us (1.2x), Avg.  7.90 us, Total. 15.80 us (0.0%)
[Performance] InitializeOnLoad GlobalInitialization                                                                                                :        2 samples, Peak.   467 us (1.0x), Avg.   446 us, Total. 891.7 us (0.0%)
[Performance] InitializeOnLoad RegisterCheckSceneDupeDependencies                                                                                  :        2 samples, Peak.   103 us (1.0x), Avg. 100.0 us, Total. 200.0 us (0.0%)
[Performance] InitializeOnLoad RegisterBuildBundleLayout                                                                                           :        2 samples, Peak.  95.1 us (1.1x), Avg.  90.3 us, Total. 180.6 us (0.0%)
[Performance] InitializeOnLoad AddressableAssetInspectorGUI                                                                                        :        2 samples, Peak.  43.0 ms (1.8x), Avg.  23.8 ms, Total. 47.69 ms (0.1%)
[Performance] EditorResources.Load                                                                                                                 :       18 samples, Peak.  33.6 ms (17.9x), Avg.  1.88 ms, Total. 33.90 ms (0.1%)
[Performance] InitializeOnLoad PrefColorBridge                                                                                                     :        2 samples, Peak.  1.03 ms (1.4x), Avg.   714 us, Total. 1.428 ms (0.0%)
[Performance] InitializeOnLoad AssetTableAnalyzeRule                                                                                               :        2 samples, Peak.   443 us (1.0x), Avg.   423 us, Total. 845.3 us (0.0%)
[Performance] InitializeOnLoad GameViewLanguageMenu                                                                                                :        2 samples, Peak.   806 us (1.1x), Avg.   704 us, Total. 1.408 ms (0.0%)
[Performance] InitializeOnLoad DrivenPropertyDrawer                                                                                                :        2 samples, Peak.   305 us (1.2x), Avg.   262 us, Total. 524.7 us (0.0%)
[Performance] InitializeOnLoad LocalizeComponent                                                                                                   :        2 samples, Peak.  2.67 ms (1.1x), Avg.  2.47 ms, Total. 4.944 ms (0.0%)
[Performance] InitializeOnLoad LocalizeComponent_UGUI                                                                                              :        2 samples, Peak.   391 us (1.0x), Avg.   390 us, Total. 780.2 us (0.0%)
[Performance] InitializeOnLoad LocalizeComponent_TMPro                                                                                             :        2 samples, Peak.  96.8 us (1.0x), Avg.  96.0 us, Total. 191.9 us (0.0%)
[Performance] InitializeOnLoad StringTableAnalyzeRule                                                                                              :        2 samples, Peak.   158 us (1.0x), Avg.   155 us, Total. 310.6 us (0.0%)
[Performance] InitializeOnLoad ScenePropertyTracker                                                                                                :        2 samples, Peak.   156 us (1.0x), Avg.   154 us, Total. 308.9 us (0.0%)
[Performance] InitializeOnLoad ContextualPropertyMenu                                                                                              :        2 samples, Peak.   169 us (1.0x), Avg.   169 us, Total. 337.6 us (0.0%)
[Performance] InitializeOnLoad LocaleAnalyzeRule                                                                                                   :        2 samples, Peak.   106 us (1.0x), Avg.   106 us, Total. 211.7 us (0.0%)
[Performance] InitializeOnLoad ChainIgnitionSkillSetup                                                                                             :        2 samples, Peak.   162 us (1.0x), Avg.   161 us, Total. 322.4 us (0.0%)
[Performance] InitializeOnLoad EnemyHitAreaSetup                                                                                                   :        2 samples, Peak.  87.0 us (1.0x), Avg.  86.5 us, Total. 173.1 us (0.0%)
[Performance] InitializeOnLoad RootiRelicSetup                                                                                                     :        2 samples, Peak.  83.3 us (1.2x), Avg.  71.6 us, Total. 143.3 us (0.0%)
[Performance] InitializeOnLoad GenerateSkillRelics                                                                                                 :        2 samples, Peak.   423 us (1.1x), Avg.   400 us, Total. 799.8 us (0.0%)
[Performance] InitializeOnLoad OpapaRelicSetup                                                                                                     :        2 samples, Peak.  66.5 us (1.0x), Avg.  65.0 us, Total. 130.0 us (0.0%)
[Performance] InitializeOnLoad TrainingDummySetup                                                                                                  :        2 samples, Peak.   194 us (1.0x), Avg.   191 us, Total. 382.7 us (0.0%)
[Performance] InitializeOnLoad RootiUpgradeVerification                                                                                            :        2 samples, Peak.   305 us (1.1x), Avg.   267 us, Total. 533.8 us (0.0%)
[Performance] InitializeOnLoad PyroTankSkillVerification                                                                                           :        2 samples, Peak.   221 us (1.0x), Avg.   220 us, Total. 439.3 us (0.0%)
[Performance] InitializeOnLoad RootiUpgradeRelicSetup                                                                                              :        2 samples, Peak.  63.4 us (1.0x), Avg.  62.4 us, Total. 124.8 us (0.0%)
[Performance] InitializeOnLoad LayLaserWeaponVerification                                                                                          :        2 samples, Peak.   934 us (1.3x), Avg.   693 us, Total. 1.387 ms (0.0%)
[Performance] InitializeOnLoad ChainIgnitionDebugPanelSetup                                                                                        :        2 samples, Peak.  71.2 us (1.0x), Avg.  69.2 us, Total. 138.4 us (0.0%)
[Performance] InitializeOnLoad PyroTankSkillSetup                                                                                                  :        2 samples, Peak.  63.7 us (1.0x), Avg.  61.2 us, Total. 122.3 us (0.0%)
[Performance] InitializeOnLoad BlastCompanionRelicSetup                                                                                            :        2 samples, Peak.  58.8 us (1.0x), Avg.  57.3 us, Total. 114.5 us (0.0%)
[Performance] InitializeOnLoad ChainIgnitionSkillVerification                                                                                      :        2 samples, Peak.   519 us (1.0x), Avg.   495 us, Total. 990.9 us (0.0%)
[Performance] InitializeOnLoad BoomMakerRelicSetup                                                                                                 :        2 samples, Peak.  74.5 us (1.0x), Avg.  74.2 us, Total. 148.4 us (0.0%)
[Performance] InitializeOnLoad RelicGachaSync                                                                                                      :        2 samples, Peak.   166 us (1.1x), Avg.   147 us, Total. 294.8 us (0.0%)
[Performance] InitializeOnLoad BurstLoader                                                                                                         :        2 samples, Peak.  3.18 s (2.0x), Avg.  1.60 s, Total. 3.206 s (7.5%)
[Performance] InitializeOnLoad EditorToolManager                                                                                                   :        4 samples, Peak.  2.63 ms (2.2x), Avg.  1.20 ms, Total. 4.803 ms (0.0%)
[Performance] InitializeOnLoad SceneDragAndDrop                                                                                                    :        2 samples, Peak.   283 us (1.1x), Avg.   258 us, Total. 515.2 us (0.0%)
[Performance] InitializeOnLoad SpriteShapeUpdateCache                                                                                              :        2 samples, Peak.   726 us (1.1x), Avg.   683 us, Total. 1.365 ms (0.0%)
[Performance] InitializeOnLoad SpriteShapeUnityAnalyticsStorage                                                                                    :        2 samples, Peak.  26.6 us (1.0x), Avg.  26.3 us, Total. 52.60 us (0.0%)
[Performance] InitializeOnLoad ShadowCasterGroup2DManager                                                                                          :        2 samples, Peak.  72.8 us (1.0x), Avg.  71.1 us, Total. 142.2 us (0.0%)
[Performance] InitializeOnLoad ProbeGIBaking                                                                                                       :        2 samples, Peak.  4.42 ms (1.4x), Avg.  3.21 ms, Total. 6.424 ms (0.0%)
[Performance] InitializeOnLoad FilterWindow                                                                                                        :        2 samples, Peak.  49.1 us (1.1x), Avg.  46.3 us, Total. 92.70 us (0.0%)
[Performance] InitializeOnLoad RealtimeProbeSubdivisionDebug                                                                                       :        2 samples, Peak.   950 us (1.1x), Avg.   889 us, Total. 1.778 ms (0.0%)
[Performance] InitializeOnLoad NodeClassCache                                                                                                      :        2 samples, Peak.  6.70 us (1.1x), Avg.  6.35 us, Total. 12.70 us (0.0%)
[Performance] InitializeOnLoad ShaderGraphMaterialsUpdater                                                                                         :        4 samples, Peak.   384 us (1.7x), Avg.   225 us, Total. 901.2 us (0.0%)
[Performance] InitializeOnLoad Renderer2DAnalytics                                                                                                 :        2 samples, Peak.   168 us (1.3x), Avg.   132 us, Total. 264.8 us (0.0%)
[Performance] InitializeOnLoad BackgroundWatcher                                                                                                   :        2 samples, Peak.   144 us (1.0x), Avg.   139 us, Total. 278.4 us (0.0%)
[Performance] InitializeOnLoad UnityTestProtocolStarter                                                                                            :        2 samples, Peak.   221 us (1.1x), Avg.   207 us, Total. 413.6 us (0.0%)
[Performance] InitializeOnLoad TestStarter                                                                                                         :        2 samples, Peak.   632 us (1.0x), Avg.   627 us, Total. 1.254 ms (0.0%)
[Performance] InitializeOnLoad RerunCallbackInitializer                                                                                            :        2 samples, Peak.  3.93 ms (1.3x), Avg.  3.11 ms, Total. 6.230 ms (0.0%)
[Performance] InitializeOnLoad RiderScriptEditor                                                                                                   :        2 samples, Peak.  10.1 ms (1.1x), Avg.  9.37 ms, Total. 18.74 ms (0.0%)
[Performance] InitializeOnLoad CallbackInitializer                                                                                                 :        2 samples, Peak.  1.72 ms (1.9x), Avg.   915 us, Total. 1.830 ms (0.0%)
[Performance] InitializeOnLoad PlasticPlugin                                                                                                       :        2 samples, Peak.   296 ms (1.1x), Avg.   278 ms, Total. 556.4 ms (1.3%)
[Performance] InitializeOnLoad ToolbarBootstrap                                                                                                    :        2 samples, Peak.  46.8 ms (1.0x), Avg.  45.7 ms, Total. 91.41 ms (0.2%)
[Performance] InitializeOnLoad BackgroundImport                                                                                                    :        2 samples, Peak.   177 us (1.0x), Avg.   174 us, Total. 348.2 us (0.0%)
[Performance] InitializeOnLoad VSUsageUtility                                                                                                      :        2 samples, Peak.  40.9 ms (1.9x), Avg.  21.1 ms, Total. 42.12 ms (0.1%)
[Performance] InitializeOnLoad VisualStudioEditor                                                                                                  :        4 samples, Peak.  9.76 ms (1.6x), Avg.  6.14 ms, Total. 24.55 ms (0.1%)
[Performance] InitializeOnLoad TestRunnerApiListener                                                                                               :        4 samples, Peak.  1.03 ms (1.6x), Avg.   637 us, Total. 2.547 ms (0.0%)
[Performance] InitializeOnLoad VisualStudioIntegration                                                                                             :        4 samples, Peak.  2.20 ms (1.6x), Avg.  1.40 ms, Total. 5.609 ms (0.0%)
[Performance] InitializeOnLoad PrefabLayoutRebuilder                                                                                               :        2 samples, Peak.   339 us (1.1x), Avg.   309 us, Total. 618.3 us (0.0%)
[Performance] InitializeOnLoad SpriteSkinCompositeStartup                                                                                          :        2 samples, Peak.  21.1 ms (1.3x), Avg.  15.9 ms, Total. 31.77 ms (0.1%)
[Performance] InitializeOnLoad UnityAnalyticsStorage                                                                                               :        2 samples, Peak.   479 us (1.0x), Avg.   461 us, Total. 921.1 us (0.0%)
[Performance] InitializeOnLoad BoneGizmoInitializer                                                                                                :        2 samples, Peak.  4.33 ms (1.2x), Avg.  3.60 ms, Total. 7.205 ms (0.0%)
[Performance] InitializeOnLoad Analytics                                                                                                           :        2 samples, Peak.   300 us (1.1x), Avg.   284 us, Total. 568.6 us (0.0%)
[Performance] InitializeOnLoad NavigationWindow                                                                                                    :        2 samples, Peak.   837 us (1.1x), Avg.   772 us, Total. 1.543 ms (0.0%)
[Performance] InitializeOnLoad Addressables.RegisterPlayModeStateChange                                                                            :        2 samples, Peak.   103 us (1.2x), Avg.  89.0 us, Total. 178.0 us (0.0%)
[Performance] InitializeOnLoad AssetReference.RegisterForPlaymodeChange                                                                            :        2 samples, Peak.   548 us (1.2x), Avg.   465 us, Total. 929.3 us (0.0%)
[Performance] InitializeOnLoad IKEditorManager.CreateInstance                                                                                      :        2 samples, Peak.  3.61 ms (1.6x), Avg.  2.32 ms, Total. 4.644 ms (0.0%)
[Performance] InitializeOnLoad $BurstDirectCallInitializer.Initialize                                                                              :       14 samples, Peak.  21.9 ms (3.8x), Avg.  5.72 ms, Total. 80.08 ms (0.2%)
[Performance] InitializeOnLoad SceneViewGridManager.Initialize                                                                                     :        2 samples, Peak.  8.33 ms (1.5x), Avg.  5.62 ms, Total. 11.24 ms (0.0%)
[Performance] InitializeOnLoad TilemapPrefabStageHelper.Initialize                                                                                 :        2 samples, Peak.  2.07 ms (1.4x), Avg.  1.44 ms, Total. 2.882 ms (0.0%)
[Performance] InitializeOnLoad SceneViewOpenTilePaletteHelper.Initialize                                                                           :        2 samples, Peak.  1.32 ms (1.6x), Avg.   826 us, Total. 1.652 ms (0.0%)
[Performance] InitializeOnLoad TileDragAndDropManager.Initialize                                                                                   :        2 samples, Peak.   890 us (1.8x), Avg.   492 us, Total. 983.2 us (0.0%)
[Performance] InitializeOnLoad AddressableAssetSettings.RegisterWithAssetPostProcessor                                                             :        2 samples, Peak.   513 us (1.1x), Avg.   452 us, Total. 903.5 us (0.0%)
[Performance] InitializeOnLoad AddressableAssetSettings.CheckCCDStatus                                                                             :        2 samples, Peak.  85.0 us (1.0x), Avg.  82.1 us, Total. 164.2 us (0.0%)
[Performance] InitializeOnLoad ProfileDataSourceSettings.InitializeCloudEnvironment                                                                :        2 samples, Peak.   384 us (1.2x), Avg.   322 us, Total. 644.4 us (0.0%)
[Performance] InitializeOnLoad AddressablesBuildScriptHooks.Init                                                                                   :        2 samples, Peak.  78.5 us (1.0x), Avg.  75.4 us, Total. 150.8 us (0.0%)
[Performance] InitializeOnLoad AddressablesPlayerBuildProcessor.CleanTemporaryPlayerBuildData                                                      :        2 samples, Peak.   829 us (1.0x), Avg.   826 us, Total. 1.651 ms (0.0%)
[Performance] InitializeOnLoad VisualStudioEditor.LegacyVisualStudioCodePackageDisabler                                                            :        4 samples, Peak.   661 us (1.2x), Avg.   575 us, Total. 2.299 ms (0.0%)
[Performance] InitializeOnLoad InputSystemPackageControl.SubscribePackageManagerEvent                                                              :        2 samples, Peak.   102 us (1.0x), Avg.   101 us, Total. 202.4 us (0.0%)
[Performance] InitializeOnLoad InputSystemPluginControl.CheckForExtension                                                                          :        2 samples, Peak.  1.74 ms (1.0x), Avg.  1.70 ms, Total. 3.401 ms (0.0%)
[Performance] InitializeOnLoad MaterialReimporter.RegisterUpgraderReimport                                                                         :        4 samples, Peak.  1.32 ms (2.9x), Avg.   455 us, Total. 1.820 ms (0.0%)
[Performance] InitializeOnLoad BackgroundImport.Setup                                                                                              :        2 samples, Peak.   790 us (1.3x), Avg.   626 us, Total. 1.251 ms (0.0%)
[Performance] InitializeOnLoad TestJobDataHolder.ResumeRunningJobs                                                                                 :        2 samples, Peak.  1.41 ms (1.8x), Avg.   773 us, Total. 1.546 ms (0.0%)
[Performance] InitializeOnLoad AnalyticsReporter.RegisterCallbacks                                                                                 :        2 samples, Peak.   732 us (1.4x), Avg.   542 us, Total. 1.084 ms (0.0%)
[Performance] InitializeOnLoad DebugManagerWindowLifetimeAnalytic.SubscribeToDebugManagerOpenCloseWindows                                          :        2 samples, Peak.   572 us (1.1x), Avg.   533 us, Total. 1.066 ms (0.0%)
[Performance] InitializeOnLoad CoreRenderPipelinePreferences.InitPreferenceProviders                                                               :        2 samples, Peak.  36.1 ms (1.0x), Avg.  34.7 ms, Total. 69.33 ms (0.2%)
[Performance] InitializeOnLoad VolumeGizmoDrawer.InitVolumeGizmoCallbacks                                                                          :        2 samples, Peak.   400 us (1.0x), Avg.   393 us, Total. 785.9 us (0.0%)
[Performance] DidReloadScriptsAdvancedDropdownWindow.OnScriptReload                                                                                :        4 samples, Peak.   913 us (1.8x), Avg.   501 us, Total. 2.005 ms (0.0%)
[Performance] DidReloadScriptsNavMeshExtension.OnScriptReload                                                                                      :        2 samples, Peak.  1.01 ms (1.6x), Avg.   630 us, Total. 1.260 ms (0.0%)
[Performance] DidReloadScriptsTestRunnerWindow.CompilationCallback                                                                                 :        2 samples, Peak.   272 us (1.2x), Avg.   231 us, Total. 462.6 us (0.0%)
[Performance] DidReloadScriptsTestListCache.ScriptReloaded                                                                                         :        2 samples, Peak.  2.38 ms (1.9x), Avg.  1.26 ms, Total. 2.516 ms (0.0%)
[Performance] DidReloadScriptsLookDev.OnEditorReload                                                                                               :        2 samples, Peak.   430 us (1.1x), Avg.   381 us, Total. 761.2 us (0.0%)
[Performance] DidReloadScriptsDebugWindow.OnEditorReload                                                                                           :        2 samples, Peak.  12.1 ms (1.4x), Avg.  8.46 ms, Total. 16.93 ms (0.0%)
[Performance] DidReloadScriptsVolumeComponentEditor.OnEditorReload                                                                                 :        2 samples, Peak.  26.1 ms (1.0x), Avg.  25.4 ms, Total. 50.72 ms (0.1%)
[Performance] AssemblyReloadEvents.afterAssemblyReload: UnityEditor.U2D.Animation.BoneGizmo.OnAfterAssemblyReload                                  :        2 samples, Peak.  1.00 ms (1.1x), Avg.   951 us, Total. 1.903 ms (0.0%)
[Performance] AssetDatabase.ImportAssets                                                                                                           :       22 samples, Peak.   122 ms (4.6x), Avg.  26.7 ms, Total. 587.5 ms (1.4%)
[Performance] VersionControl.Task.Wait                                                                                                             :        1 samples, Peak.  11.3 us (1.0x), Avg.  11.3 us, Total. 11.30 us (0.0%)
[Performance] MilestoneAssetPostprocessor.OnPostprocessAllAssets                                                                                   :       16 samples, Peak.  1.12 ms (6.9x), Avg.   163 us, Total. 2.609 ms (0.0%)
[Performance] OpapaRelicAssetPostprocessor.OnPostprocessAllAssets                                                                                  :       16 samples, Peak.   307 us (6.6x), Avg.  46.2 us, Total. 739.7 us (0.0%)
[Performance] RelicAssetPostprocessor.OnPostprocessAllAssets                                                                                       :       16 samples, Peak.   334 ms (4.5x), Avg.  74.5 ms, Total. 1.192 s (2.8%)
[Performance] SkillAssetPostprocessor.OnPostprocessAllAssets                                                                                       :       16 samples, Peak.  16.0 ms (7.5x), Avg.  2.13 ms, Total. 34.12 ms (0.1%)
[Performance] TMPro_TexturePostProcessor.OnPostprocessAllAssets                                                                                    :       16 samples, Peak.   606 us (6.9x), Avg.  88.5 us, Total. 1.416 ms (0.0%)
[Performance] AssetPostprocessor.OnPostprocessAllAssets                                                                                            :       16 samples, Peak.  1.09 ms (7.8x), Avg.   139 us, Total. 2.218 ms (0.0%)
[Performance] BuilderAssetPostprocessor.OnPostprocessAllAssets                                                                                     :       16 samples, Peak.  4.18 ms (7.7x), Avg.   541 us, Total. 8.659 ms (0.0%)
[Performance] AddressablesAssetPostProcessor.OnPostprocessAllAssets                                                                                :       16 samples, Peak.  1.61 ms (7.8x), Avg.   206 us, Total. 3.295 ms (0.0%)
[Performance] ArtifactBrowserPostProcessor.OnPostprocessAllAssets                                                                                  :       16 samples, Peak.   647 us (7.8x), Avg.  83.1 us, Total. 1.329 ms (0.0%)
[Performance] AssetEvents.OnPostprocessAllAssets                                                                                                   :       32 samples, Peak.   528 us (13.2x), Avg.  40.0 us, Total. 1.278 ms (0.0%)
[Performance] AudioMixerPostprocessor.OnPostprocessAllAssets                                                                                       :       16 samples, Peak.   457 us (7.8x), Avg.  58.7 us, Total. 938.5 us (0.0%)
[Performance] StyleCatalogPostProcessor.OnPostprocessAllAssets                                                                                     :       16 samples, Peak.  48.5 ms (8.0x), Avg.  6.07 ms, Total. 97.08 ms (0.2%)
[Performance] BuildCatalog                                                                                                                         :        1 samples, Peak.  46.6 ms (1.0x), Avg.  46.6 ms, Total. 46.64 ms (0.1%)
[Performance] ModelImporterPostProcessor.OnPostprocessAllAssets                                                                                    :       16 samples, Peak.  2.55 ms (7.7x), Avg.   331 us, Total. 5.297 ms (0.0%)
[Performance] MaterialPostprocessor.OnPostprocessAllAssets                                                                                         :       32 samples, Peak.  1.22 ms (7.8x), Avg.   156 us, Total. 4.999 ms (0.0%)
[Performance] UniversalRenderPipelineGlobalSettingsPostprocessor.OnPostprocessAllAssets                                                            :       18 samples, Peak.  1.92 ms (6.6x), Avg.   291 us, Total. 5.245 ms (0.0%)
[Performance] RetainedModeAssetPostprocessor.OnPostprocessAllAssets                                                                                :       16 samples, Peak.  4.74 ms (7.9x), Avg.   603 us, Total. 9.648 ms (0.0%)
[Performance] AssetChangedListener.OnPostprocessAllAssets                                                                                          :       16 samples, Peak.  1.97 ms (7.5x), Avg.   261 us, Total. 4.170 ms (0.0%)
[Performance] PostProcessor.OnPostprocessAllAssets                                                                                                 :       16 samples, Peak.   470 us (6.9x), Avg.  68.5 us, Total. 1.096 ms (0.0%)
[Performance] ShaderGraphAssetPostProcessor.OnPostprocessAllAssets                                                                                 :       16 samples, Peak.  3.32 ms (6.6x), Avg.   503 us, Total. 8.048 ms (0.0%)
[Performance] SpeedTreePostProcessor.OnPostprocessAllAssets                                                                                        :       16 samples, Peak.   293 us (6.9x), Avg.  42.3 us, Total. 676.7 us (0.0%)
[Performance] TextAssetPostProcessor.OnPostprocessAllAssets                                                                                        :       16 samples, Peak.   575 us (7.3x), Avg.  78.2 us, Total. 1.252 ms (0.0%)
[Performance] AssetProcessor.OnPostprocessAllAssets                                                                                                :       48 samples, Peak.  2.51 ms (14.6x), Avg.   172 us, Total. 8.234 ms (0.0%)
[Performance] SpriteLibraryAssetPostprocessor.OnPostprocessAllAssets                                                                               :       16 samples, Peak.   349 us (8.2x), Avg.  42.7 us, Total. 683.1 us (0.0%)
[Performance] PSDImporterAssetPostProcessor.OnPostprocessAllAssets                                                                                 :       16 samples, Peak.   174 us (7.6x), Avg.  22.8 us, Total. 364.3 us (0.0%)
[Performance] PSDImportPostProcessor.OnPostprocessAllAssets                                                                                        :       16 samples, Peak.   198 us (7.7x), Avg.  25.7 us, Total. 411.7 us (0.0%)
[Performance] SpriteEditorTexturePostprocessor.OnPostprocessAllAssets                                                                              :       16 samples, Peak.   370 us (3.0x), Avg.   123 us, Total. 1.960 ms (0.0%)
[Performance] SpriteShapeAssetPostProcessor.OnPostprocessAllAssets                                                                                 :       16 samples, Peak.   488 us (6.8x), Avg.  71.2 us, Total. 1.139 ms (0.0%)
[Performance] AssetPathToTypes.OnPostprocessAllAssets                                                                                              :       16 samples, Peak.   375 us (7.5x), Avg.  50.0 us, Total. 800.2 us (0.0%)
[Performance] InputActionAssetPostprocessor.OnPostprocessAllAssets                                                                                 :       18 samples, Peak.   593 us (5.4x), Avg.   110 us, Total. 1.972 ms (0.0%)
[Performance] InputActionJsonNameModifierAssetProcessor.OnPostprocessAllAssets                                                                     :       18 samples, Peak.   117 us (4.4x), Avg.  26.5 us, Total. 477.0 us (0.0%)
[Performance] ProjectSettingsPostprocessor.OnPostprocessAllAssets                                                                                  :       18 samples, Peak.   217 us (4.9x), Avg.  44.4 us, Total. 799.2 us (0.0%)
[Performance] LocalizationAssetPostProcessor.OnPostprocessAllAssets                                                                                :       16 samples, Peak.  1.86 ms (7.3x), Avg.   255 us, Total. 4.073 ms (0.0%)
[Performance] SyncVS.PostprocessSyncProject                                                                                                        :        9 samples, Peak.   260 ms (8.3x), Avg.  31.5 ms, Total. 283.2 ms (0.7%)
[Performance] EditorApplication.projectChanged: UnityEditor.Audio.MixerEffectDefinitionReloader.OnProjectChanged                                   :        1 samples, Peak.  1.00 ms (1.0x), Avg.  1.00 ms, Total. 1.001 ms (0.0%)
[Performance] EditorApplication.projectChanged: UnityEngine.InputSystem.LowLevel.NativeInputRuntime.OnProjectChanged                               :        1 samples, Peak.   328 us (1.0x), Avg.   328 us, Total. 327.7 us (0.0%)
[Performance] Application.ImportPackagesAndSetTemplateWhenCreatingProject                                                                          :        1 samples, Peak.  15.7 ms (1.0x), Avg.  15.7 ms, Total. 15.73 ms (0.0%)
[Performance] Application.SyncCurrentColorSpace                                                                                                    :        1 samples, Peak.  43.5 ms (1.0x), Avg.  43.5 ms, Total. 43.47 ms (0.1%)
[Performance] Application.OnUsbDevicesChanged                                                                                                      :        1 samples, Peak.  5.35 ms (1.0x), Avg.  5.35 ms, Total. 5.350 ms (0.0%)
[Performance] Application.AssetInstanceCacheUpdate                                                                                                 :        1 samples, Peak.   300 ns (1.0x), Avg.   300 ns, Total. 300.0 ns (0.0%)
[Performance] Application.UnityExtensions.Initialize                                                                                               :        1 samples, Peak.  9.91 ms (1.0x), Avg.  9.91 ms, Total. 9.911 ms (0.0%)
[Performance] CodeEditorProjectSync.SyncEditorProject                                                                                              :        1 samples, Peak.  1.14 s (1.0x), Avg.  1.14 s, Total. 1.141 s (2.7%)
[Performance] Application.ExecuteStartups                                                                                                          :        1 samples, Peak.  33.7 ms (1.0x), Avg.  33.7 ms, Total. 33.72 ms (0.1%)
[Performance] Menu.RegisterMenuInterface                                                                                                           :       26 samples, Peak.  1.90 us (9.3x), Avg.   204 ns, Total. 5.300 us (0.0%)
[Performance] Gizmo.RebuildRenderers                                                                                                               :        3 samples, Peak.  30.5 ms (1.2x), Avg.  25.0 ms, Total. 75.05 ms (0.2%)
[Performance] Gizmo.AddGizmoRenderers                                                                                                              :      372 samples, Peak.  2.18 ms (83.3x), Avg.  26.2 us, Total. 9.760 ms (0.0%)
[Performance] Application.editorInitializingProject                                                                                                :        1 samples, Peak.   216 ms (1.0x), Avg.   216 ms, Total. 215.6 ms (0.5%)
[Performance] Application.FinishLoadingProject                                                                                                     :        1 samples, Peak.  2.44 s (1.0x), Avg.  2.44 s, Total. 2.444 s (5.7%)
[Performance] Application.InitializeMenu                                                                                                           :        1 samples, Peak.   105 ms (1.0x), Avg.   105 ms, Total. 104.6 ms (0.2%)
[Performance] Menu.RebuildAll                                                                                                                      :        1 samples, Peak.   105 ms (1.0x), Avg.   105 ms, Total. 104.6 ms (0.2%)
[Performance] Menu.BuildRegisteredMenuInterfaces                                                                                                   :        1 samples, Peak.  98.6 ms (1.0x), Avg.  98.6 ms, Total. 98.65 ms (0.2%)
[Performance] Menu.FilterMenuItem                                                                                                                  :     1137 samples, Peak.  21.6 ms (1097.9x), Avg.  19.7 us, Total. 22.36 ms (0.1%)
[Performance] UpdateAllMenus                                                                                                                       :        1 samples, Peak.  1.42 ms (1.0x), Avg.  1.42 ms, Total. 1.424 ms (0.0%)
[Performance] Menu.RebuildOSMainMenu                                                                                                               :        2 samples, Peak.  3.97 ms (1.2x), Avg.  3.45 ms, Total. 6.896 ms (0.0%)
[Performance] EditorSceneManager.sceneClosing: UnityEditor.SceneVisibilityManager.EditorSceneManagerOnSceneClosing                                 :        3 samples, Peak.   328 us (1.5x), Avg.   213 us, Total. 638.1 us (0.0%)
[Performance] GUIView.RepaintAll.PlayerLoopController                                                                                              :    15506 samples, Peak.   158 us (385.8x), Avg.   409 ns, Total. 6.335 ms (0.0%)
[Performance] EditorSceneManager.newSceneCreated: UnityEditor.SceneTemplate.SceneTemplateService.OnNewSceneCreated                                 :        1 samples, Peak.   271 us (1.0x), Avg.   271 us, Total. 270.9 us (0.0%)
[Performance] EditorSceneManager.newSceneCreated: UnityEditor.SceneVisibilityManager.EditorSceneManagerOnNewSceneCreated                           :        1 samples, Peak.   235 us (1.0x), Avg.   235 us, Total. 235.1 us (0.0%)
[Performance] EditorSceneManager.newSceneCreated: UnityEditor.SceneManagement.StageNavigationManager.OnNewSceneCreated                             :        1 samples, Peak.  66.2 us (1.0x), Avg.  66.2 us, Total. 66.20 us (0.0%)
[Performance] Application.InvokeFinishedLoadingProject                                                                                             :        1 samples, Peak.  23.8 ms (1.0x), Avg.  23.8 ms, Total. 23.77 ms (0.1%)
[Performance] ProcessService.OnProjectLoaded                                                                                                       :        1 samples, Peak.  63.0 us (1.0x), Avg.  63.0 us, Total. 63.00 us (0.0%)
[Performance] PaletteAssetModificationProcessor.OnWillSaveAssets                                                                                   :        8 samples, Peak.   787 us (5.0x), Avg.   158 us, Total. 1.265 ms (0.0%)
[Performance] StateMacroSavedEvent.OnWillSaveAssets                                                                                                :        8 samples, Peak.   563 us (4.8x), Avg.   118 us, Total. 942.1 us (0.0%)
[Performance] FlowMacroSavedEvent.OnWillSaveAssets                                                                                                 :        8 samples, Peak.   256 us (4.4x), Avg.  57.6 us, Total. 460.5 us (0.0%)
[Performance] AssetModificationProcessor.OnWillSaveAssets                                                                                          :        8 samples, Peak.   478 us (4.7x), Avg.   102 us, Total. 817.4 us (0.0%)
[Performance] UnityCloudProjectLinkMonitor.OnWillSaveAssets                                                                                        :        8 samples, Peak.   414 us (4.3x), Avg.  96.0 us, Total. 767.9 us (0.0%)
[Performance] BuilderAssetModificationProcessor.OnWillSaveAssets                                                                                   :        8 samples, Peak.   480 us (4.4x), Avg.   108 us, Total. 867.6 us (0.0%)
[Performance] TerrainModificationProcessor.OnWillSaveAssets                                                                                        :        8 samples, Peak.   841 us (4.4x), Avg.   193 us, Total. 1.547 ms (0.0%)
[Performance] EditorSceneManager.sceneOpening: UnityEditor.SceneVisibilityManager.EditorSceneManagerOnSceneOpening                                 :        1 samples, Peak.   217 us (1.0x), Avg.   217 us, Total. 216.8 us (0.0%)
[Performance] Inspector.InitOrRebuild                                                                                                              :        2 samples, Peak.  1.79 ms (1.3x), Avg.  1.40 ms, Total. 2.793 ms (0.0%)
[Performance] EditorSceneManager.sceneOpened: UnityEditor.SceneTemplate.SceneTemplateService.OnSceneOpened                                         :        1 samples, Peak.   262 us (1.0x), Avg.   262 us, Total. 261.8 us (0.0%)
[Performance] EditorSceneManager.sceneOpened: UnityEditor.SceneVisibilityManager.EditorSceneManagerOnSceneOpened                                   :        1 samples, Peak.   155 us (1.0x), Avg.   155 us, Total. 154.7 us (0.0%)
[Performance] EditorSceneManager.sceneOpened: UnityEditor.SceneManagement.StageNavigationManager.OnSceneOpened                                     :        1 samples, Peak.  72.0 us (1.0x), Avg.  72.0 us, Total. 72.00 us (0.0%)
[Performance] EditorApplication.playModeStateChanged                                                                                               :        1 samples, Peak.  4.95 ms (1.0x), Avg.  4.95 ms, Total. 4.952 ms (0.0%)
[Performance] EditorApplication.playModeStateChanged: UnityEditor.ObjectPool.PoolManager.OnEditorStateChange                                       :        2 samples, Peak.   177 us (1.1x), Avg.   167 us, Total. 333.3 us (0.0%)
[Performance] EditorApplication.playModeStateChanged: UnityEditor.PackageManager.UI.Internal.PlayModeDownload.PlayModeStateChanged                 :        2 samples, Peak.   400 us (1.5x), Avg.   271 us, Total. 541.5 us (0.0%)
[Performance] EditorApplication.playModeStateChanged: UnityEngine.InputSystem.LowLevel.NativeInputRuntime.OnPlayModeStateChanged                   :        2 samples, Peak.   796 us (1.3x), Avg.   615 us, Total. 1.230 ms (0.0%)
[Performance] EditorApplication.playModeStateChanged: UnityEditor.Localization.UI.GameViewLanguageMenu.PlayModeStateChanged                        :        2 samples, Peak.   108 us (1.2x), Avg.  92.5 us, Total. 185.1 us (0.0%)
[Performance] EditorApplication.playModeStateChanged: callback in Nytherion.Editor.TrainingDummySetup                                              :        2 samples, Peak.  59.8 us (1.0x), Avg.  58.9 us, Total. 117.7 us (0.0%)
[Performance] EditorApplication.playModeStateChanged: callback in Nytherion.Editor.RootiUpgradeVerification                                        :        2 samples, Peak.  45.6 us (1.0x), Avg.  43.7 us, Total. 87.40 us (0.0%)
[Performance] EditorApplication.playModeStateChanged: callback in Nytherion.Editor.PyroTankSkillVerification                                       :        2 samples, Peak.  65.7 us (1.0x), Avg.  63.6 us, Total. 127.1 us (0.0%)
[Performance] EditorApplication.playModeStateChanged: callback in Nytherion.Editor.LayLaserWeaponVerification                                      :        2 samples, Peak.  72.1 us (1.0x), Avg.  70.9 us, Total. 141.8 us (0.0%)
[Performance] EditorApplication.playModeStateChanged: callback in Nytherion.Editor.ChainIgnitionSkillVerification                                  :        2 samples, Peak.  82.6 us (1.2x), Avg.  68.6 us, Total. 137.2 us (0.0%)
[Performance] EditorApplication.playModeStateChanged: Unity.Burst.Editor.BurstLoader.EditorApplicationOnPlayModeStateChanged                       :        2 samples, Peak.  89.2 us (1.0x), Avg.  89.0 us, Total. 177.9 us (0.0%)
[Performance] EditorApplication.playModeStateChanged: callback in UnityEditor.U2D.SpriteShapeUpdateCache                                           :        2 samples, Peak.   113 us (1.5x), Avg.  72.8 us, Total. 145.6 us (0.0%)
[Performance] EditorApplication.playModeStateChanged: UnityEditor.SceneManagement.EditorSceneManager.PlayModeStateChangedCallback                  :        2 samples, Peak.  41.4 us (1.0x), Avg.  41.1 us, Total. 82.20 us (0.0%)
[Performance] EditorApplication.playModeStateChanged: UnityEngine.Rendering.Universal.ShadowCasterGroup2DManager.OnPlayModeStateChanged            :        2 samples, Peak.   185 us (1.0x), Avg.   181 us, Total. 362.0 us (0.0%)
[Performance] EditorApplication.playModeStateChanged: UnityEditor.TestTools.TestRunner.PlaymodeLauncher+BackgroundWatcher.OnPlayModeStateChanged   :        2 samples, Peak.   407 us (1.1x), Avg.   368 us, Total. 736.1 us (0.0%)
[Performance] EditorApplication.playModeStateChanged: UnityEditor.U2D.Animation.BoneGizmo.PlayModeStateChanged                                     :        2 samples, Peak.  49.9 us (1.1x), Avg.  46.6 us, Total. 93.30 us (0.0%)
[Performance] EditorApplication.playModeStateChanged: UnityEngine.AddressableAssets.Addressables.SetAddressablesReInitFlagOnExitPlayMode           :        2 samples, Peak.   104 us (1.0x), Avg.   101 us, Total. 202.8 us (0.0%)
[Performance] EditorApplication.playModeStateChanged: UnityEngine.AddressableAssets.AssetReference.EditorApplicationOnplayModeStateChanged         :        2 samples, Peak.   182 us (1.0x), Avg.   177 us, Total. 353.8 us (0.0%)
[Performance] EditorApplication.playModeStateChanged: UnityEditor.AddressableAssets.Build.AddressablesBuildScriptHooks.OnEditorPlayModeChanged     :        2 samples, Peak.   328 us (1.1x), Avg.   298 us, Total. 596.0 us (0.0%)
[Performance] EditorApplication.playModeStateChanged: UnityEditor.PackageManager.UI.Internal.ApplicationProxy.PlayModeStateChanged                 :        2 samples, Peak.   238 us (1.1x), Avg.   217 us, Total. 433.2 us (0.0%)
[Performance] EditorApplication.playModeStateChanged: UnityEditor.SceneVisibilityManager.EditorApplicationPlayModeStateChanged                     :        2 samples, Peak.  45.0 us (1.1x), Avg.  41.9 us, Total. 83.80 us (0.0%)
[Performance] EditorApplication.playModeStateChanged: UnityEditor.TestTools.TestRunner.TestRunnerWindow.OnPlayModeStateChanged                     :        2 samples, Peak.   117 us (1.1x), Avg.   110 us, Total. 220.8 us (0.0%)
[Performance] EditorApplication.playModeStateChanged: UnityEditor.Tilemaps.GridPaintingState.PlayModeStateChanged                                  :        2 samples, Peak.   104 us (1.2x), Avg.  84.6 us, Total. 169.2 us (0.0%)
[Performance] Application.InvokeProjectWasLoaded                                                                                                   :        1 samples, Peak.  46.2 us (1.0x), Avg.  46.2 us, Total. 46.20 us (0.0%)
[Performance] Application.Message                                                                                                                  :    15505 samples, Peak.   104 us (324.8x), Avg.   320 ns, Total. 4.960 ms (0.0%)
[Performance] Application.Message.WM_0031F                                                                                                         :        1 samples, Peak.  8.20 us (1.0x), Avg.  8.20 us, Total. 8.200 us (0.0%)
[Performance] Application.Tick                                                                                                                     :    15504 samples, Peak.  5.45 s (4671.0x), Avg.  1.17 ms, Total. 18.10 s (42.2%)
[Performance] CheckLicensingClient                                                                                                                 :        4 samples, Peak.  14.8 us (1.3x), Avg.  11.4 us, Total. 45.60 us (0.0%)
[Performance] CheckLicensingClientNotification                                                                                                     :        4 samples, Peak.  18.8 us (1.2x), Avg.  15.1 us, Total. 60.60 us (0.0%)
[Performance] LicenseActivated.Tick                                                                                                                :        1 samples, Peak.  10.4 us (1.0x), Avg.  10.4 us, Total. 10.40 us (0.0%)
[Performance] Application.TickVersionControl                                                                                                       :    15505 samples, Peak.   194 us (327.7x), Avg.   593 ns, Total. 9.194 ms (0.0%)
[Performance] MonoCompiler.Tick                                                                                                                    :       65 samples, Peak.  5.10 s (65.0x), Avg.  78.5 ms, Total. 5.101 s (11.9%)
[Performance] Application.EnterPlayMode                                                                                                            :        1 samples, Peak.  5.07 s (1.0x), Avg.  5.07 s, Total. 5.073 s (11.8%)
[Performance] Application.Reload                                                                                                                   :        1 samples, Peak.  3.20 s (1.0x), Avg.  3.20 s, Total. 3.200 s (7.5%)
[Performance] AssemblyReloadEvents.beforeAssemblyReload: UnityEditor.Rendering.Analytics.DebugManagerWindowLifetimeAnalytic.OnBeforeAssemblyReload :        1 samples, Peak.   429 us (1.0x), Avg.   429 us, Total. 429.0 us (0.0%)
[Performance] SceneDataContainer.TransformHierarchyChangedSetParentCallback                                                                        :     5154 samples, Peak.  67.9 us (117.5x), Avg.   578 ns, Total. 2.977 ms (0.0%)
[Performance] SceneVisibilityState.IsFlagSetInParents                                                                                              :    10968 samples, Peak.  67.2 us (272.5x), Avg.   247 ns, Total. 2.705 ms (0.0%)
[Performance] TimelineAnalyticsProcess.OnProcessScene                                                                                              :        1 samples, Peak.  1.74 ms (1.0x), Avg.  1.74 ms, Total. 1.740 ms (0.0%)
[Performance] UnityBuildPostprocessor.OnProcessScene                                                                                               :        1 samples, Peak.  1.09 ms (1.0x), Avg.  1.09 ms, Total. 1.094 ms (0.0%)
[Performance] EditorApplication.playModeStateChanged: UnityEngine.InputSystem.Editor.InputExitPlayModeAnalytic.OnPlayModeStateChange               :        1 samples, Peak.   107 us (1.0x), Avg.   107 us, Total. 107.3 us (0.0%)
[Performance] UnityConnect.Tick                                                                                                                    :        1 samples, Peak.  9.81 ms (1.0x), Avg.  9.81 ms, Total. 9.811 ms (0.0%)
[Performance] UnityVersionControl.Tick                                                                                                             :        1 samples, Peak.   700 ns (1.0x), Avg.   700 ns, Total. 700.0 ns (0.0%)
[Performance] CurlRequest.Tick                                                                                                                     :      128 samples, Peak.  53.9 us (40.1x), Avg.  1.35 us, Total. 172.2 us (0.0%)
[Performance] HubClient.Tick                                                                                                                       :      128 samples, Peak.   800 ns (3.0x), Avg.   270 ns, Total. 34.50 us (0.0%)
[Performance] AssetDatabase.Tick                                                                                                                   :      128 samples, Peak.  75.9 us (84.3x), Avg.   901 ns, Total. 115.3 us (0.0%)
[Performance] SceneBackgroundTask.Tick                                                                                                             :       86 samples, Peak.   600 ns (2.5x), Avg.   244 ns, Total. 21.00 us (0.0%)
[Performance] Scheduler.Tick                                                                                                                       :     1206 samples, Peak.  1.97 ms (268.4x), Avg.  7.36 us, Total. 8.873 ms (0.0%)
[Performance] RepaintAllProfilerWindows                                                                                                            :       27 samples, Peak.   352 us (23.4x), Avg.  15.0 us, Total. 405.6 us (0.0%)
[Performance] PlayerUpdates.Tick                                                                                                                   :      253 samples, Peak.  35.2 us (2.9x), Avg.  12.3 us, Total. 3.117 ms (0.0%)
[Performance] Application.TickGlobalCallbacks                                                                                                      :    15505 samples, Peak.   135 ms (3465.0x), Avg.  38.8 us, Total. 601.9 ms (1.4%)
[Performance] EditorAnalytics.Tick                                                                                                                 :       53 samples, Peak.  44.6 us (12.2x), Avg.  3.65 us, Total. 193.2 us (0.0%)
[Performance] Video.Update                                                                                                                         :    15505 samples, Peak.   134 us (389.4x), Avg.   344 ns, Total. 5.331 ms (0.0%)
[Performance] Application.TickProgress                                                                                                             :    15505 samples, Peak.  3.17 ms (5159.0x), Avg.   615 ns, Total. 9.528 ms (0.0%)
[Performance] Application.TickSceneTracker                                                                                                         :    15504 samples, Peak.  74.9 ms (241.0x), Avg.   311 us, Total. 4.816 s (11.2%)
[Performance] EditorApplication.update                                                                                                             :    15504 samples, Peak.  74.9 ms (249.9x), Avg.   300 us, Total. 4.643 s (10.8%)
[Performance] EditorApplication.update: Nytherion.Editor.EnemyHitAreaSetup.Update                                                                  :    15505 samples, Peak.   455 us (250.9x), Avg.  1.81 us, Total. 28.09 ms (0.1%)
[Performance] EditorApplication.update: Nytherion.Editor.TrainingDummySetup.Update                                                                 :    15505 samples, Peak.   674 us (327.0x), Avg.  2.06 us, Total. 31.97 ms (0.1%)
[Performance] EditorApplication.update: Nytherion.Editor.RootiUpgradeVerification.Update                                                           :    15504 samples, Peak.  74.6 ms (8436.9x), Avg.  8.84 us, Total. 137.0 ms (0.3%)
[Performance] EditorApplication.update: Nytherion.Editor.PyroTankSkillVerification.Update                                                          :    15504 samples, Peak.  1.78 ms (23.5x), Avg.  75.6 us, Total. 1.173 s (2.7%)
[Performance] EditorApplication.update: Nytherion.Editor.RootiUpgradeRelicSetup.ProcessRequest                                                     :    15504 samples, Peak.   121 us (82.1x), Avg.  1.48 us, Total. 22.88 ms (0.1%)
[Performance] EditorApplication.update: Nytherion.Editor.LayLaserWeaponVerification.Update                                                         :    15504 samples, Peak.   286 us (445.9x), Avg.   642 ns, Total. 9.947 ms (0.0%)
[Performance] EditorApplication.update: Nytherion.Editor.ChainIgnitionDebugPanelSetup.Update                                                       :    15504 samples, Peak.  1.39 ms (14.1x), Avg.  98.2 us, Total. 1.523 s (3.5%)
[Performance] EditorApplication.update: Nytherion.Editor.ChainIgnitionSkillVerification.Update                                                     :    15504 samples, Peak.  3.96 ms (43.2x), Avg.  91.8 us, Total. 1.423 s (3.3%)
[Performance] EditorApplication.update: UnityEngine.Rendering.ProbeSubdivisionContext+RealtimeProbeSubdivisionDebug.UpdateRealtimeSubdivisionDebug :    15504 samples, Peak.  2.97 ms (3186.0x), Avg.   931 ns, Total. 14.43 ms (0.0%)
[Performance] EditorApplication.update: Unity.PlasticSCM.Editor.Hub.ProcessHubCommand.RunOnceWhenAccessTokenIsInitialized                          :    15504 samples, Peak.   291 us (280.8x), Avg.  1.03 us, Total. 16.05 ms (0.0%)
[Performance] EditorApplication.update: callback in Microsoft.Unity.VisualStudio.Editor.VisualStudioIntegration                                    :        1 samples, Peak.  11.7 ms (1.0x), Avg.  11.7 ms, Total. 11.66 ms (0.0%)
[Performance] EditorApplication.update: Microsoft.Unity.VisualStudio.Editor.VisualStudioIntegration.OnUpdate                                       :    15504 samples, Peak.   433 us (260.2x), Avg.  1.66 us, Total. 25.78 ms (0.1%)
[Performance] EditorApplication.update: UnityEditor.AddressableAssets.Settings.AddressableAssetSettings.TryAddAssetPostprocessorOnNextUpdate       :        1 samples, Peak.   124 us (1.0x), Avg.   124 us, Total. 123.5 us (0.0%)
[Performance] EditorApplication.update: callback in UnityEditor.Rendering.Universal.MaterialReimporter                                             :    15504 samples, Peak.  1.26 ms (660.6x), Avg.  1.91 us, Total. 29.62 ms (0.1%)
[Performance] EditorApplication.update: UnityEditor.U2D.Aseprite.BackgroundImport.OnUpdate                                                         :    15504 samples, Peak.   363 us (121.1x), Avg.  3.00 us, Total. 46.51 ms (0.1%)
[Performance] EditorApplication.update: UnityEditor.PackageManager.UI.Internal.ApplicationProxy.OnUpdate                                           :    15504 samples, Peak.   634 us (489.0x), Avg.  1.30 us, Total. 20.11 ms (0.0%)
[Performance] EditorApplication.update: UnityEditor.SceneManagement.StageNavigationManager.Update                                                  :    15504 samples, Peak.   461 us (1203.7x), Avg.   383 ns, Total. 5.935 ms (0.0%)
[Performance] EditorApplication.update: UnityEngine.U2D.Animation.BufferManager.Update                                                             :    15504 samples, Peak.   129 us (146.7x), Avg.   879 ns, Total. 13.63 ms (0.0%)
[Performance] ConsoleLog.Tick                                                                                                                      :       65 samples, Peak.   280 us (38.9x), Avg.  7.21 us, Total. 468.8 us (0.0%)
[Performance] HierarchyWindow.Tick                                                                                                                 :       86 samples, Peak.  7.57 ms (47.8x), Avg.   158 us, Total. 13.60 ms (0.0%)
[Performance] EditorApplication.hierarchyChanged: Unity.UIElements.Editor.UIDocumentHierarchyWatcher.OnHierarchyChanged                            :       27 samples, Peak.   146 us (22.9x), Avg.  6.36 us, Total. 171.7 us (0.0%)
[Performance] EditorApplication.hierarchyChanged: UnityEditor.Tilemaps.SceneViewGridManager.UpdateCache                                            :       27 samples, Peak.  6.37 ms (26.6x), Avg.   239 us, Total. 6.455 ms (0.0%)
[Performance] EditorApplication.hierarchyChanged: UnityEditor.Tilemaps.SceneViewOpenTilePaletteHelper.SelectionChanged                             :       27 samples, Peak.  47.4 us (18.2x), Avg.  2.60 us, Total. 70.30 us (0.0%)
[Performance] EditorApplication.hierarchyChanged: UnityEditor.Tilemaps.GridPaintingState.HierarchyChanged                                          :       27 samples, Peak.   239 us (24.1x), Avg.  9.92 us, Total. 267.8 us (0.0%)
[Performance] Inspector.Tick                                                                                                                       :       86 samples, Peak.   159 ms (83.1x), Avg.  1.91 ms, Total. 164.3 ms (0.4%)
[Performance] EditorApplication.delayCall: UnityEditor.ShortcutManagement.ShortcutIntegration.EnsureShortcutsAreInitialized                        :        1 samples, Peak.  44.1 ms (1.0x), Avg.  44.1 ms, Total. 44.11 ms (0.1%)
[Performance] EditorApplication.delayCall: callback in UnityEngine.InputSystem.EnhancedTouch.TouchSimulation                                       :        1 samples, Peak.  95.1 us (1.0x), Avg.  95.1 us, Total. 95.10 us (0.0%)
[Performance] EditorApplication.delayCall: UnityEngine.InputSystem.InputSystem.SetUpRemotingInternal                                               :        1 samples, Peak.  9.72 ms (1.0x), Avg.  9.72 ms, Total. 9.720 ms (0.0%)
[Performance] EditorApplication.delayCall: UnityEngine.InputSystem.InputSystem.ShowRestartWarning                                                  :        1 samples, Peak.  10.3 ms (1.0x), Avg.  10.3 ms, Total. 10.30 ms (0.0%)
[Performance] EditorApplication.delayCall: Nytherion.Editor.ChainIgnitionSkillSetup.SetupIfMissing                                                 :       86 samples, Peak.   349 us (53.2x), Avg.  6.57 us, Total. 564.8 us (0.0%)
[Performance] EditorApplication.delayCall: Nytherion.Editor.RootiRelicSetup.TryAutomaticSetup                                                      :       86 samples, Peak.   181 us (24.1x), Avg.  7.48 us, Total. 643.6 us (0.0%)
[Performance] EditorApplication.delayCall: callback in Nytherion.Editor.GenerateSkillRelics                                                        :        1 samples, Peak.  64.6 ms (1.0x), Avg.  64.6 ms, Total. 64.64 ms (0.2%)
[Performance] EditorApplication.delayCall: Nytherion.Editor.OpapaRelicSetup.TryAutomaticSetup                                                      :        1 samples, Peak.   221 us (1.0x), Avg.   221 us, Total. 221.4 us (0.0%)
[Performance] EditorApplication.delayCall: Nytherion.Editor.PyroTankSkillSetup.SetupIfMissing                                                      :       86 samples, Peak.   231 us (43.6x), Avg.  5.30 us, Total. 456.2 us (0.0%)
[Performance] EditorApplication.delayCall: Nytherion.Editor.BlastCompanionRelicSetup.TryAutomaticSetup                                             :        1 samples, Peak.   234 us (1.0x), Avg.   234 us, Total. 233.5 us (0.0%)
[Performance] EditorApplication.delayCall: Nytherion.Editor.BoomMakerRelicSetup.TryAutomaticSetup                                                  :        1 samples, Peak.   711 us (1.0x), Avg.   711 us, Total. 711.2 us (0.0%)
[Performance] EditorApplication.delayCall: callback in Nytherion.Editor.RelicGachaSync                                                             :        1 samples, Peak.  26.6 ms (1.0x), Avg.  26.6 ms, Total. 26.55 ms (0.1%)
[Performance] EditorApplication.delayCall: callback in UnityEditor.AI.NavMeshEditorHelpers                                                         :        1 samples, Peak.  61.6 us (1.0x), Avg.  61.6 us, Total. 61.60 us (0.0%)
[Performance] EditorApplication.delayCall: callback in UnityEditor.EditorTools.ToolShortcutContext                                                 :        1 samples, Peak.   484 us (1.0x), Avg.   484 us, Total. 483.6 us (0.0%)
[Performance] EditorApplication.delayCall: callback in UnityEditor.SceneVisibilityManager                                                          :        1 samples, Peak.   110 us (1.0x), Avg.   110 us, Total. 110.0 us (0.0%)
[Performance] EditorApplication.delayCall: callback in UnityEditor.EditorWindow                                                                    :        1 samples, Peak.  67.8 us (1.0x), Avg.  67.8 us, Total. 67.80 us (0.0%)
[Performance] EditorApplication.delayCall: UnityEditor.EditorTools.EditorToolContext.Activate                                                      :        1 samples, Peak.  1.80 us (1.0x), Avg.  1.80 us, Total. 1.800 us (0.0%)
[Performance] Tooltip.Tick                                                                                                                         :      253 samples, Peak.   124 us (110.2x), Avg.  1.12 us, Total. 284.1 us (0.0%)
[Performance] Application.RequestRepaintForPanels                                                                                                  :    15504 samples, Peak.   601 us (250.8x), Avg.  2.39 us, Total. 37.12 ms (0.1%)
[Performance] Application.UpdateScene                                                                                                              :    15504 samples, Peak.   226 ms (489.9x), Avg.   460 us, Total. 7.138 s (16.6%)
[Performance] PackageImporter.Tick                                                                                                                 :       64 samples, Peak.   800 ns (2.1x), Avg.   377 ns, Total. 24.10 us (0.0%)
[Performance] InspectorBackground.Tick                                                                                                             :       85 samples, Peak.  2.00 us (3.3x), Avg.   615 ns, Total. 52.30 us (0.0%)
[Performance] BurstDebug.Tick                                                                                                                      :       26 samples, Peak.  1.70 us (2.5x), Avg.   669 ns, Total. 17.40 us (0.0%)
[Performance] Application.ChangeLayoutIfNeeded                                                                                                     :    15504 samples, Peak.  19.1 us (270.4x), Avg.  70.6 ns, Total. 1.095 ms (0.0%)
[Performance] AsyncReadManager.ForceCloseFiles                                                                                                     :       13 samples, Peak.   162 us (4.3x), Avg.  37.3 us, Total. 485.2 us (0.0%)
[Performance] Application.Shutdown.SaveDefaultWindowPreferences                                                                                    :        1 samples, Peak.   116 us (1.0x), Avg.   116 us, Total. 115.9 us (0.0%)
[Performance] Application.Shutdown.SaveSceneManagerSetup                                                                                           :        1 samples, Peak.   325 us (1.0x), Avg.   325 us, Total. 324.6 us (0.0%)
[Performance] Application.Shutdown.CleanupAllContainerWindows                                                                                      :        1 samples, Peak.   900 ns (1.0x), Avg.   900 ns, Total. 900.0 ns (0.0%)
[Performance] EditorApplication.quitting: Unity.Burst.Editor.BurstLoader.OnEditorApplicationQuitting                                               :        1 samples, Peak.  33.6 us (1.0x), Avg.  33.6 us, Total. 33.60 us (0.0%)
[Performance] EditorApplication.quitting: UnityEditor.Tilemaps.SceneViewGridManager.EditorQuitting                                                 :        1 samples, Peak.  82.6 us (1.0x), Avg.  82.6 us, Total. 82.60 us (0.0%)
[Performance] EditorApplication.quitting: callback in UnityEditor.TextCore.Text.EditorEventCallbacks                                               :        1 samples, Peak.  13.5 ms (1.0x), Avg.  13.5 ms, Total. 13.50 ms (0.0%)
[Performance] Application.Shutdown.PauseProfilerSession                                                                                            :        1 samples, Peak.  29.0 us (1.0x), Avg.  29.0 us, Total. 29.00 us (0.0%)
[Performance] Application.Shutdown.PauseAssetImportWorkers                                                                                         :        1 samples, Peak.   392 us (1.0x), Avg.   392 us, Total. 391.6 us (0.0%)
[Performance] Application.Shutdown.SaveAssets                                                                                                      :        1 samples, Peak.  13.9 ms (1.0x), Avg.  13.9 ms, Total. 13.86 ms (0.0%)
[Performance] Application.Shutdown.CleanupRenderPipeline                                                                                           :        1 samples, Peak.  23.6 us (1.0x), Avg.  23.6 us, Total. 23.60 us (0.0%)
[Performance] Application.Shutdown.StopPreloadManager                                                                                              :        1 samples, Peak.  9.55 ms (1.0x), Avg.  9.55 ms, Total. 9.548 ms (0.0%)
[Performance] Application.Shutdown.DestroyWorld                                                                                                    :        1 samples, Peak.  47.4 ms (1.0x), Avg.  47.4 ms, Total. 47.40 ms (0.1%)
[Performance] Application.Shutdown.CleanupAfterLoad                                                                                                :        1 samples, Peak.   274 ms (1.0x), Avg.   274 ms, Total. 273.6 ms (0.6%)
[Performance] Application.Shutdown.Progress                                                                                                        :        1 samples, Peak.  8.10 us (1.0x), Avg.  8.10 us, Total. 8.100 us (0.0%)
[Performance] Application.Shutdown.GICleanupManagers                                                                                               :        1 samples, Peak.   628 us (1.0x), Avg.   628 us, Total. 628.4 us (0.0%)
[Performance] Application.Shutdown.MenuCleanupClass                                                                                                :        1 samples, Peak.   565 us (1.0x), Avg.   565 us, Total. 565.1 us (0.0%)
[Performance] Application.Shutdown.ADBSaveStateBeforeShutdown                                                                                      :        1 samples, Peak.  8.90 us (1.0x), Avg.  8.90 us, Total. 8.900 us (0.0%)
[Performance] Application.Shutdown.RemoteShutdown                                                                                                  :        1 samples, Peak.   800 ns (1.0x), Avg.   800 ns, Total. 800.0 ns (0.0%)
[Performance] Application.Shutdown.CleanupVCProvider                                                                                               :        1 samples, Peak.  19.8 us (1.0x), Avg.  19.8 us, Total. 19.80 us (0.0%)
[Performance] Application.Shutdown.InputShutdown                                                                                                   :        1 samples, Peak.   300 ns (1.0x), Avg.   300 ns, Total. 300.0 ns (0.0%)
[Performance] Application.Shutdown.GizmoManagerDestroy                                                                                             :        1 samples, Peak.   746 us (1.0x), Avg.   746 us, Total. 746.1 us (0.0%)
[Performance] Application.Shutdown.ProfilerSession                                                                                                 :        1 samples, Peak.   159 us (1.0x), Avg.   159 us, Total. 158.7 us (0.0%)
[Performance] Application.Shutdown.ReleaseGfxWindowOnAllGUIViews                                                                                   :        1 samples, Peak.   400 ns (1.0x), Avg.   400 ns, Total. 400.0 ns (0.0%)
[Performance] Application.Shutdown.CleanupEngine                                                                                                   :        1 samples, Peak.   132 ms (1.0x), Avg.   132 ms, Total. 132.0 ms (0.3%)
[Performance] Application.Shutdown.CleanupAssetDatabase                                                                                            :        1 samples, Peak.  16.0 ms (1.0x), Avg.  16.0 ms, Total. 15.97 ms (0.0%)
[Performance] Application.Shutdown.ScriptCompilationCleanUp                                                                                        :        1 samples, Peak.  19.8 ms (1.0x), Avg.  19.8 ms, Total. 19.84 ms (0.0%)
[Performance] Application.Shutdown.DestroyJobSystem                                                                                                :        1 samples, Peak.   122 us (1.0x), Avg.   122 us, Total. 121.6 us (0.0%)
[Performance] Application.Shutdown.CleanupPersistentManager                                                                                        :        1 samples, Peak.  2.26 ms (1.0x), Avg.  2.26 ms, Total. 2.264 ms (0.0%)
[Performance] Application.Shutdown.CleanupAsyncReadManager                                                                                         :        1 samples, Peak.   198 us (1.0x), Avg.   198 us, Total. 198.2 us (0.0%)
[Performance] Application.Shutdown.CleanupProgressBar                                                                                              :        1 samples, Peak.   300 ns (1.0x), Avg.   300 ns, Total. 300.0 ns (0.0%)
[Performance] Application.Shutdown.CleanupMono                                                                                                     :        1 samples, Peak.   274 ms (1.0x), Avg.   274 ms, Total. 274.3 ms (0.6%)
[Performance] Application.Shutdown.CleanupStdConverters                                                                                            :        1 samples, Peak.  9.10 us (1.0x), Avg.  9.10 us, Total. 9.100 us (0.0%)
[Performance] Application.Shutdown.UnloadAllPlatformSupportModuleNativeDlls                                                                        :        1 samples, Peak.   400 ns (1.0x), Avg.   400 ns, Total. 400.0 ns (0.0%)
[Performance] Application.Shutdown.UnloadAllPlatformSupportNativeLibraries                                                                         :        1 samples, Peak. 100.0 ns (1.0x), Avg. 100.0 ns, Total. 100.00 ns (0.0%)
[Performance] Application.Shutdown.CleanupAutoDocumentation                                                                                        :        1 samples, Peak.   419 us (1.0x), Avg.   419 us, Total. 419.1 us (0.0%)
[Performance] Application.Shutdown.ShaderNameManagerDestroy                                                                                        :        1 samples, Peak.  54.9 us (1.0x), Avg.  54.9 us, Total. 54.90 us (0.0%)
[Performance] Application.Shutdown.CleanupCacheServer                                                                                              :        1 samples, Peak.   100 ns (1.0x), Avg.   100 ns, Total. 100.0 ns (0.0%)
[Performance] Application.Shutdown.Virtualization_Shutdown                                                                                         :        1 samples, Peak.   200 ns (1.0x), Avg.   200 ns, Total. 200.0 ns (0.0%)
[Performance] Application.Shutdown.DevConnections                                                                                                  :        1 samples, Peak.   144 us (1.0x), Avg.   144 us, Total. 144.4 us (0.0%)
Checking for leaked weakptr:
  Found no leaked weakptrs.
[Package Manager] Server::Kill -- Server was shutdown
Memory Statistics:
[ALLOC_TEMP_TLS] TLS Allocator
  StackAllocators : 
    [ALLOC_TEMP_CurlRequest]
      Initial Block Size 64.0 KB
      Current Block Size 64.0 KB
      Peak Allocated Bytes 0 B
      Overflow Count 0
    [ALLOC_TEMP_MAIN]
      Peak usage frame count: [4.0 KB-8.0 KB]: 11870 frames, [8.0 KB-16.0 KB]: 1 frames, [16.0 KB-32.0 KB]: 3619 frames, [32.0 KB-64.0 KB]: 7 frames, [64.0 KB-128.0 KB]: 5 frames, [4.0 MB-8.0 MB]: 1 frames, [8.0 MB-16.0 MB]: 1 frames
      Initial Block Size 16.0 MB
      Current Block Size 31.3 MB
      Peak Allocated Bytes 14.6 MB
      Overflow Count 0
    [ALLOC_TEMP_Background Job.Worker 8]
      Initial Block Size 32.0 KB
      Current Block Size 32.0 KB
      Peak Allocated Bytes 54 B
      Overflow Count 0
    [ALLOC_TEMP_Job.Worker 4]
      Initial Block Size 256.0 KB
      Current Block Size 312.0 KB
      Peak Allocated Bytes 209.1 KB
      Overflow Count 1
    [ALLOC_TEMP_AUDIO_FMOD mixer thread]
      Initial Block Size 64.0 KB
      Current Block Size 64.0 KB
      Peak Allocated Bytes 54 B
      Overflow Count 0
    [ALLOC_TEMP_BakingJobs.Worker 5]
      Initial Block Size 256.0 KB
      Current Block Size 256.0 KB
      Peak Allocated Bytes 54 B
      Overflow Count 0
    [ALLOC_TEMP_Background Job.Worker 11]
      Initial Block Size 32.0 KB
      Current Block Size 32.0 KB
      Peak Allocated Bytes 54 B
      Overflow Count 0
    [ALLOC_TEMP_Background Job.Worker 3]
      Initial Block Size 32.0 KB
      Current Block Size 32.0 KB
      Peak Allocated Bytes 54 B
      Overflow Count 0
    [ALLOC_TEMP_BatchDeleteObjects]
      Initial Block Size 64.0 KB
      Current Block Size 64.0 KB
      Peak Allocated Bytes 54 B
      Overflow Count 0
    [ALLOC_TEMP_CoreBusinessMetricsCache]
      Initial Block Size 64.0 KB
      Current Block Size 64.0 KB
      Peak Allocated Bytes 8.0 KB
      Overflow Count 0
    [ALLOC_TEMP_REST Message Handler]
      Initial Block Size 64.0 KB
      Current Block Size 64.0 KB
      Peak Allocated Bytes 54 B
      Overflow Count 0
    [ALLOC_TEMP_AssetDatabase.IOService]
      Initial Block Size 64.0 KB
      Current Block Size 64.0 KB
      Peak Allocated Bytes 54 B
      Overflow Count 0
    [ALLOC_TEMP_Background Job.Worker 2]
      Initial Block Size 32.0 KB
      Current Block Size 32.0 KB
      Peak Allocated Bytes 1.4 KB
      Overflow Count 0
    [ALLOC_TEMP_Job.Worker 10]
      Initial Block Size 256.0 KB
      Current Block Size 256.0 KB
      Peak Allocated Bytes 2.0 KB
      Overflow Count 1
    [ALLOC_TEMP_Loading.PreloadManager] x 2
      Initial Block Size 32.0 MB
      Current Block Size 54.4 MB
      Peak Allocated Bytes 39.5 MB
      Overflow Count 0
    [ALLOC_TEMP_Profiler.Dispatcher]
      Initial Block Size 64.0 KB
      Current Block Size 64.0 KB
      Peak Allocated Bytes 0 B
      Overflow Count 0
    [ALLOC_TEMP_Job.Worker 3]
      Initial Block Size 256.0 KB
      Current Block Size 1.0 MB
      Peak Allocated Bytes 1.0 MB
      Overflow Count 1
    [ALLOC_TEMP_Background Job.Worker 5]
      Initial Block Size 32.0 KB
      Current Block Size 32.0 KB
      Peak Allocated Bytes 54 B
      Overflow Count 0
    [ALLOC_TEMP_CurlRequest]
      Initial Block Size 64.0 KB
      Current Block Size 64.0 KB
      Peak Allocated Bytes 0 B
      Overflow Count 0
    [ALLOC_TEMP_Background Job.Worker 13]
      Initial Block Size 32.0 KB
      Current Block Size 32.0 KB
      Peak Allocated Bytes 54 B
      Overflow Count 0
    [ALLOC_TEMP_Job.Worker 2]
      Initial Block Size 256.0 KB
      Current Block Size 1.0 MB
      Peak Allocated Bytes 1.0 MB
      Overflow Count 1
    [ALLOC_TEMP_Job.Worker 0]
      Initial Block Size 256.0 KB
      Current Block Size 256.0 KB
      Peak Allocated Bytes 148.7 KB
      Overflow Count 0
    [ALLOC_TEMP_Job.Worker 6]
      Initial Block Size 256.0 KB
      Current Block Size 256.0 KB
      Peak Allocated Bytes 159.1 KB
      Overflow Count 1
    [ALLOC_TEMP_Job.Worker 5]
      Initial Block Size 256.0 KB
      Current Block Size 256.0 KB
      Peak Allocated Bytes 152.2 KB
      Overflow Count 1
    [ALLOC_TEMP_ReadCacheIndex] x 2
      Initial Block Size 64.0 KB
      Current Block Size 64.0 KB
      Peak Allocated Bytes 0.7 KB
      Overflow Count 0
    [ALLOC_TEMP_EnlightenWorker] x 12
      Initial Block Size 64.0 KB
      Current Block Size 64.0 KB
      Peak Allocated Bytes 54 B
      Overflow Count 0
    [ALLOC_TEMP_DirMonitor]
      Initial Block Size 64.0 KB
      Current Block Size 64.0 KB
      Peak Allocated Bytes 0.9 KB
      Overflow Count 0
    [ALLOC_TEMP_Job.Worker 9]
      Initial Block Size 256.0 KB
      Current Block Size 260.0 KB
      Peak Allocated Bytes 171.4 KB
      Overflow Count 1
    [ALLOC_TEMP_Background Job.Worker 9]
      Initial Block Size 32.0 KB
      Current Block Size 32.0 KB
      Peak Allocated Bytes 54 B
      Overflow Count 0
    [ALLOC_TEMP_BakingJobs.Worker 1]
      Initial Block Size 256.0 KB
      Current Block Size 256.0 KB
      Peak Allocated Bytes 0.6 KB
      Overflow Count 0
    [ALLOC_TEMP_Loading.AsyncRead]
      Initial Block Size 64.0 KB
      Current Block Size 64.0 KB
      Peak Allocated Bytes 428 B
      Overflow Count 0
    [ALLOC_TEMP_Background Job.Worker 10]
      Initial Block Size 32.0 KB
      Current Block Size 32.0 KB
      Peak Allocated Bytes 54 B
      Overflow Count 0
    [ALLOC_TEMP_Background Job.Worker 6]
      Initial Block Size 32.0 KB
      Current Block Size 32.0 KB
      Peak Allocated Bytes 54 B
      Overflow Count 0
    [ALLOC_TEMP_AUDIO_FMOD (WASAPI) feeder thread]
      Initial Block Size 64.0 KB
      Current Block Size 64.0 KB
      Peak Allocated Bytes 168 B
      Overflow Count 0
    [ALLOC_TEMP_Background Job.Worker 1]
      Initial Block Size 32.0 KB
      Current Block Size 200.0 KB
      Peak Allocated Bytes 123.5 KB
      Overflow Count 0
    [ALLOC_TEMP_AUDIO_FMOD stream thread]
      Initial Block Size 64.0 KB
      Current Block Size 64.0 KB
      Peak Allocated Bytes 54 B
      Overflow Count 0
    [ALLOC_TEMP_BakingJobs.Worker 2]
      Initial Block Size 256.0 KB
      Current Block Size 256.0 KB
      Peak Allocated Bytes 54 B
      Overflow Count 0
    [ALLOC_TEMP_Background Job.Worker 7]
      Initial Block Size 32.0 KB
      Current Block Size 32.0 KB
      Peak Allocated Bytes 54 B
      Overflow Count 0
    [ALLOC_TEMP_Job.Worker 8]
      Initial Block Size 256.0 KB
      Current Block Size 284.0 KB
      Peak Allocated Bytes 188.5 KB
      Overflow Count 1
    [ALLOC_TEMP_Job.Worker 1]
      Initial Block Size 256.0 KB
      Current Block Size 1.0 MB
      Peak Allocated Bytes 1.0 MB
      Overflow Count 1
    [ALLOC_TEMP_BakingJobs.Worker 0]
      Initial Block Size 256.0 KB
      Current Block Size 256.0 KB
      Peak Allocated Bytes 54 B
      Overflow Count 0
    [ALLOC_TEMP_BakingJobs.Worker 3]
      Initial Block Size 256.0 KB
      Current Block Size 256.0 KB
      Peak Allocated Bytes 54 B
      Overflow Count 0
    [ALLOC_TEMP_EditorTaskManager]
      Initial Block Size 64.0 KB
      Current Block Size 68.0 KB
      Peak Allocated Bytes 64.0 KB
      Overflow Count 0
    [ALLOC_TEMP_Background Job.Worker 15]
      Initial Block Size 32.0 KB
      Current Block Size 32.0 KB
      Peak Allocated Bytes 54 B
      Overflow Count 0
    [ALLOC_TEMP_BakingJobs.Worker 4]
      Initial Block Size 256.0 KB
      Current Block Size 256.0 KB
      Peak Allocated Bytes 54 B
      Overflow Count 0
    [ALLOC_TEMP_Background Job.Worker 12]
      Initial Block Size 32.0 KB
      Current Block Size 32.0 KB
      Peak Allocated Bytes 54 B
      Overflow Count 0
    [ALLOC_TEMP_HTTP REST Server]
      Initial Block Size 64.0 KB
      Current Block Size 64.0 KB
      Peak Allocated Bytes 152 B
      Overflow Count 0
    [ALLOC_TEMP_AssetGarbageCollectorHelper] x 11
      Initial Block Size 64.0 KB
      Current Block Size 64.0 KB
      Peak Allocated Bytes 0 B
      Overflow Count 0
    [ALLOC_TEMP_Background Job.Worker 0]
      Initial Block Size 32.0 KB
      Current Block Size 32.0 KB
      Peak Allocated Bytes 54 B
      Overflow Count 0
    [ALLOC_TEMP_Background Job.Worker 4]
      Initial Block Size 32.0 KB
      Current Block Size 32.0 KB
      Peak Allocated Bytes 54 B
      Overflow Count 0
    [ALLOC_TEMP_Background Job.Worker 14]
      Initial Block Size 32.0 KB
      Current Block Size 32.0 KB
      Peak Allocated Bytes 54 B
      Overflow Count 0
    [ALLOC_TEMP_Job.Worker 7]
      Initial Block Size 256.0 KB
      Current Block Size 308.0 KB
      Peak Allocated Bytes 205.5 KB
      Overflow Count 1
    [ALLOC_TEMP_CloudJob.Worker 0]
      Initial Block Size 32.0 KB
      Current Block Size 32.0 KB
      Peak Allocated Bytes 5.0 KB
      Overflow Count 0
[ALLOC_MEMORYPROFILER]
  Peak usage frame count: [1.0 MB-2.0 MB]: 15504 frames
  Requested Block Size 1.0 MB
  Peak Block count 2
  Peak Allocated memory 1.3 MB
  Peak Large allocation bytes 0 B
[ALLOC_DEFAULT] Dual Thread Allocator
  Peak main deferred allocation count 3768
    [ALLOC_BUCKET]
      Large Block size 32.0 MB
      Used Block count 2
      Peak Allocated bytes 19.6 MB
    [ALLOC_DEFAULT_MAIN]
      Peak usage frame count: [128.0 MB-256.0 MB]: 15504 frames
      Requested Block Size 16.0 MB
      Peak Block count 18
      Peak Allocated memory 254.9 MB
      Peak Large allocation bytes 43.6 MB
    [ALLOC_DEFAULT_THREAD]
      Peak usage frame count: [4.0 MB-8.0 MB]: 15503 frames, [64.0 MB-128.0 MB]: 1 frames
      Requested Block Size 16.0 MB
      Peak Block count 1
      Peak Allocated memory 64.2 MB
      Peak Large allocation bytes 51.2 MB
[ALLOC_TEMP_JOB_1_FRAME]
  Initial Block Size 2.0 MB
  Used Block Count 0
  Overflow Count (too large) 0
  Overflow Count (full) 0
[ALLOC_TEMP_JOB_2_FRAMES]
  Initial Block Size 2.0 MB
  Used Block Count 0
  Overflow Count (too large) 0
  Overflow Count (full) 0
[ALLOC_TEMP_JOB_4_FRAMES (JobTemp)]
  Initial Block Size 2.0 MB
  Used Block Count 1
  Overflow Count (too large) 0
  Overflow Count (full) 0
[ALLOC_TEMP_JOB_ASYNC (Background)]
  Initial Block Size 1.0 MB
  Used Block Count 1
  Overflow Count (too large) 5
  Overflow Count (full) 0
[ALLOC_GFX] Dual Thread Allocator
  Peak main deferred allocation count 52
    [ALLOC_BUCKET]
      Large Block size 32.0 MB
      Used Block count 2
      Peak Allocated bytes 19.6 MB
    [ALLOC_GFX_MAIN]
      Peak usage frame count: [32.0 MB-64.0 MB]: 15504 frames
      Requested Block Size 16.0 MB
      Peak Block count 3
      Peak Allocated memory 43.8 MB
      Peak Large allocation bytes 0 B
    [ALLOC_GFX_THREAD]
      Peak usage frame count: [32.0 MB-64.0 MB]: 15504 frames
      Requested Block Size 16.0 MB
      Peak Block count 1
      Peak Allocated memory 32.1 MB
      Peak Large allocation bytes 32.0 MB
[ALLOC_CACHEOBJECTS] Dual Thread Allocator
  Peak main deferred allocation count 3651
    [ALLOC_BUCKET]
      Large Block size 32.0 MB
      Used Block count 2
      Peak Allocated bytes 19.6 MB
    [ALLOC_CACHEOBJECTS_MAIN]
      Peak usage frame count: [32.0 MB-64.0 MB]: 15503 frames, [64.0 MB-128.0 MB]: 1 frames
      Requested Block Size 4.0 MB
      Peak Block count 34
      Peak Allocated memory 92.0 MB
      Peak Large allocation bytes 27.6 MB
    [ALLOC_CACHEOBJECTS_THREAD]
      Peak usage frame count: [16.0 MB-32.0 MB]: 15503 frames, [32.0 MB-64.0 MB]: 1 frames
      Requested Block Size 4.0 MB
      Peak Block count 6
      Peak Allocated memory 36.8 MB
      Peak Large allocation bytes 15.1 MB
[ALLOC_TYPETREE] Dual Thread Allocator
  Peak main deferred allocation count 4052
    [ALLOC_BUCKET]
      Large Block size 32.0 MB
      Used Block count 2
      Peak Allocated bytes 19.6 MB
    [ALLOC_TYPETREE_MAIN]
      Peak usage frame count: [2.0 MB-4.0 MB]: 15503 frames, [32.0 MB-64.0 MB]: 1 frames
      Requested Block Size 2.0 MB
      Peak Block count 20
      Peak Allocated memory 36.0 MB
      Peak Large allocation bytes 0 B
    [ALLOC_TYPETREE_THREAD]
      Peak usage frame count: [0.5 MB-1.0 MB]: 15503 frames, [4.0 MB-8.0 MB]: 1 frames
      Requested Block Size 2.0 MB
      Peak Block count 4
      Peak Allocated memory 7.3 MB
      Peak Large allocation bytes 0 B
[ALLOC_PROFILER]
  Peak usage frame count: [256.0 KB-0.5 MB]: 1544 frames, [0.5 MB-1.0 MB]: 13960 frames
  Requested Block Size 16.0 MB
  Peak Block count 1
  Peak Allocated memory 0.7 MB
  Peak Large allocation bytes 0 B
    [ALLOC_PROFILER_BUCKET]
      Large Block size 32.0 MB
      Used Block count 1
      Peak Allocated bytes 4.2 KB
[ALLOC_PROFILER_EDITOR]
  Peak usage frame count: [0-1.0 KB]: 15504 frames
  Requested Block Size 1.0 MB
  Peak Block count 0
  Peak Allocated memory 0 B
  Peak Large allocation bytes 0 B
    [ALLOC_PROFILER_BUCKET]
      Large Block size 32.0 MB
      Used Block count 1
      Peak Allocated bytes 4.2 KB
##utp:{"type":"MemoryLeaks","version":2,"phase":"Immediate","time":1790692278931,"processId":36940,"allocatedMemory":35723536,"memoryLabels":[{"Default":20335},{"Permanent":15615},{"NewDelete":82080},{"Thread":4229188},{"Manager":31121},{"VertexData":12},{"Geometry":560},{"Texture":480},{"Shader":68850},{"Material":24},{"GfxDevice":57048},{"Animation":296},{"Audio":3928},{"FontEngine":272},{"Physics":513},{"Serialization":948},{"Input":14744},{"JobScheduler":34496},{"Mono":40},{"ScriptingNativeRuntime":191848},{"BaseObject":1627276},{"Resource":1360},{"Renderer":2304},{"Transform":16},{"File":3805},{"WebCam":96},{"Culling":40},{"Terrain":1137},{"Wind":24},{"STL":48},{"String":24931},{"DynamicArray":105605},{"HashMap":4674852},{"Utility":2662722},{"Curl":1424},{"PoolAlloc":1728},{"AI":104},{"TypeTree":77489},{"ScriptManager":640},{"RuntimeInitializeOnLoadManager":80},{"SpriteAtlas":128},{"GI":4072},{"Director":7960},{"CloudService":4048},{"WebRequest":688},{"VR":46081},{"SceneManager":568},{"Video":72},{"LazyScriptCache":40},{"NativeArray":12},{"Camera":25},{"Secure":1},{"SerializationCache":1584},{"APIUpdating":11872},{"Subsystems":392},{"VirtualTexturing":57896},{"StaticSafetyDebugInfo":327680},{"EditorGui":56},{"EditorUtility":141258},{"VersionControl":4},{"Undo":704},{"AssetDatabase":21131728},{"RestService":1414},{"EditorGi":376},{"License":3584},{"UnityConnect":25344},{"Collab":593},{"Upm":2032},{"DrivenProperties":96},{"LocalIPC":276},{"ProfilerEditor":10943},{"CoreBusinessMetrics":3850},{"AssetReference":40},{"IPCStream":40}]}
