[Licensing::Module] Trying to connect to existing licensing client channel...
[Licensing::IpcConnector] Successfully connected to: "LicenseClient-kyung" at "2026-10-05T06:07:27.1814576Z"
[Licensing::Client] Code 10 while verifying Licensing Client signature (process Id: 57992, path: "C:/Program Files/Unity Hub/UnityLicensingClient_V1/Unity.Licensing.Client.exe")
[Licensing::Module] LicensingClient has failed validation; ignoring
[Licensing::Client] Handshaking with LicensingClient:
  Version:                 1.17.4+4293ba1
  Session Id:              ae856eae71be44148bd924dc4a123ec4
  Correlation Id:          3d91975baac454f5671ab4926121f70f
  External correlation Id: 7802760771111502222
  Machine Id:              sgq3U92oUHjAYY2K+5R//JWuJmw=
[Licensing::Module] Successfully connected to LicensingClient on channel: "LicenseClient-kyung" (connect: 0.00s, validation: 0.01s, handshake: 0.06s)
[Licensing::IpcConnector] Successfully connected to: "LicenseClient-kyung-notifications" at "2026-10-05T06:07:27.2508405Z"
[Licensing::Module] Error: Access token is unavailable; failed to update
[Licensing::Client] Successfully updated license
Built from '2022.3/respin/2022.3.62f2-4af31df585-v2' branch; Version is '2022.3.62f2 (7670c08855a9) revision 7762112'; Using compiler version '192829333'; Build Type 'Release'
OS: 'Windows 10  (10.0.19045) 64bit Core' Language: 'ko' Physical Memory: 24514 MB
[Licensing::Client] Successfully resolved entitlement details
[Licensing::Module] Serial number assigned to: "F4-6RG9-4KD6-T4HW-2SXE-XXXX"
[Licensing::Module] Serial number assigned to: "14568601583659-UnityPersXXXX"
BatchMode: 1, IsHumanControllingUs: 0, StartBugReporterOnCrash: 0, Is64bit: 1, IsPro: 0
[Licensing::Client] Successfully resolved entitlement details
[Licensing::Module] Serial number assigned to: "F4-6RG9-4KD6-T4HW-2SXE-XXXX"
[Licensing::Module] Serial number assigned to: "14568601583659-UnityPersXXXX"

COMMAND LINE ARGUMENTS:
C:\Program Files\Unity\Hub\Editor\2022.3.62f2\Editor\Unity.exe
-batchmode
-nographics
-projectPath
C:\RoguelikePrototype\tmp\save-recovery-regression
-executeMethod
SaveRecoveryRegression.RunBatch
-logFile
C:\RoguelikePrototype\output\save-recovery\unity-regression.log
Successfully changed project path to: C:\RoguelikePrototype\tmp\save-recovery-regression
C:/RoguelikePrototype/tmp/save-recovery-regression
[UnityMemory] Configuration Parameters - Can be set up in boot.config
    "memorysetup-bucket-allocator-granularity=16"
    "memorysetup-bucket-allocator-bucket-count=8"
    "memorysetup-bucket-allocator-block-size=33554432"
    "memorysetup-bucket-allocator-block-count=8"
    "memorysetup-main-allocator-block-size=16777216"
    "memorysetup-thread-allocator-block-size=16777216"
    "memorysetup-gfx-main-allocator-block-size=16777216"
    "memorysetup-gfx-thread-allocator-block-size=16777216"
    "memorysetup-cache-allocator-block-size=4194304"
    "memorysetup-typetree-allocator-block-size=2097152"
    "memorysetup-profiler-bucket-allocator-granularity=16"
    "memorysetup-profiler-bucket-allocator-bucket-count=8"
    "memorysetup-profiler-bucket-allocator-block-size=33554432"
    "memorysetup-profiler-bucket-allocator-block-count=8"
    "memorysetup-profiler-allocator-block-size=16777216"
    "memorysetup-profiler-editor-allocator-block-size=1048576"
    "memorysetup-temp-allocator-size-main=16777216"
    "memorysetup-job-temp-allocator-block-size=2097152"
    "memorysetup-job-temp-allocator-block-size-background=1048576"
    "memorysetup-job-temp-allocator-reduction-small-platforms=262144"
    "memorysetup-allocator-temp-initial-block-size-main=262144"
    "memorysetup-allocator-temp-initial-block-size-worker=262144"
    "memorysetup-temp-allocator-size-background-worker=32768"
    "memorysetup-temp-allocator-size-job-worker=262144"
    "memorysetup-temp-allocator-size-preload-manager=33554432"
    "memorysetup-temp-allocator-size-nav-mesh-worker=65536"
    "memorysetup-temp-allocator-size-audio-worker=65536"
    "memorysetup-temp-allocator-size-cloud-worker=32768"
    "memorysetup-temp-allocator-size-gi-baking-worker=262144"
    "memorysetup-temp-allocator-size-gfx=262144"
Player connection [44204]  Target information:

Player connection [44204]  * "[IP] 192.168.0.14 [Port] 55505 [Flags] 2 [Guid] 1444203331 [EditorId] 1444203331 [Version] 1048832 [Id] WindowsEditor(7,DESKTOP-HR3SF2C) [Debug] 1 [PackageName] WindowsEditor [ProjectName] Editor" 

Player connection [44204] Host joined multi-casting on [225.0.0.222:54997]...
Player connection [44204] Host joined alternative multi-casting on [225.0.0.222:34997]...
Input System module state changed to: Initialized.
[PhysX] Initialized MultithreadedTaskDispatcher with 12 workers.
[Package Manager] UpmClient::Connect -- Connected to IPC stream "Upm-8912" after 0.6 seconds.
Rebuilding Library because the asset database could not be found!
[Package Manager] Done resolving packages in 0.49 seconds
[Licensing::Client] Successfully resolved entitlement details
[Package Manager] Lock file was created
[Package Manager] Registered 2 packages:
  Built-in packages:
    com.unity.modules.jsonserialize@1.0.0 (location: C:\RoguelikePrototype\tmp\save-recovery-regression\Library\PackageCache\com.unity.modules.jsonserialize@1.0.0)
    com.unity.modules.imgui@1.0.0 (location: C:\RoguelikePrototype\tmp\save-recovery-regression\Library\PackageCache\com.unity.modules.imgui@1.0.0)
[Subsystems] No new subsystems found in resolved package list.
Package Manager log level set to [2]
[Package Manager] Done registering packages in 0.14 seconds
Refreshing native plugins compatible for Editor in 0.00 ms, found 0 plugins.
Preloading 0 native plugins for Editor in 0.00 ms.
Initialize engine version: 2022.3.62f2 (7670c08855a9)
[Subsystems] Discovering subsystems at path C:/Program Files/Unity/Hub/Editor/2022.3.62f2/Editor/Data/Resources/UnitySubsystems
[Subsystems] Discovering subsystems at path C:/RoguelikePrototype/tmp/save-recovery-regression/Assets
Forcing GfxDevice: Null
GfxDevice: creating device client; threaded=0; jobified=0
NullGfxDevice:
    Version:  NULL 1.0 [1.0]
    Renderer: Null Device
    Vendor:   Unity Technologies
[Licensing::Client] Successfully resolved entitlement details
[Licensing::Module] Serial number assigned to: "F4-6RG9-4KD6-T4HW-2SXE-XXXX"
[Licensing::Module] Serial number assigned to: "14568601583659-UnityPersXXXX"
Initialize mono
Mono path[0] = 'C:/Program Files/Unity/Hub/Editor/2022.3.62f2/Editor/Data/Managed'
Mono path[1] = 'C:/Program Files/Unity/Hub/Editor/2022.3.62f2/Editor/Data/MonoBleedingEdge/lib/mono/unityjit-win32'
Mono config path = 'C:/Program Files/Unity/Hub/Editor/2022.3.62f2/Editor/Data/MonoBleedingEdge/etc'
Using monoOptions --debugger-agent=transport=dt_socket,embedding=1,server=y,suspend=n,address=127.0.0.1:56912
Using cacheserver namespaces - metadata:defaultmetadata, artifacts:defaultartifacts
Using cacheserver namespaces - metadata:defaultmetadata, artifacts:defaultartifacts
ImportWorker Server TCP listen port: 0
Begin MonoManager ReloadAssembly
Registering precompiled unity dll's ...
Register platform support module: C:/Program Files/Unity/Hub/Editor/2022.3.62f2/Editor/Data/PlaybackEngines/WindowsStandaloneSupport/UnityEditor.WindowsStandalone.Extensions.dll
Registered in 0.011875 seconds.
- Loaded All Assemblies, in  0.433 seconds
Native extension for WindowsStandalone target not found
Mono: successfully reloaded assembly
- Finished resetting the current domain, in  0.343 seconds
Domain Reload Profiling: 774ms
	BeginReloadAssembly (131ms)
		ExecutionOrderSort (0ms)
		DisableScriptedObjects (0ms)
		BackupInstance (0ms)
		ReleaseScriptingObjects (0ms)
		CreateAndSetChildDomain (1ms)
	RebuildCommonClasses (39ms)
	RebuildNativeTypeToScriptingClass (18ms)
	initialDomainReloadingComplete (78ms)
	LoadAllAssembliesAndSetupDomain (164ms)
		LoadAssemblies (128ms)
		RebuildTransferFunctionScriptingTraits (0ms)
		AnalyzeDomain (162ms)
			TypeCache.Refresh (161ms)
				TypeCache.ScanAssembly (144ms)
			ScanForSourceGeneratedMonoScriptInfo (0ms)
			ResolveRequiredComponents (1ms)
	FinalizeReload (344ms)
		ReleaseScriptCaches (0ms)
		RebuildScriptCaches (0ms)
		SetupLoadedEditorAssemblies (282ms)
			LogAssemblyErrors (0ms)
			InitializePlatformSupportModulesInManaged (14ms)
			SetLoadedEditorAssemblies (9ms)
			RefreshPlugins (0ms)
			BeforeProcessingInitializeOnLoad (4ms)
			ProcessInitializeOnLoadAttributes (196ms)
			ProcessInitializeOnLoadMethodAttributes (59ms)
			AfterProcessingInitializeOnLoad (0ms)
			EditorAssembliesLoaded (0ms)
		ExecutionOrderSort2 (0ms)
		AwakeInstancesAfterBackupRestoration (0ms)
[Licensing::Client] Successfully resolved entitlement details
[Licensing::Module] Serial number assigned to: "F4-6RG9-4KD6-T4HW-2SXE-XXXX"
[Licensing::Module] Serial number assigned to: "14568601583659-UnityPersXXXX"
Application.AssetDatabase Initial Refresh Start
[API Updater] Processing imported assemblies took 68 ms (1/1 assembly(ies)).
Filename: C:\Program Files\Unity\Hub\Editor\2022.3.62f2\Editor\Data\NetCoreRuntime\dotnet.exe
Arguments: "C:/Program Files/Unity/Hub/Editor/2022.3.62f2/Editor/Data/Tools/ScriptUpdater/AssemblyUpdater.exe" update -a "Assets/Plugins/VContainer.dll" --output "C:/Users/kyung/AppData/Local/Temp/tmp5fb898ce.tmp" --api-version 2022.3.62f2  -s "C:\Program Files\Unity\Hub\Editor\2022.3.62f2\Editor\Data\NetStandard\ref\2.1.0;C:\Program Files\Unity\Hub\Editor\2022.3.62f2\Editor\Data\NetStandard\compat\2.1.0\shims\netstandard;C:\Program Files\Unity\Hub\Editor\2022.3.62f2\Editor\Data\NetStandard\compat\2.1.0\shims\netfx;+C:/RoguelikePrototype/tmp/save-recovery-regression/Assets;+C:\RoguelikePrototype\tmp\save-recovery-regression\Library\PackageCache\com.unity.modules.jsonserialize@1.0.0;+C:\RoguelikePrototype\tmp\save-recovery-regression\Library\PackageCache\com.unity.modules.imgui@1.0.0;+C:\Program Files\Unity\Hub\Editor\2022.3.62f2\Editor\Data\Managed\UnityEngine" "C:/Program Files/Unity/Hub/Editor/2022.3.62f2/Editor/Data/Managed/UnityEngine/UnityEngine.CoreModule.dll" "C:/Program Files/Unity/Hub/Editor/2022.3.62f2/Editor/Data/Managed/UnityEngine/UnityEditor.CoreModule.dll"
[API Updater] Assemblies not requiring updates:
[API Updater] Assets/Plugins/VContainer.dll
[API Updater] Update finished with success in 2154 ms (0/1 assembly(ies) updated).
Assembly Updater Post Process Assets time: 2.227405s
[ScriptCompilation] Requested script compilation because: Assetdatabase observed changes in script compilation related files
Starting: C:\Program Files\Unity\Hub\Editor\2022.3.62f2\Editor\Data\bee_backend.exe --ipc --defer-dag-verification --dagfile="Library/Bee/1900b0aE.dag" --continue-on-failure --profile="Library/Bee/backend1.traceevents" ScriptAssemblies
WorkingDir: C:/RoguelikePrototype/tmp/save-recovery-regression
ExitCode: 4 Duration: 0s45ms
[             ] Require frontend run.  Library/Bee/1900b0aE.dag couldn't be loaded
DisplayProgressbar: Compiling Scripts
Starting: C:\Program Files\Unity\Hub\Editor\2022.3.62f2\Editor\Data\Tools\netcorerun\netcorerun.exe "C:\Program Files\Unity\Hub\Editor\2022.3.62f2\Editor\Data\Tools\BuildPipeline\ScriptCompilationBuildProgram.exe" "Library/Bee/1900b0aE.dag.json" "Library/Bee/1900b0aE-inputdata.json" "Library\Bee\buildprogram0.traceevents"
WorkingDir: C:/RoguelikePrototype/tmp/save-recovery-regression
ExitCode: 0 Duration: 1s552ms
Starting: C:\Program Files\Unity\Hub\Editor\2022.3.62f2\Editor\Data\bee_backend.exe --ipc --defer-dag-verification --dagfile="Library/Bee/1900b0aE.dag" --continue-on-failure --dagfilejson="Library\Bee\1900b0aE.dag.json" --profile="Library/Bee/backend2.traceevents" ScriptAssemblies
WorkingDir: C:/RoguelikePrototype/tmp/save-recovery-regression
ExitCode: 0 Duration: 5s112ms
Finished compiling graph: 106 nodes, 362 flattened edges (352 ToBuild, 4 ToUse), maximum node priority 18
[  1/103    0s] MovedFromExtractor Library/Bee/artifacts/mvdfrm/UnityEngine.SpriteShapeModule.dll_BB6F611D2B06878E.mvfrm
[  2/103    0s] MovedFromExtractor Library/Bee/artifacts/mvdfrm/UnityEngine.PropertiesModule.dll_B041A4B9B9F69675.mvfrm
[  3/103    0s] MovedFromExtractor Library/Bee/artifacts/mvdfrm/UnityEngine.ProfilerModule.dll_A668EA1261A06B8B.mvfrm
[  4/103    0s] MovedFromExtractor Library/Bee/artifacts/mvdfrm/UnityEngine.IMGUIModule.dll_248742EEBED328E9.mvfrm
[  5/103    0s] MovedFromExtractor Library/Bee/artifacts/mvdfrm/UnityEngine.SharedInternalsModule.dll_3FB435AD4ADC4F73.mvfrm
[  6/103    0s] MovedFromExtractor Library/Bee/artifacts/mvdfrm/UnityEngine.InputLegacyModule.dll_33534EE10D560575.mvfrm
[  7/103    0s] MovedFromExtractor Library/Bee/artifacts/mvdfrm/UnityEngine.PerformanceReportingModule.dll_68F09A95F4BE8BE0.mvfrm
[  8/103    0s] MovedFromExtractor Library/Bee/artifacts/mvdfrm/UnityEngine.RuntimeInitializeOnLoadManagerInitializerModule.dll_5DB7B113E976C7F4.mvfrm
[  9/103    0s] MovedFromExtractor Library/Bee/artifacts/mvdfrm/UnityEngine.SpriteMaskModule.dll_6C32D80B687AC7B3.mvfrm
[ 10/103    0s] MovedFromExtractor Library/Bee/artifacts/mvdfrm/UnityEngine.JSONSerializeModule.dll_67B8D63B71FF477A.mvfrm
[ 11/103    0s] MovedFromExtractor Library/Bee/artifacts/mvdfrm/UnityEngine.LocalizationModule.dll_B392F5B40D0D1A6B.mvfrm
[ 12/103    0s] MovedFromExtractor Library/Bee/artifacts/mvdfrm/UnityEngine.InputModule.dll_529D6B386ED9B9AC.mvfrm
[ 13/103    0s] MovedFromExtractor Library/Bee/artifacts/mvdfrm/UnityEngine.HotReloadModule.dll_19AB0ABEFAE0A518.mvfrm
[ 14/103    0s] MovedFromExtractor Library/Bee/artifacts/mvdfrm/UnityEngine.GridModule.dll_01AF9CD2448F2C18.mvfrm
[ 15/103    0s] MovedFromExtractor Library/Bee/artifacts/mvdfrm/UnityEngine.dll_E1F877A34278D9A4.mvfrm
[ 16/103    0s] MovedFromExtractor Library/Bee/artifacts/mvdfrm/UnityEngine.DSPGraphModule.dll_797412453AA7B59F.mvfrm
[ 17/103    0s] MovedFromExtractor Library/Bee/artifacts/mvdfrm/UnityEngine.GIModule.dll_944EB1DA13F91EA4.mvfrm
[ 18/103    0s] MovedFromExtractor Library/Bee/artifacts/mvdfrm/UnityEngine.GameCenterModule.dll_8306657B470B3239.mvfrm
[ 19/103    0s] MovedFromExtractor Library/Bee/artifacts/mvdfrm/UnityEngine.CrashReportingModule.dll_0DD56CB30C1DC859.mvfrm
[ 20/103    0s] MovedFromExtractor Library/Bee/artifacts/mvdfrm/UnityEngine.CoreModule.dll_243E80E42C3A9621.mvfrm
[ 21/103    0s] MovedFromExtractor Library/Bee/artifacts/mvdfrm/UnityEngine.ContentLoadModule.dll_3B248D0343E6F771.mvfrm
[ 22/103    0s] MovedFromExtractor Library/Bee/artifacts/mvdfrm/UnityEngine.ClusterRendererModule.dll_4FB0F92751899C2F.mvfrm
[ 23/103    0s] MovedFromExtractor Library/Bee/artifacts/mvdfrm/UnityEngine.ClusterInputModule.dll_75462B6175912772.mvfrm
[ 24/103    0s] MovedFromExtractor Library/Bee/artifacts/mvdfrm/UnityEngine.ARModule.dll_B5852DCFD5679553.mvfrm
[ 25/103    0s] MovedFromExtractor Library/Bee/artifacts/mvdfrm/UnityEngine.AccessibilityModule.dll_07A14CFF72C3E6F0.mvfrm
[ 26/103    0s] MovedFromExtractor Library/Bee/artifacts/mvdfrm/UnityEditor.UnityConnectModule.dll_F5A9B64BC40954AC.mvfrm
[ 27/103    0s] MovedFromExtractor Library/Bee/artifacts/mvdfrm/UnityEditor.UIElementsSamplesModule.dll_24156F8719DCFC1B.mvfrm
[ 28/103    0s] MovedFromExtractor Library/Bee/artifacts/mvdfrm/UnityEditor.UIElementsModule.dll_DA70328D37AAD272.mvfrm
[ 29/103    0s] MovedFromExtractor Library/Bee/artifacts/mvdfrm/UnityEditor.TextCoreFontEngineModule.dll_27BDEC1F43346FB4.mvfrm
[ 30/103    0s] MovedFromExtractor Library/Bee/artifacts/mvdfrm/UnityEditor.UIBuilderModule.dll_1E657DACB8092E24.mvfrm
[ 31/103    0s] MovedFromExtractor Library/Bee/artifacts/mvdfrm/UnityEditor.SceneTemplateModule.dll_D4FBE168724DBF53.mvfrm
[ 32/103    0s] MovedFromExtractor Library/Bee/artifacts/mvdfrm/UnityEditor.SceneViewModule.dll_088CB3983A7381FE.mvfrm
[ 33/103    0s] MovedFromExtractor Library/Bee/artifacts/mvdfrm/UnityEditor.PresetsUIModule.dll_8543097247A90CF5.mvfrm
[ 34/103    0s] MovedFromExtractor Library/Bee/artifacts/mvdfrm/UnityEditor.QuickSearchModule.dll_5E2500D112FD9A92.mvfrm
[ 35/103    0s] MovedFromExtractor Library/Bee/artifacts/mvdfrm/UnityEditor.GraphViewModule.dll_C9DCD0904550B4F0.mvfrm
[ 36/103    0s] MovedFromExtractor Library/Bee/artifacts/mvdfrm/UnityEngine.UnityAnalyticsCommonModule.dll_042F57DA0EA72A3E.mvfrm
[ 37/103    0s] MovedFromExtractor Library/Bee/artifacts/mvdfrm/UnityEditor.dll_AF5430CAE4054CBF.mvfrm
[ 38/103    0s] MovedFromExtractor Library/Bee/artifacts/mvdfrm/UnityEditor.EditorToolbarModule.dll_B15C70AA7361151B.mvfrm
[ 39/103    0s] MovedFromExtractor Library/Bee/artifacts/mvdfrm/UnityEditor.DiagnosticsModule.dll_D3157FC3BA269E39.mvfrm
[ 40/103    0s] MovedFromExtractor Library/Bee/artifacts/mvdfrm/UnityEditor.DeviceSimulatorModule.dll_4A0436B5E1CE8EAB.mvfrm
[ 41/103    0s] MovedFromExtractor Library/Bee/artifacts/mvdfrm/UnityEngine.UnityTestProtocolModule.dll_DFD8257973D85171.mvfrm
[ 42/103    0s] MovedFromExtractor Library/Bee/artifacts/mvdfrm/UnityEngine.VirtualTexturingModule.dll_0D696CA1E6B3917F.mvfrm
[ 43/103    0s] WriteText Library/Bee/artifacts/1900b0aE.dag/Assembly-CSharp.rsp2
[ 44/103    0s] WriteText Library/Bee/artifacts/1900b0aE.dag/Assembly-CSharp.UnityAdditionalFile.txt
[ 45/103    0s] WriteText Library/Bee/artifacts/1900b0aE.dag/Assembly-CSharp.dll.mvfrm.rsp
[ 46/103    0s] WriteText Library/Bee/artifacts/1900b0aE.dag/Assembly-CSharp.rsp
[ 47/103    0s] MovedFromExtractor Library/Bee/artifacts/mvdfrm/UnityEngine.VFXModule.dll_DF5D55E834580CDA.mvfrm
[ 48/103    0s] MovedFromExtractor Library/Bee/artifacts/mvdfrm/UnityEngine.UnityCurlModule.dll_CB7EEDEA8FC17B83.mvfrm
[ 49/103    0s] MovedFromExtractor Library/Bee/artifacts/mvdfrm/UnityEditor.CoreModule.dll_011DAD9184352AF6.mvfrm
[ 50/103    0s] MovedFromExtractor Library/Bee/artifacts/mvdfrm/UnityEditor.TextCoreTextEngineModule.dll_6FA62290D2B828D2.mvfrm
[ 51/103    0s] MovedFromExtractor Library/Bee/artifacts/mvdfrm/UnityEngine.UnityConnectModule.dll_E3093A5ABE915557.mvfrm
[ 52/103    0s] MovedFromExtractor Library/Bee/artifacts/mvdfrm/UnityEngine.TextRenderingModule.dll_AADFF5CB3DA2F3D1.mvfrm
[ 53/103    0s] MovedFromExtractor Library/Bee/artifacts/mvdfrm/UnityEngine.TLSModule.dll_5E7EBD795DEAA36D.mvfrm
[ 54/103    0s] MovedFromExtractor Library/Bee/artifacts/mvdfrm/UnityEngine.TextCoreTextEngineModule.dll_EE059DE3E5B5E79D.mvfrm
[ 55/103    0s] MovedFromExtractor Library/Bee/artifacts/mvdfrm/UnityEngine.TextCoreFontEngineModule.dll_A61D677256322E7F.mvfrm
[ 56/103    0s] MovedFromExtractor Library/Bee/artifacts/mvdfrm/UnityEngine.SubstanceModule.dll_29A24E52BA883EE2.mvfrm
[ 57/103    0s] MovedFromExtractor Library/Bee/artifacts/mvdfrm/UnityEngine.StreamingModule.dll_4CF73A096F3540D4.mvfrm
[ 58/103    0s] MovedFromExtractor Library/Bee/artifacts/mvdfrm/UnityEditor.Graphs.dll_315E33F71D893F28.mvfrm
[ 59/103    0s] MovedFromExtractor Library/Bee/artifacts/mvdfrm/UnityEngine.AudioModule.dll_EC27A387F8A19508.mvfrm
[ 60/103    0s] MovedFromExtractor Library/Bee/artifacts/mvdfrm/UnityEditor.WindowsStandalone.Extensions.dll_6A03437AC4F33C0A.mvfrm
[ 61/103    0s] MovedFromExtractor Library/Bee/artifacts/mvdfrm/UnityEngine.VRModule.dll_4A582D7F764BC1AE.mvfrm
[ 62/103    0s] MovedFromExtractor Library/Bee/artifacts/mvdfrm/UnityEngine.UIElementsModule.dll_DB1E9FD539EEEBBD.mvfrm
[ 63/103    0s] MovedFromExtractor Library/Bee/artifacts/mvdfrm/UnityEngine.XRModule.dll_7D16F083FF860F0C.mvfrm
[ 64/103    0s] MovedFromExtractor Library/Bee/artifacts/mvdfrm/UnityEngine.UnityWebRequestWWWModule.dll_B8C7E33FD575A409.mvfrm
[ 65/103    0s] MovedFromExtractor Library/Bee/artifacts/mvdfrm/UnityEngine.VideoModule.dll_113127F2BB33B0AD.mvfrm
[ 66/103    0s] MovedFromExtractor Library/Bee/artifacts/mvdfrm/UnityEngine.WindModule.dll_9A8D5C0CBD71148A.mvfrm
[ 67/103    0s] MovedFromExtractor Library/Bee/artifacts/mvdfrm/UnityEngine.VehiclesModule.dll_EBE5AA5B4270B419.mvfrm
[ 68/103    0s] MovedFromExtractorCombine Library/Bee/artifacts/1900b0aE.dag/Assembly-CSharp.dll.mvfrm
[ 69/103    0s] MovedFromExtractor Library/Bee/artifacts/mvdfrm/UnityEngine.UnityWebRequestTextureModule.dll_C1A9E7EEBDE3EB4D.mvfrm
[ 70/103    0s] MovedFromExtractor Library/Bee/artifacts/mvdfrm/UnityEngine.UnityWebRequestAudioModule.dll_E0ECEE747B295678.mvfrm
[ 71/103    0s] MovedFromExtractor Library/Bee/artifacts/mvdfrm/UnityEngine.UmbraModule.dll_66FC4FA085C8407B.mvfrm
[ 72/103    0s] MovedFromExtractor Library/Bee/artifacts/mvdfrm/UnityEngine.UnityWebRequestModule.dll_CD41FE81DEA2EEA2.mvfrm
[ 73/103    0s] MovedFromExtractor Library/Bee/artifacts/mvdfrm/UnityEngine.UnityAnalyticsModule.dll_808726C92656A5E3.mvfrm
[ 74/103    0s] MovedFromExtractor Library/Bee/artifacts/mvdfrm/UnityEngine.UnityWebRequestAssetBundleModule.dll_2FC707824843FAF4.mvfrm
[ 75/103    0s] MovedFromExtractor Library/Bee/artifacts/mvdfrm/UnityEngine.UIModule.dll_F78606F9D4913C36.mvfrm
[ 76/103    0s] MovedFromExtractor Library/Bee/artifacts/mvdfrm/UnityEngine.TilemapModule.dll_64F5054665A4DAD0.mvfrm
[ 77/103    0s] MovedFromExtractor Library/Bee/artifacts/mvdfrm/UnityEngine.TerrainPhysicsModule.dll_61625ED293724E74.mvfrm
[ 78/103    0s] MovedFromExtractor Library/Bee/artifacts/mvdfrm/UnityEngine.SubsystemsModule.dll_D6E03E6D36C2AFC6.mvfrm
[ 79/103    0s] MovedFromExtractor Library/Bee/artifacts/mvdfrm/UnityEngine.ScreenCaptureModule.dll_81A083C0866B73DC.mvfrm
[ 80/103    0s] MovedFromExtractor Library/Bee/artifacts/mvdfrm/UnityEngine.TerrainModule.dll_C5F89DC54DE7F9C7.mvfrm
[ 81/103    0s] MovedFromExtractor Library/Bee/artifacts/mvdfrm/UnityEngine.ParticleSystemModule.dll_60E7B5FF7A2F53E7.mvfrm
[ 82/103    0s] WriteText Library/Bee/artifacts/1900b0aE.dag/Assembly-CSharp-Editor.rsp2
[ 83/103    0s] WriteText Library/Bee/artifacts/1900b0aE.dag/Assembly-CSharp-Editor.UnityAdditionalFile.txt
[ 84/103    0s] WriteText Library/Bee/artifacts/1900b0aE.dag/Assembly-CSharp-Editor.dll.mvfrm.rsp
[ 85/103    0s] WriteText Library/Bee/artifacts/1900b0aE.dag/Assembly-CSharp-Editor.rsp
[ 86/103    0s] MovedFromExtractor Library/Bee/artifacts/mvdfrm/UnityEngine.PhysicsModule.dll_ABB222567829B0D9.mvfrm
[ 87/103    0s] MovedFromExtractor Library/Bee/artifacts/mvdfrm/UnityEngine.Physics2DModule.dll_E5083CA9C0AA812B.mvfrm
[ 88/103    0s] MovedFromExtractor Library/Bee/artifacts/mvdfrm/UnityEngine.NVIDIAModule.dll_44BAE9DB6B8148AD.mvfrm
[ 89/103    0s] MovedFromExtractor Library/Bee/artifacts/mvdfrm/UnityEngine.ImageConversionModule.dll_BBA2F6D7D3AE5423.mvfrm
[ 90/103    0s] MovedFromExtractor Library/Bee/artifacts/mvdfrm/UnityEngine.DirectorModule.dll_7422B0DBC846E47E.mvfrm
[ 91/103    0s] MovedFromExtractor Library/Bee/artifacts/mvdfrm/UnityEngine.ClothModule.dll_53100082D2BE73EC.mvfrm
[ 92/103    0s] MovedFromExtractor Library/Bee/artifacts/mvdfrm/UnityEngine.AssetBundleModule.dll_A20E33C275644F84.mvfrm
[ 93/103    0s] MovedFromExtractor Library/Bee/artifacts/mvdfrm/UnityEngine.AnimationModule.dll_98624CB91FAD8996.mvfrm
[ 94/103    0s] MovedFromExtractor Library/Bee/artifacts/mvdfrm/UnityEngine.AndroidJNIModule.dll_58B91B6080CA4148.mvfrm
[ 95/103    0s] MovedFromExtractor Library/Bee/artifacts/mvdfrm/UnityEngine.AIModule.dll_FC1268CC784A368A.mvfrm
[ 96/103    0s] MovedFromExtractorCombine Library/Bee/artifacts/1900b0aE.dag/Assembly-CSharp-Editor.dll.mvfrm
[ 97/103    1s] Csc Library/Bee/artifacts/1900b0aE.dag/Assembly-CSharp.dll (+2 others)
[ 98/103    0s] CopyFiles Library/ScriptAssemblies/Assembly-CSharp.pdb
[ 99/103    0s] CopyFiles Library/ScriptAssemblies/Assembly-CSharp.dll
[100/103    0s] Csc Library/Bee/artifacts/1900b0aE.dag/Assembly-CSharp-Editor.dll (+2 others)
[101/103    0s] CopyFiles Library/ScriptAssemblies/Assembly-CSharp-Editor.pdb
[102/103    0s] CopyFiles Library/ScriptAssemblies/Assembly-CSharp-Editor.dll
*** Tundra build success (5.08 seconds), 102 items updated, 103 evaluated
AssetDatabase: script compilation time: 7.205674s
Begin MonoManager ReloadAssembly
- Loaded All Assemblies, in  0.612 seconds
Refreshing native plugins compatible for Editor in 0.00 ms, found 0 plugins.
Preloading 0 native plugins for Editor in 0.00 ms.
Start importing Assets using Guid(00000000000000001000000000000000) Importer(-1,00000000000000000000000000000000) [PhysX] Initialized MultithreadedTaskDispatcher with 12 workers.
 -> (artifact id: '93ad63751633d8931d579dd8b88b788a') in 0.015076 seconds
Start importing ProjectSettings/InputManager.asset using Guid(00000000000000002000000000000000) Importer(-1,00000000000000000000000000000000) [PhysX] Initialized MultithreadedTaskDispatcher with 12 workers.
 -> (artifact id: 'a3cfdfd5bc6102f343b4829a8ce79dc0') in 0.002375 seconds
Start importing ProjectSettings/TagManager.asset using Guid(00000000000000003000000000000000) Importer(-1,00000000000000000000000000000000) [PhysX] Initialized MultithreadedTaskDispatcher with 12 workers.
 -> (artifact id: '27bc3806c41bdb543a74bc55adc72a8f') in 0.002944 seconds
Start importing ProjectSettings/ProjectSettings.asset using Guid(00000000000000004000000000000000) Importer(-1,00000000000000000000000000000000) [PhysX] Initialized MultithreadedTaskDispatcher with 12 workers.
 -> (artifact id: '1499c33c0dd1bbf15dc6ec54a8f9fd83') in 0.004051 seconds
Start importing ProjectSettings/AudioManager.asset using Guid(00000000000000006000000000000000) Importer(-1,00000000000000000000000000000000) [PhysX] Initialized MultithreadedTaskDispatcher with 12 workers.
 -> (artifact id: '292f6cd681078f98ae77be02f37bb3f0') in 0.003124 seconds
Start importing ProjectSettings/TimeManager.asset using Guid(00000000000000007000000000000000) Importer(-1,00000000000000000000000000000000) [PhysX] Initialized MultithreadedTaskDispatcher with 12 workers.
 -> (artifact id: 'c15cae83774660c90452602a6b058633') in 0.002216 seconds
Start importing ProjectSettings/DynamicsManager.asset using Guid(00000000000000008000000000000000) Importer(-1,00000000000000000000000000000000) [PhysX] Initialized MultithreadedTaskDispatcher with 12 workers.
 -> (artifact id: '629e0c014710a9954fe94cf2b97a0f0d') in 0.002348 seconds
Start importing ProjectSettings/QualitySettings.asset using Guid(00000000000000009000000000000000) Importer(-1,00000000000000000000000000000000) [PhysX] Initialized MultithreadedTaskDispatcher with 12 workers.
 -> (artifact id: '501a5b1271de8da946e0d9f62dd70a3d') in 0.003128 seconds
Start importing ProjectSettings/EditorBuildSettings.asset using Guid(0000000000000000b000000000000000) Importer(-1,00000000000000000000000000000000) [PhysX] Initialized MultithreadedTaskDispatcher with 12 workers.
 -> (artifact id: '42a7dea221178c8ff8a7f6c54a05ebc0') in 0.003251 seconds
Start importing ProjectSettings/EditorSettings.asset using Guid(0000000000000000c000000000000000) Importer(-1,00000000000000000000000000000000) [PhysX] Initialized MultithreadedTaskDispatcher with 12 workers.
 -> (artifact id: '833fd8b95bc379c0fa32edbb3836570f') in 0.002558 seconds
Start importing ProjectSettings/NavMeshAreas.asset using Guid(00000000000000004100000000000000) Importer(-1,00000000000000000000000000000000) [PhysX] Initialized MultithreadedTaskDispatcher with 12 workers.
 -> (artifact id: '5fe2fb6b529ee761bb20746a7ab1b241') in 0.002256 seconds
Start importing ProjectSettings/Physics2DSettings.asset using Guid(00000000000000005100000000000000) Importer(-1,00000000000000000000000000000000) [PhysX] Initialized MultithreadedTaskDispatcher with 12 workers.
 -> (artifact id: '38971527cf446bd70982f05c976f6c26') in 0.002480 seconds
Start importing ProjectSettings/GraphicsSettings.asset using Guid(00000000000000006100000000000000) Importer(-1,00000000000000000000000000000000) [PhysX] Initialized MultithreadedTaskDispatcher with 12 workers.
 -> (artifact id: '1a6efcc7357d78aec34b1ea3df512eae') in 0.002890 seconds
Start importing ProjectSettings/ClusterInputManager.asset using Guid(00000000000000007100000000000000) Importer(-1,00000000000000000000000000000000) [PhysX] Initialized MultithreadedTaskDispatcher with 12 workers.
 -> (artifact id: 'eaff7db4dd05d8ff0818f60bff250dfd') in 0.002824 seconds
Start importing ProjectSettings/UnityConnectSettings.asset using Guid(0000000000000000a100000000000000) Importer(-1,00000000000000000000000000000000) [PhysX] Initialized MultithreadedTaskDispatcher with 12 workers.
 -> (artifact id: '7fa144b1a243911758944baf90717efe') in 0.002831 seconds
Start importing ProjectSettings/PresetManager.asset using Guid(0000000000000000b100000000000000) Importer(-1,00000000000000000000000000000000) [PhysX] Initialized MultithreadedTaskDispatcher with 12 workers.
 -> (artifact id: 'f8e82747b2c0e3f6eee0b9346750641f') in 0.005912 seconds
Start importing ProjectSettings/VFXManager.asset using Guid(0000000000000000c100000000000000) Importer(-1,00000000000000000000000000000000) [PhysX] Initialized MultithreadedTaskDispatcher with 12 workers.
 -> (artifact id: '396c4265c10af43b1b16dd72ffe4ebef') in 0.002116 seconds
Start importing ProjectSettings/VersionControlSettings.asset using Guid(0000000000000000d100000000000000) Importer(-1,00000000000000000000000000000000) [PhysX] Initialized MultithreadedTaskDispatcher with 12 workers.
 -> (artifact id: 'f699c8df73f04ae7374a667632b35689') in 0.002658 seconds
Start importing ProjectSettings/MemorySettings.asset using Guid(0000000000000000f100000000000000) Importer(-1,00000000000000000000000000000000) [PhysX] Initialized MultithreadedTaskDispatcher with 12 workers.
 -> (artifact id: '1a756112cecf39e490a601a9eff03275') in 0.002432 seconds
Start importing Packages/com.unity.modules.imgui using Guid(c060426bfd6e82575228df6656368eaa) Importer(-1,00000000000000000000000000000000) [PhysX] Initialized MultithreadedTaskDispatcher with 12 workers.
 -> (artifact id: '8902333b06588af5029cfee34ad74076') in 0.000799 seconds
Start importing Assets/Editor using Guid(825ee2e1aecffa74fbcc2514db3acd20) Importer(-1,00000000000000000000000000000000) [PhysX] Initialized MultithreadedTaskDispatcher with 12 workers.
 -> (artifact id: 'fc49a2fa673ac926ba71151c6112db3f') in 0.008979 seconds
Start importing Packages/com.unity.modules.jsonserialize using Guid(fc3a810351931f5e6183e16b9beb5563) Importer(-1,00000000000000000000000000000000) [PhysX] Initialized MultithreadedTaskDispatcher with 12 workers.
 -> (artifact id: 'd91970cd8c07bdafe4a386e4a343caec') in 0.000713 seconds
Start importing Assets/Plugins using Guid(ce87f1232aac696409e9547d47774de7) Importer(-1,00000000000000000000000000000000) [PhysX] Initialized MultithreadedTaskDispatcher with 12 workers.
 -> (artifact id: '89f50d30e828bf7e227c28913d71d5c5') in 0.008804 seconds
Start importing Assets/Production using Guid(efd7066ad345301439eebeeaf8a3bd98) Importer(-1,00000000000000000000000000000000) [PhysX] Initialized MultithreadedTaskDispatcher with 12 workers.
 -> (artifact id: '19f958c8165c25aaecc8fd126dc8e424') in 0.007832 seconds
Start importing Assets/Plugins/Newtonsoft.Json.dll using Guid(44ad57b4fa40b394b83d757ff5aca14e) Importer(-1,00000000000000000000000000000000) [PhysX] Initialized MultithreadedTaskDispatcher with 12 workers.
 -> (artifact id: 'd26076bd50595e367dbd0553ffa7fbc0') in 0.018379 seconds
Start importing Assets/Plugins/VContainer.dll using Guid(6e0d3df4bdd088a4f938d0dea834ecfa) Importer(-1,00000000000000000000000000000000) [PhysX] Initialized MultithreadedTaskDispatcher with 12 workers.
 -> (artifact id: '2a1f16e33ab380b8f5aafcac4248f979') in 0.045111 seconds
Start importing Assets/Production/CurrencyType.cs using Guid(1014cdd1edd6b3649992c5d897085e45) Importer(-1,00000000000000000000000000000000) [PhysX] Initialized MultithreadedTaskDispatcher with 12 workers.
 -> (artifact id: '358445847e29c856beeb6063e221d082') in 0.010759 seconds
Start importing Assets/Production/LegacySaveLoadManager.cs using Guid(e09ccae114c0dca4abaf1971e7ac26bc) Importer(-1,00000000000000000000000000000000) [PhysX] Initialized MultithreadedTaskDispatcher with 12 workers.
 -> (artifact id: 'cd5af92de710755c7107a2e8a0c04f9f') in 0.010655 seconds
Start importing Assets/Production/SaveData.cs using Guid(111f9d4696d21514a9e294d1a1a81895) Importer(-1,00000000000000000000000000000000) [PhysX] Initialized MultithreadedTaskDispatcher with 12 workers.
 -> (artifact id: 'e6839148a25506e316db7b4d07b44463') in 0.011971 seconds
Start importing Assets/Production/Rarity.cs using Guid(16781304f4115ab4c90c91576b233209) Importer(-1,00000000000000000000000000000000) [PhysX] Initialized MultithreadedTaskDispatcher with 12 workers.
 -> (artifact id: '0e345ed50e501f4378f988f9cbdf41af') in 0.010201 seconds
Start importing Assets/Production/JsonSaveService.cs using Guid(b6d9bc358453d29449bb6816a000e761) Importer(-1,00000000000000000000000000000000) [PhysX] Initialized MultithreadedTaskDispatcher with 12 workers.
 -> (artifact id: 'cb95aac336beeef90c454424c90bcbf7') in 0.009932 seconds
Start importing Assets/Production/BaseManager.cs using Guid(c840161be80106c439c2a29935b6b0ac) Importer(-1,00000000000000000000000000000000) [PhysX] Initialized MultithreadedTaskDispatcher with 12 workers.
 -> (artifact id: '791e9225c64cb582c0d074456d8137e9') in 0.013374 seconds
Start importing Assets/Editor/SaveRecoveryRegression.cs using Guid(1ac7aa347f027c34e995ce82d1194df2) Importer(-1,00000000000000000000000000000000) [PhysX] Initialized MultithreadedTaskDispatcher with 12 workers.
 -> (artifact id: 'd3f2b5d9a371ec2c7fa81cde89300a11') in 0.011810 seconds
Start importing Assets/Production/SaveTestDependencies.cs using Guid(4a6c08fc561810d4bb4dd417370ee2b3) Importer(-1,00000000000000000000000000000000) [PhysX] Initialized MultithreadedTaskDispatcher with 12 workers.
 -> (artifact id: 'afa25a445175679c5219921b66bd7212') in 0.010747 seconds
Start importing Assets/Production/ProgressionState.cs using Guid(fb2a0a2ee78227d438281c9d33e9ecad) Importer(-1,00000000000000000000000000000000) [PhysX] Initialized MultithreadedTaskDispatcher with 12 workers.
 -> (artifact id: '73d68fe70db94d104027b921937b2cf1') in 0.009865 seconds
Start importing Assets/Production/RelicGridState.cs using Guid(4cf3aa91f4709074db51f7341ef3d0ca) Importer(-1,00000000000000000000000000000000) [PhysX] Initialized MultithreadedTaskDispatcher with 12 workers.
 -> (artifact id: '0a9ad89e31cacb498ec1f9eebfce08f4') in 0.011228 seconds
Start importing Assets/Production/EquipmentSlotType.cs using Guid(0d2a4645fbcea484f960fa549eb314c5) Importer(-1,00000000000000000000000000000000) [PhysX] Initialized MultithreadedTaskDispatcher with 12 workers.
 -> (artifact id: '6a370bda5c76ae526b0f5074d3663c52') in 0.010889 seconds
Start importing Assets/Production/SaveLoadManager.cs using Guid(eefb58dddcc75f948863092499dcea8b) Importer(-1,00000000000000000000000000000000) [PhysX] Initialized MultithreadedTaskDispatcher with 12 workers.
 -> (artifact id: '9bc4ae3c576813bf3ca74185c03937cd') in 0.016805 seconds
Start importing Assets/Production/ISaveable.cs using Guid(8ff1600801d61eb4baf2f354dc4a5636) Importer(-1,00000000000000000000000000000000) [PhysX] Initialized MultithreadedTaskDispatcher with 12 workers.
 -> (artifact id: '01cfb77c3bb70cfdf42ddac6fd04ab2d') in 0.019541 seconds
Start importing Packages/com.unity.modules.jsonserialize/package.ModuleCompilationTrigger using Guid(e6a135e3ea9cb46795d1b0e05ac3e1e5) Importer(-1,00000000000000000000000000000000) [PhysX] Initialized MultithreadedTaskDispatcher with 12 workers.
 -> (artifact id: '9ea15046aca71692d8a4dc5833bcdd5f') in 0.031370 seconds
Start importing Packages/com.unity.modules.imgui/package.ModuleCompilationTrigger using Guid(be13c398521e3c1ad21fb9da30ab2ab6) Importer(-1,00000000000000000000000000000000) [PhysX] Initialized MultithreadedTaskDispatcher with 12 workers.
 -> (artifact id: 'fb0254cf6fb92f161fb370419b870ba2') in 0.000670 seconds
Refreshing native plugins compatible for Editor in 0.00 ms, found 0 plugins.
Native extension for WindowsStandalone target not found
Mono: successfully reloaded assembly
- Finished resetting the current domain, in  0.346 seconds
Domain Reload Profiling: 955ms
	BeginReloadAssembly (204ms)
		ExecutionOrderSort (0ms)
		DisableScriptedObjects (7ms)
		BackupInstance (0ms)
		ReleaseScriptingObjects (0ms)
		CreateAndSetChildDomain (33ms)
	RebuildCommonClasses (42ms)
	RebuildNativeTypeToScriptingClass (15ms)
	initialDomainReloadingComplete (38ms)
	LoadAllAssembliesAndSetupDomain (309ms)
		LoadAssemblies (398ms)
		RebuildTransferFunctionScriptingTraits (0ms)
		AnalyzeDomain (25ms)
			TypeCache.Refresh (23ms)
				TypeCache.ScanAssembly (11ms)
			ScanForSourceGeneratedMonoScriptInfo (1ms)
			ResolveRequiredComponents (1ms)
	FinalizeReload (347ms)
		ReleaseScriptCaches (0ms)
		RebuildScriptCaches (0ms)
		SetupLoadedEditorAssemblies (236ms)
			LogAssemblyErrors (0ms)
			InitializePlatformSupportModulesInManaged (7ms)
			SetLoadedEditorAssemblies (9ms)
			RefreshPlugins (0ms)
			BeforeProcessingInitializeOnLoad (17ms)
			ProcessInitializeOnLoadAttributes (169ms)
			ProcessInitializeOnLoadMethodAttributes (22ms)
			AfterProcessingInitializeOnLoad (11ms)
			EditorAssembliesLoaded (0ms)
		ExecutionOrderSort2 (0ms)
		AwakeInstancesAfterBackupRestoration (8ms)
Start importing Library/BuildPlayer.prefs using Guid(00000000000000005000000000000000) Importer(-1,00000000000000000000000000000000) [PhysX] Initialized MultithreadedTaskDispatcher with 12 workers.
 -> (artifact id: '1d2399cfa7f39703e94ecc115c6bf35d') in 0.003762 seconds
Start importing Packages/com.unity.modules.jsonserialize/package.json using Guid(40bf3cec17fa0b49fe04443c8332d638) Importer(-1,00000000000000000000000000000000) [PhysX] Initialized MultithreadedTaskDispatcher with 12 workers.
 -> (artifact id: 'ab333ab49385357bea0efe2c83a7975b') in 0.002185 seconds
Start importing Packages/com.unity.modules.imgui/package.json using Guid(42fe78c8fe682715a2cb531422e6ccb3) Importer(-1,00000000000000000000000000000000) [PhysX] Initialized MultithreadedTaskDispatcher with 12 workers.
 -> (artifact id: '6d4b5e896ad7a16fed1f9946f068a7e4') in 0.002211 seconds
Loading style catalogs (6)
	StyleSheets/Extensions/base/common.uss
	UIPackageResources/StyleSheets/Default/Variables/Public/common.uss
	StyleSheets/Northstar/common.uss
	StyleSheets/Extensions/fonts/inter.uss
	StyleSheets/Extensions/base/dark.uss
	UIPackageResources/StyleSheets/Default/Northstar/Palette/dark.uss
Refreshing native plugins compatible for Editor in 0.00 ms, found 0 plugins.
Preloading 0 native plugins for Editor in 0.00 ms.
Asset Pipeline Refresh (id=2456aa185c1db274480a1a0fe98432c8): Total: 11.344 seconds - Initiated by InitialRefreshV2(ForceSynchronousImport)
	Summary:
		Imports: total=44 (actual=44, local cache=0, cache server=0)
		Asset DB Process Time: managed=6 ms, native=728 ms
		Asset DB Callback time: managed=157 ms, native=22 ms
		Scripting: domain reloads=1, domain reload time=983 ms, compile time=9435 ms, other=11 ms
		Project Asset Count: scripts=41, non-scripts=3
		Asset File Changes: new=44, changed=44, moved=0, deleted=0
		Scan Filter Count: 0
	InvokeBeforeRefreshCallbacks: 1.308ms
	ApplyChangesToAssetFolders: 0.022ms
	Scan: 138.349ms
	OnSourceAssetsModified: 2.951ms
	GetAllGuidsForCategorization: 0.018ms
	CategorizeAssets: 0.457ms
	ImportOutOfDateAssets: 815.338ms (-9085.809ms without children)
		ImportManagerImport: 465.618ms (102.318ms without children)
			ImportInProcess: 363.165ms
			UpdateCategorizedAssets: 0.134ms
		CompileScripts: 9435.158ms
		ReloadNativeAssets: 0.001ms
		UnloadImportedAssets: 0.078ms
		ReloadImportedAssets: 0.007ms
		EnsureUptoDateAssetsAreRegisteredWithGuidPM: 0.016ms
		InitializingProgressBar: 0.006ms
		PostProcessAllAssetNotificationsAddChangedAssets: 0.002ms
		OnDemandSchedulerStart: 0.261ms
	PostProcessAllAssets: 177.101ms
	Hotreload: 1.140ms
	GatherAllCurrentPrimaryArtifactRevisions: 0.006ms
	UnloadStreamsBegin: 0.117ms
	PersistCurrentRevisions: 0.077ms
	UnloadStreamsEnd: 0.008ms
	GenerateScriptTypeHashes: 0.001ms
	Untracked: 10207.442ms
Application.AssetDatabase Initial Refresh End
Scanning for USB devices : 1.974ms
Initializing Unity extensions:
[Licensing::Client] Successfully resolved entitlement details
[Licensing::Module] Serial number assigned to: "F4-6RG9-4KD6-T4HW-2SXE-XXXX"
[Licensing::Module] Serial number assigned to: "14568601583659-UnityPersXXXX"
[MODES] ModeService[none].Initialize
[MODES] ModeService[none].LoadModes
[MODES] Loading mode Default (0) for mode-current-id-save-recovery-regression
[PhysX] Initialized MultithreadedTaskDispatcher with 12 workers.
ProgressiveSceneManager::Cancel()
Unloading 3 Unused Serialized files (Serialized files now loaded: 0)
Unloading 14 unused Assets / (469.5 KB). Loaded Objects now: 542.
Memory consumption went from 82.7 MB to 82.2 MB.
Total: 2.577000 ms (FindLiveObjects: 0.038800 ms CreateObjectMapping: 0.003500 ms MarkObjects: 2.310000 ms  DeleteObjects: 0.223600 ms)

[PhysX] Initialized MultithreadedTaskDispatcher with 12 workers.
Unloading 0 Unused Serialized files (Serialized files now loaded: 0)
Unloading 0 unused Assets / (0 B). Loaded Objects now: 542.
Memory consumption went from 82.2 MB to 82.2 MB.
Total: 2.609800 ms (FindLiveObjects: 0.046200 ms CreateObjectMapping: 0.004100 ms MarkObjects: 2.554500 ms  DeleteObjects: 0.003900 ms)

Microsoft Media Foundation video decoding to texture disabled: graphics device is Null, only Direct3D 11 and Direct3D 12 (only on desktop) are supported for hardware-accelerated video decoding.
[Project] Loading completed in 15.793 seconds
	Project init time: 				14.118 seconds
		Template init time: 		0.000 seconds
		Package Manager init time: 		0.595 seconds
		Asset Database init time: 		0.970 seconds
		Global illumination init time: 	0.003 seconds
		Assemblies load time: 			0.800 seconds
		Unity extensions init time: 	0.000 seconds
		Asset Database refresh time: 	0.000 seconds
	Scene opening time: 			0.130 seconds
##utp:{"type":"ProjectInfo","version":2,"phase":"Immediate","time":1791180462862,"processId":8912,"projectLoad":15.793313,"projectInit":14.1181589,"templateInit":0.0,"packageManagerInit":0.5946861,"assetDatabaseInit":0.969915,"globalIlluminationInit":0.0033818,"assembliesLoad":0.8004256,"unityExtensionsInit":0.0003847,"assetDatabaseRefresh":0.0,"sceneOpening":0.1298898}
##utp:{"type":"EditorInfo","version":2,"phase":"Immediate","time":1791180462862,"processId":8912,"editorVersion":"2022.3.62f2 (7670c08855a9)","branch":"2022.3/respin/2022.3.62f2-4af31df585-v2","buildType":"Release","platform":"Windows"}
Reloading assemblies for play mode.
Reloading assemblies after forced synchronous recompile.
Begin MonoManager ReloadAssembly
- Loaded All Assemblies, in  0.353 seconds
Refreshing native plugins compatible for Editor in 0.00 ms, found 0 plugins.
Native extension for WindowsStandalone target not found
Mono: successfully reloaded assembly
- Finished resetting the current domain, in  0.499 seconds
Domain Reload Profiling: 849ms
	BeginReloadAssembly (175ms)
		ExecutionOrderSort (0ms)
		DisableScriptedObjects (6ms)
		BackupInstance (0ms)
		ReleaseScriptingObjects (0ms)
		CreateAndSetChildDomain (29ms)
	RebuildCommonClasses (38ms)
	RebuildNativeTypeToScriptingClass (13ms)
	initialDomainReloadingComplete (35ms)
	LoadAllAssembliesAndSetupDomain (89ms)
		LoadAssemblies (188ms)
		RebuildTransferFunctionScriptingTraits (0ms)
		AnalyzeDomain (5ms)
			TypeCache.Refresh (3ms)
				TypeCache.ScanAssembly (0ms)
			ScanForSourceGeneratedMonoScriptInfo (0ms)
			ResolveRequiredComponents (1ms)
	FinalizeReload (500ms)
		ReleaseScriptCaches (0ms)
		RebuildScriptCaches (0ms)
		SetupLoadedEditorAssemblies (247ms)
			LogAssemblyErrors (0ms)
			InitializePlatformSupportModulesInManaged (8ms)
			SetLoadedEditorAssemblies (3ms)
			RefreshPlugins (0ms)
			BeforeProcessingInitializeOnLoad (33ms)
			ProcessInitializeOnLoadAttributes (161ms)
			ProcessInitializeOnLoadMethodAttributes (30ms)
			AfterProcessingInitializeOnLoad (12ms)
			EditorAssembliesLoaded (0ms)
		ExecutionOrderSort2 (0ms)
		AwakeInstancesAfterBackupRestoration (15ms)
Asset Pipeline Refresh (id=aa1921c05a9270144ae96e0b3353bf65): Total: 0.918 seconds - Initiated by StopAssetImportingV2(ForceSynchronousImport | ForceDomainReload)
	Summary:
		Imports: total=0 (actual=0, local cache=0, cache server=0)
		Asset DB Process Time: managed=0 ms, native=35 ms
		Asset DB Callback time: managed=13 ms, native=0 ms
		Scripting: domain reloads=1, domain reload time=865 ms, compile time=3 ms, other=0 ms
		Project Asset Count: scripts=41, non-scripts=3
		Asset File Changes: new=0, changed=0, moved=0, deleted=0
		Scan Filter Count: 0
	InvokeBeforeRefreshCallbacks: 0.857ms
	ApplyChangesToAssetFolders: 0.007ms
	Scan: 0.001ms
	OnSourceAssetsModified: 0.001ms
	GetAllGuidsForCategorization: 0.015ms
	CategorizeAssets: 0.430ms
	ImportOutOfDateAssets: 500.440ms (497.650ms without children)
		CompileScripts: 2.646ms
		CollectScriptTypesHashes: 0.000ms
		ReloadNativeAssets: 0.000ms
		UnloadImportedAssets: 0.071ms
		EnsureUptoDateAssetsAreRegisteredWithGuidPM: 0.010ms
		InitializingProgressBar: 0.000ms
		PostProcessAllAssetNotificationsAddChangedAssets: 0.000ms
		OnDemandSchedulerStart: 0.062ms
	PostProcessAllAssets: 13.828ms
	GatherAllCurrentPrimaryArtifactRevisions: 0.005ms
	UnloadStreamsBegin: 0.048ms
	PersistCurrentRevisions: 0.002ms
	UnloadStreamsEnd: 0.001ms
	GenerateScriptTypeHashes: 0.000ms
	Untracked: 402.482ms
[PhysX] Initialized MultithreadedTaskDispatcher with 12 workers.
Loaded scene 'Temp/__Backupscenes/0.backup'
	Deserialize:            0.331 ms
	Integration:            23.504 ms
	Integration of assets:  0.001 ms
	Thread Wait Time:       20.590 ms
	Total Operation Time:   44.426 ms
[MODES] ModeService[none].Initialize
[MODES] ModeService[none].LoadModes
[MODES] Loading mode Default (0) for mode-current-id-Nytherion_SaveRecoveryRegression
[JsonSaveService] 데이터 저장 실패: 복구되지 않은 저장 파일을 덮어쓸 수 없습니다. Unexpected character encountered while parsing value: b. Path '', line 0, position 0.
UnityEngine.StackTraceUtility:ExtractStackTrace ()
UnityEngine.DebugLogHandler:LogFormat (UnityEngine.LogType,UnityEngine.Object,string,object[])
UnityEngine.Logger:Log (UnityEngine.LogType,object)
UnityEngine.Debug:LogError (object)
Nytherion.Services.JsonSaveService:Save (Nytherion.Core.Data.SaveData) (at Assets/Production/JsonSaveService.cs:98)
SaveRecoveryRegression/<>c:<Run>b__19_5 () (at Assets/Editor/SaveRecoveryRegression.cs:135)
SaveRecoveryRegression:Check (string,System.Action) (at Assets/Editor/SaveRecoveryRegression.cs:81)
SaveRecoveryRegression/<Run>d__19:MoveNext () (at Assets/Editor/SaveRecoveryRegression.cs:132)
SaveRecoveryRegression:Update () (at Assets/Editor/SaveRecoveryRegression.cs:58)
UnityEditor.EditorApplication:Internal_CallUpdateFunctions ()

(Filename: Assets/Production/JsonSaveService.cs Line: 98)

[JsonSaveService] 세이브 데이터와 백업을 삭제했습니다.
UnityEngine.StackTraceUtility:ExtractStackTrace ()
UnityEngine.DebugLogHandler:LogFormat (UnityEngine.LogType,UnityEngine.Object,string,object[])
UnityEngine.Logger:Log (UnityEngine.LogType,object)
UnityEngine.Debug:Log (object)
Nytherion.Services.JsonSaveService:DeleteSaveData () (at Assets/Production/JsonSaveService.cs:252)
SaveRecoveryRegression/<>c:<Run>b__19_6 () (at Assets/Editor/SaveRecoveryRegression.cs:140)
SaveRecoveryRegression:Check (string,System.Action) (at Assets/Editor/SaveRecoveryRegression.cs:81)
SaveRecoveryRegression/<Run>d__19:MoveNext () (at Assets/Editor/SaveRecoveryRegression.cs:138)
SaveRecoveryRegression:Update () (at Assets/Editor/SaveRecoveryRegression.cs:58)
UnityEditor.EditorApplication:Internal_CallUpdateFunctions ()

(Filename: Assets/Production/JsonSaveService.cs Line: 252)

[JsonSaveService] 데이터 저장 실패: 인벤토리 저장 항목이 올바르지 않습니다.
UnityEngine.StackTraceUtility:ExtractStackTrace ()
UnityEngine.DebugLogHandler:LogFormat (UnityEngine.LogType,UnityEngine.Object,string,object[])
UnityEngine.Logger:Log (UnityEngine.LogType,object)
UnityEngine.Debug:LogError (object)
Nytherion.Services.JsonSaveService:Save (Nytherion.Core.Data.SaveData) (at Assets/Production/JsonSaveService.cs:98)
SaveRecoveryRegression/<>c:<Run>b__19_8 () (at Assets/Editor/SaveRecoveryRegression.cs:163)
SaveRecoveryRegression:Check (string,System.Action) (at Assets/Editor/SaveRecoveryRegression.cs:81)
SaveRecoveryRegression/<Run>d__19:MoveNext () (at Assets/Editor/SaveRecoveryRegression.cs:157)
SaveRecoveryRegression:Update () (at Assets/Editor/SaveRecoveryRegression.cs:58)
UnityEditor.EditorApplication:Internal_CallUpdateFunctions ()

(Filename: Assets/Production/JsonSaveService.cs Line: 98)

[JsonSaveService] 데이터 저장 실패: 인벤토리 저장 항목이 올바르지 않습니다.
UnityEngine.StackTraceUtility:ExtractStackTrace ()
UnityEngine.DebugLogHandler:LogFormat (UnityEngine.LogType,UnityEngine.Object,string,object[])
UnityEngine.Logger:Log (UnityEngine.LogType,object)
UnityEngine.Debug:LogError (object)
Nytherion.Services.JsonSaveService:Save (Nytherion.Core.Data.SaveData) (at Assets/Production/JsonSaveService.cs:98)
SaveRecoveryRegression/<>c:<Run>b__19_8 () (at Assets/Editor/SaveRecoveryRegression.cs:163)
SaveRecoveryRegression:Check (string,System.Action) (at Assets/Editor/SaveRecoveryRegression.cs:81)
SaveRecoveryRegression/<Run>d__19:MoveNext () (at Assets/Editor/SaveRecoveryRegression.cs:157)
SaveRecoveryRegression:Update () (at Assets/Editor/SaveRecoveryRegression.cs:58)
UnityEditor.EditorApplication:Internal_CallUpdateFunctions ()

(Filename: Assets/Production/JsonSaveService.cs Line: 98)

[JsonSaveService] 데이터 저장 실패: 인벤토리 저장 항목이 올바르지 않습니다.
UnityEngine.StackTraceUtility:ExtractStackTrace ()
UnityEngine.DebugLogHandler:LogFormat (UnityEngine.LogType,UnityEngine.Object,string,object[])
UnityEngine.Logger:Log (UnityEngine.LogType,object)
UnityEngine.Debug:LogError (object)
Nytherion.Services.JsonSaveService:Save (Nytherion.Core.Data.SaveData) (at Assets/Production/JsonSaveService.cs:98)
SaveRecoveryRegression/<>c:<Run>b__19_8 () (at Assets/Editor/SaveRecoveryRegression.cs:163)
SaveRecoveryRegression:Check (string,System.Action) (at Assets/Editor/SaveRecoveryRegression.cs:81)
SaveRecoveryRegression/<Run>d__19:MoveNext () (at Assets/Editor/SaveRecoveryRegression.cs:157)
SaveRecoveryRegression:Update () (at Assets/Editor/SaveRecoveryRegression.cs:58)
UnityEditor.EditorApplication:Internal_CallUpdateFunctions ()

(Filename: Assets/Production/JsonSaveService.cs Line: 98)

[JsonSaveService] 데이터 저장 실패: Sharing violation on path C:\RoguelikePrototype\output\save-recovery\fixtures-ea12a8b095b248fba740f067f65a50cf\35ef8070ba444c7aa9c23d7bac7edf5e.json
UnityEngine.StackTraceUtility:ExtractStackTrace ()
UnityEngine.DebugLogHandler:LogFormat (UnityEngine.LogType,UnityEngine.Object,string,object[])
UnityEngine.Logger:Log (UnityEngine.LogType,object)
UnityEngine.Debug:LogError (object)
Nytherion.Services.JsonSaveService:Save (Nytherion.Core.Data.SaveData) (at Assets/Production/JsonSaveService.cs:98)
SaveRecoveryRegression/<>c:<Run>b__19_9 () (at Assets/Editor/SaveRecoveryRegression.cs:169)
SaveRecoveryRegression:Check (string,System.Action) (at Assets/Editor/SaveRecoveryRegression.cs:81)
SaveRecoveryRegression/<Run>d__19:MoveNext () (at Assets/Editor/SaveRecoveryRegression.cs:166)
SaveRecoveryRegression:Update () (at Assets/Editor/SaveRecoveryRegression.cs:58)
UnityEditor.EditorApplication:Internal_CallUpdateFunctions ()

(Filename: Assets/Production/JsonSaveService.cs Line: 98)

[JsonSaveService] 데이터 저장 실패: Access to the path 'C:\RoguelikePrototype\output\save-recovery\fixtures-ea12a8b095b248fba740f067f65a50cf\a271165d26894951a7ba4cdc1dc3123c.json.tmp' is denied.
UnityEngine.StackTraceUtility:ExtractStackTrace ()
UnityEngine.DebugLogHandler:LogFormat (UnityEngine.LogType,UnityEngine.Object,string,object[])
UnityEngine.Logger:Log (UnityEngine.LogType,object)
UnityEngine.Debug:LogError (object)
Nytherion.Services.JsonSaveService:Save (Nytherion.Core.Data.SaveData) (at Assets/Production/JsonSaveService.cs:98)
SaveRecoveryRegression/<>c:<Run>b__19_10 () (at Assets/Editor/SaveRecoveryRegression.cs:175)
SaveRecoveryRegression:Check (string,System.Action) (at Assets/Editor/SaveRecoveryRegression.cs:81)
SaveRecoveryRegression/<Run>d__19:MoveNext () (at Assets/Editor/SaveRecoveryRegression.cs:172)
SaveRecoveryRegression:Update () (at Assets/Editor/SaveRecoveryRegression.cs:58)
UnityEditor.EditorApplication:Internal_CallUpdateFunctions ()

(Filename: Assets/Production/JsonSaveService.cs Line: 98)

[JsonSaveService] 데이터 저장 실패: Access to the path is denied.
UnityEngine.StackTraceUtility:ExtractStackTrace ()
UnityEngine.DebugLogHandler:LogFormat (UnityEngine.LogType,UnityEngine.Object,string,object[])
UnityEngine.Logger:Log (UnityEngine.LogType,object)
UnityEngine.Debug:LogError (object)
Nytherion.Services.JsonSaveService:Save (Nytherion.Core.Data.SaveData) (at Assets/Production/JsonSaveService.cs:98)
SaveRecoveryRegression/<>c:<Run>b__19_11 () (at Assets/Editor/SaveRecoveryRegression.cs:182)
SaveRecoveryRegression:Check (string,System.Action) (at Assets/Editor/SaveRecoveryRegression.cs:81)
SaveRecoveryRegression/<Run>d__19:MoveNext () (at Assets/Editor/SaveRecoveryRegression.cs:178)
SaveRecoveryRegression:Update () (at Assets/Editor/SaveRecoveryRegression.cs:58)
UnityEditor.EditorApplication:Internal_CallUpdateFunctions ()

(Filename: Assets/Production/JsonSaveService.cs Line: 98)

Created GICache directory at C:/Users/kyung/AppData/LocalLow/Unity/Caches/GiCache. Took: 0.037s, timestamps: [16.824 - 16.861]
[JsonSaveService] 데이터 저장 실패: Access to the path 'C:\RoguelikePrototype\output\save-recovery\fixtures-ea12a8b095b248fba740f067f65a50cf\536b8c08a3a04eafb68cc70c0009b8a9.json.tmp' is denied.
UnityEngine.StackTraceUtility:ExtractStackTrace ()
UnityEngine.DebugLogHandler:LogFormat (UnityEngine.LogType,UnityEngine.Object,string,object[])
UnityEngine.Logger:Log (UnityEngine.LogType,object)
UnityEngine.Debug:LogError (object)
Nytherion.Services.JsonSaveService:Save (Nytherion.Core.Data.SaveData) (at Assets/Production/JsonSaveService.cs:98)
Nytherion.Core.Managers.SaveLoadManager:SaveGameInternal (bool) (at Assets/Production/SaveLoadManager.cs:228)
Nytherion.Core.Managers.SaveLoadManager:ForceSaveGame () (at Assets/Production/SaveLoadManager.cs:207)
SaveRecoveryRegression/<>c__DisplayClass19_0:<Run>b__18 () (at Assets/Editor/SaveRecoveryRegression.cs:232)
SaveRecoveryRegression:Check (string,System.Action) (at Assets/Editor/SaveRecoveryRegression.cs:81)
SaveRecoveryRegression/<Run>d__19:MoveNext () (at Assets/Editor/SaveRecoveryRegression.cs:230)
SaveRecoveryRegression:Update () (at Assets/Editor/SaveRecoveryRegression.cs:58)
UnityEditor.EditorApplication:Internal_CallUpdateFunctions ()

(Filename: Assets/Production/JsonSaveService.cs Line: 98)

[SaveLoadManager] 저장 데이터 수집 실패. 기존 파일을 보존합니다: 의도한 저장 수집 실패
UnityEngine.StackTraceUtility:ExtractStackTrace ()
UnityEngine.DebugLogHandler:LogFormat (UnityEngine.LogType,UnityEngine.Object,string,object[])
UnityEngine.Logger:Log (UnityEngine.LogType,object)
UnityEngine.Debug:LogError (object)
Nytherion.Core.Managers.SaveLoadManager:SaveGameInternal (bool) (at Assets/Production/SaveLoadManager.cs:242)
Nytherion.Core.Managers.SaveLoadManager:ForceSaveGame () (at Assets/Production/SaveLoadManager.cs:207)
SaveRecoveryRegression/<>c__DisplayClass19_0:<Run>b__19 () (at Assets/Editor/SaveRecoveryRegression.cs:238)
SaveRecoveryRegression:Check (string,System.Action) (at Assets/Editor/SaveRecoveryRegression.cs:81)
SaveRecoveryRegression/<Run>d__19:MoveNext () (at Assets/Editor/SaveRecoveryRegression.cs:236)
SaveRecoveryRegression:Update () (at Assets/Editor/SaveRecoveryRegression.cs:58)
UnityEditor.EditorApplication:Internal_CallUpdateFunctions ()

(Filename: Assets/Production/SaveLoadManager.cs Line: 242)

[SaveLoadManager] CurrencyDataManager 로드 중 오류. 저장을 차단합니다: 의도한 로드 적용 실패
UnityEngine.StackTraceUtility:ExtractStackTrace ()
UnityEngine.DebugLogHandler:LogFormat (UnityEngine.LogType,UnityEngine.Object,string,object[])
UnityEngine.Logger:Log (UnityEngine.LogType,object)
UnityEngine.Debug:LogError (object)
Nytherion.Core.Managers.SaveLoadManager:ApplyLoadedData (Nytherion.Core.Data.SaveData) (at Assets/Production/SaveLoadManager.cs:351)
Nytherion.Core.Managers.SaveLoadManager:LoadGameInternal () (at Assets/Production/SaveLoadManager.cs:290)
Nytherion.Core.Managers.SaveLoadManager:ForceLoadGame () (at Assets/Production/SaveLoadManager.cs:258)
SaveRecoveryRegression/<>c__DisplayClass19_0:<Run>b__20 () (at Assets/Editor/SaveRecoveryRegression.cs:243)
SaveRecoveryRegression:Check (string,System.Action) (at Assets/Editor/SaveRecoveryRegression.cs:81)
SaveRecoveryRegression/<Run>d__19:MoveNext () (at Assets/Editor/SaveRecoveryRegression.cs:242)
SaveRecoveryRegression:Update () (at Assets/Editor/SaveRecoveryRegression.cs:58)
UnityEditor.EditorApplication:Internal_CallUpdateFunctions ()

(Filename: Assets/Production/SaveLoadManager.cs Line: 351)

[SaveLoadManager] 세이브 복구 실패. 기존 파일을 보호하기 위해 저장을 차단합니다: 정상 세이브와 백업을 찾지 못했습니다. Unexpected character encountered while parsing value: b. Path '', line 0, position 0. Unexpected character encountered while parsing value: b. Path '', line 0, position 0.
UnityEngine.StackTraceUtility:ExtractStackTrace ()
UnityEngine.DebugLogHandler:LogFormat (UnityEngine.LogType,UnityEngine.Object,string,object[])
UnityEngine.Logger:Log (UnityEngine.LogType,object)
UnityEngine.Debug:LogError (object)
Nytherion.Core.Managers.SaveLoadManager:LoadGameInternal () (at Assets/Production/SaveLoadManager.cs:283)
Nytherion.Core.Managers.SaveLoadManager:ForceLoadGame () (at Assets/Production/SaveLoadManager.cs:258)
SaveRecoveryRegression/<>c__DisplayClass19_0:<Run>b__21 () (at Assets/Editor/SaveRecoveryRegression.cs:250)
SaveRecoveryRegression:Check (string,System.Action) (at Assets/Editor/SaveRecoveryRegression.cs:81)
SaveRecoveryRegression/<Run>d__19:MoveNext () (at Assets/Editor/SaveRecoveryRegression.cs:248)
SaveRecoveryRegression:Update () (at Assets/Editor/SaveRecoveryRegression.cs:58)
UnityEditor.EditorApplication:Internal_CallUpdateFunctions ()

(Filename: Assets/Production/SaveLoadManager.cs Line: 283)

[SaveLoadManager] 정상 백업에서 세이브를 복구했습니다. 손상 원본은 다음 저장 시 별도 보관합니다.
UnityEngine.StackTraceUtility:ExtractStackTrace ()
UnityEngine.DebugLogHandler:LogFormat (UnityEngine.LogType,UnityEngine.Object,string,object[])
UnityEngine.Logger:Log (UnityEngine.LogType,object)
UnityEngine.Debug:LogWarning (object)
Nytherion.Core.Managers.SaveLoadManager:LoadGameInternal () (at Assets/Production/SaveLoadManager.cs:302)
Nytherion.Core.Managers.SaveLoadManager:ForceLoadGame () (at Assets/Production/SaveLoadManager.cs:258)
SaveRecoveryRegression/<>c__DisplayClass19_0:<Run>b__22 () (at Assets/Editor/SaveRecoveryRegression.cs:257)
SaveRecoveryRegression:Check (string,System.Action) (at Assets/Editor/SaveRecoveryRegression.cs:81)
SaveRecoveryRegression/<Run>d__19:MoveNext () (at Assets/Editor/SaveRecoveryRegression.cs:256)
SaveRecoveryRegression:Update () (at Assets/Editor/SaveRecoveryRegression.cs:58)
UnityEditor.EditorApplication:Internal_CallUpdateFunctions ()

(Filename: Assets/Production/SaveLoadManager.cs Line: 302)

[SaveLoadManager] 세이브 복구 실패. 기존 파일을 보호하기 위해 저장을 차단합니다: Sharing violation on path C:\RoguelikePrototype\output\save-recovery\fixtures-ea12a8b095b248fba740f067f65a50cf\536b8c08a3a04eafb68cc70c0009b8a9.json
UnityEngine.StackTraceUtility:ExtractStackTrace ()
UnityEngine.DebugLogHandler:LogFormat (UnityEngine.LogType,UnityEngine.Object,string,object[])
UnityEngine.Logger:Log (UnityEngine.LogType,object)
UnityEngine.Debug:LogError (object)
Nytherion.Core.Managers.SaveLoadManager:LoadGameInternal () (at Assets/Production/SaveLoadManager.cs:283)
Nytherion.Core.Managers.SaveLoadManager:ForceLoadGame () (at Assets/Production/SaveLoadManager.cs:258)
SaveRecoveryRegression/<>c__DisplayClass19_0:<Run>b__23 () (at Assets/Editor/SaveRecoveryRegression.cs:263)
SaveRecoveryRegression:Check (string,System.Action) (at Assets/Editor/SaveRecoveryRegression.cs:81)
SaveRecoveryRegression/<Run>d__19:MoveNext () (at Assets/Editor/SaveRecoveryRegression.cs:261)
SaveRecoveryRegression:Update () (at Assets/Editor/SaveRecoveryRegression.cs:58)
UnityEditor.EditorApplication:Internal_CallUpdateFunctions ()

(Filename: Assets/Production/SaveLoadManager.cs Line: 283)

PASS: 파일 없음은 Missing이며 새 파일을 만들지 않음
PASS: 저장/로드 왕복 및 기존 데이터 전체 보존
PASS: 두 번째 저장은 직전 정상 파일을 백업
PASS: 손상 원본 복구 후 저장해도 정상 백업과 손상 증거 보존
PASS: 원본 없음/백업 있음은 백업 복구
PASS: 원본과 백업 손상 시 직접 저장도 거부하고 둘 다 보존
PASS: 명시적 세이브 삭제는 백업도 제거하여 부활 방지
PASS: 손상 데이터 거부: 빈 파일
PASS: 손상 데이터 거부: 빈 파일
PASS: 손상 데이터 거부: {
PASS: 손상 데이터 거부: null
PASS: 손상 데이터 거부: []
PASS: 손상 데이터 거부: {}
PASS: 손상 데이터 거부: {"currencyTypes":[0],"currencyAmounts":[]}
PASS: 손상 데이터 거부: {"currencyTypes":[0],"currencyAmounts":[-1]}
PASS: 손상 데이터 거부: {"currencyTypes":[0,0],"currencyAmounts":[1,2]}
PASS: 손상 데이터 거부: {"currencyTypes":[0],"currencyAmounts":["9"]}
PASS: 손상 데이터 거부: {"currencyTypes":[0],"currencyTypes":[1],"currencyAmounts":[9]}
PASS: 구버전 선택 필드 없음과 스킬 빈 슬롯 호환
PASS: 잘못된 슬롯/중복 슬롯/null 항목 거부
PASS: 읽기 잠금은 ReadError이며 백업으로 숨기지 않음
PASS: 임시 파일 쓰기 실패는 원본 보존
PASS: 읽기 전용 원본의 파일 교체 실패는 원본과 정상 백업 보존
PASS: 최초 초기화: 일시정지 중에도 로드와 차단 해제 완료
PASS: 첫 강제 저장 및 맵/씬 밖 퀵슬롯 보존
PASS: 이전 코드의 강제 로드 후 영구 저장 차단 재현
PASS: 수정 코드: 강제 로드 후 차단 해제 및 다시 저장
PASS: 초기화 차단/로드 중에는 강제 저장도 원본 보호
PASS: 종료/일시중지/포커스 상실 저장은 1초 쿨다운 우회
PASS: 서비스 쓰기 실패 시 성공 시각과 원본 불변, 이후 재시도 가능
PASS: 수집 예외 시 부분 데이터 저장과 메모리 스냅샷 훼손 방지
PASS: 로드 적용 예외는 저장 차단, 정상 재로드 후 복구
PASS: 양쪽 파일 손상은 새 게임 초기화/덮어쓰기 거부, 복구 후 저장 가능
PASS: 매니저 백업 복구 후 저장 가능
PASS: 매니저 읽기 오류 후 저장 보호와 정상 재로드
총 35개 검사, 실패 0개
Unity 2022.3.62f2; 실제 JsonUtility/파일 I/O/MonoBehaviour/코루틴/VContainer 사용. 데이터 매니저와 UI/스코프는 격리 협력 객체.
UnityEngine.StackTraceUtility:ExtractStackTrace ()
UnityEngine.DebugLogHandler:LogFormat (UnityEngine.LogType,UnityEngine.Object,string,object[])
UnityEngine.Logger:Log (UnityEngine.LogType,object)
UnityEngine.Debug:Log (object)
SaveRecoveryRegression:Finish () (at Assets/Editor/SaveRecoveryRegression.cs:75)
SaveRecoveryRegression:Update () (at Assets/Editor/SaveRecoveryRegression.cs:58)
UnityEditor.EditorApplication:Internal_CallUpdateFunctions ()

(Filename: Assets/Editor/SaveRecoveryRegression.cs Line: 75)

[PhysX] Initialized MultithreadedTaskDispatcher with 12 workers.
Input System module state changed to: ShutdownInProgress.
Input System polling thread exited.
Input System module state changed to: Shutdown.
[Licensing::IpcConnector] LicenseClient-kyung-notifications channel disconnected successfully.
[Licensing::IpcConnector] LicenseClient-kyung channel disconnected successfully.
Cleanup mono
[Performance] WinEditorMain                                                                                                        :        1 samples, Peak.  1.51 s (1.0x), Avg.  1.51 s, Total. 1.515 s (7.6%)
[Performance] WinEditorMain.ConfigureCrashHandler                                                                                  :        1 samples, Peak.  18.2 us (1.0x), Avg.  18.2 us, Total. 18.20 us (0.0%)
[Performance] WinEditorMain.CurlRequestInitialize                                                                                  :        1 samples, Peak.  1.30 ms (1.0x), Avg.  1.30 ms, Total. 1.302 ms (0.0%)
[Performance] WinEditorMain.SetupLogFile                                                                                           :        1 samples, Peak.   517 us (1.0x), Avg.   517 us, Total. 516.8 us (0.0%)
[Performance] WinEditorMain.RunNativeTestsIfRequiredAndExit                                                                        :        1 samples, Peak.   100 ns (1.0x), Avg.   100 ns, Total. 100.0 ns (0.0%)
[Performance] WinEditorMain.Licensing                                                                                              :        1 samples, Peak.  1.37 s (1.0x), Avg.  1.37 s, Total. 1.373 s (6.9%)
[Performance] WinEditorMain.InitializeCrashHandler                                                                                 :        1 samples, Peak.  12.4 ms (1.0x), Avg.  12.4 ms, Total. 12.40 ms (0.1%)
[Performance] WinEditorMain.CreateApplication                                                                                      :        1 samples, Peak.  33.5 ms (1.0x), Avg.  33.5 ms, Total. 33.45 ms (0.2%)
[Performance] Application.InitializeProject                                                                                        :        1 samples, Peak.  14.1 s (1.0x), Avg.  14.1 s, Total. 14.12 s (70.4%)
[Performance] Application.PackageManager.StartServer                                                                               :        1 samples, Peak.  4.97 ms (1.0x), Avg.  4.97 ms, Total. 4.966 ms (0.0%)
[Performance] Application.AcquireProjectLock                                                                                       :        1 samples, Peak.  12.2 ms (1.0x), Avg.  12.2 ms, Total. 12.21 ms (0.1%)
[Performance] Application.InitializeEngineNoGraphics                                                                               :        1 samples, Peak.  65.9 ms (1.0x), Avg.  65.9 ms, Total. 65.93 ms (0.3%)
[Performance] Application.PackageManager.Initialize                                                                                :        1 samples, Peak.   595 ms (1.0x), Avg.   595 ms, Total. 594.7 ms (3.0%)
[Performance] Connecting to Package Manager                                                                                        :       60 samples, Peak.  53.9 us (14.7x), Avg.  3.67 us, Total. 220.3 us (0.0%)
[Performance] PackageManager::Api::RunRequestSynchronously                                                                         :        9 samples, Peak.  5.00 us (1.6x), Avg.  3.18 us, Total. 28.60 us (0.0%)
[Performance] Application.EngineGraphics.Initialize                                                                                :        1 samples, Peak.  25.0 ms (1.0x), Avg.  25.0 ms, Total. 24.98 ms (0.1%)
[Performance] Application.GI.Initialize                                                                                            :        1 samples, Peak.  3.38 ms (1.0x), Avg.  3.38 ms, Total. 3.385 ms (0.0%)
[Performance] Application.LoadAllDefaultResourcesFromEditor                                                                        :        1 samples, Peak.  2.99 ms (1.0x), Avg.  2.99 ms, Total. 2.990 ms (0.0%)
[Performance] Application.LoadMonoAssemblies                                                                                       :        1 samples, Peak.   800 ms (1.0x), Avg.   800 ms, Total. 800.4 ms (4.0%)
[Performance] RestoreManagedReferences                                                                                             :        3 samples, Peak.   139 ms (2.2x), Avg.  62.9 ms, Total. 188.8 ms (0.9%)
[Performance] InitializeOnLoad DrivenRectTransformUndo                                                                             :        3 samples, Peak.   631 us (1.2x), Avg.   514 us, Total. 1.541 ms (0.0%)
[Performance] InitializeOnLoad SceneSearch                                                                                         :        3 samples, Peak.   173 us (1.1x), Avg.   161 us, Total. 483.6 us (0.0%)
[Performance] InitializeOnLoad CloudBuild                                                                                          :        3 samples, Peak.  6.90 us (1.2x), Avg.  5.90 us, Total. 17.70 us (0.0%)
[Performance] InitializeOnLoad NativeFormatImporterUtility                                                                         :        3 samples, Peak.  4.87 ms (1.6x), Avg.  3.12 ms, Total. 9.348 ms (0.0%)
[Performance] InitializeOnLoad SearchService                                                                                       :        3 samples, Peak.   165 us (1.2x), Avg.   139 us, Total. 416.2 us (0.0%)
[Performance] InitializeOnLoad SettingsService                                                                                     :        3 samples, Peak.  27.0 us (1.7x), Avg.  16.0 us, Total. 48.10 us (0.0%)
[Performance] InitializeOnLoad WindowLayout                                                                                        :        3 samples, Peak.  1.08 ms (1.2x), Avg.   922 us, Total. 2.766 ms (0.0%)
[Performance] InitializeOnLoad AssetStoreContext                                                                                   :        3 samples, Peak.  43.2 ms (1.2x), Avg.  34.9 ms, Total. 104.7 ms (0.5%)
[Performance] InitializeOnLoad PoolManager                                                                                         :        3 samples, Peak.  1.23 ms (1.4x), Avg.   903 us, Total. 2.710 ms (0.0%)
[Performance] InitializeOnLoad MixerEffectDefinitionReloader                                                                       :        3 samples, Peak.  4.07 ms (1.5x), Avg.  2.72 ms, Total. 8.150 ms (0.0%)
[Performance] InitializeOnLoad ProjectSearch                                                                                       :        3 samples, Peak.   376 us (2.0x), Avg.   186 us, Total. 557.5 us (0.0%)
[Performance] InitializeOnLoad UISystemProfilerRenderService                                                                       :        3 samples, Peak.  14.2 us (1.1x), Avg.  12.8 us, Total. 38.30 us (0.0%)
[Performance] InitializeOnLoad EditMode                                                                                            :        3 samples, Peak.   738 us (1.1x), Avg.   683 us, Total. 2.048 ms (0.0%)
[Performance] InitializeOnLoad UnityConnect                                                                                        :        3 samples, Peak.  98.2 us (1.2x), Avg.  83.5 us, Total. 250.6 us (0.0%)
[Performance] InitializeOnLoad ManagedDebugger                                                                                     :        3 samples, Peak.  1.05 ms (1.2x), Avg.   907 us, Total. 2.720 ms (0.0%)
[Performance] InitializeOnLoad ShortcutIntegration                                                                                 :        3 samples, Peak.   103 us (1.2x), Avg.  85.5 us, Total. 256.4 us (0.0%)
[Performance] InitializeOnLoad AddComponentWindow                                                                                  :        3 samples, Peak.   179 us (1.1x), Avg.   158 us, Total. 472.9 us (0.0%)
[Performance] InitializeOnLoad ManagedDebuggerWindow                                                                               :        3 samples, Peak.   233 us (1.2x), Avg.   191 us, Total. 573.8 us (0.0%)
[Performance] InitializeOnLoad CacheServerWindow                                                                                   :        3 samples, Peak.  18.4 us (1.2x), Avg.  14.8 us, Total. 44.40 us (0.0%)
[Performance] InitializeOnLoad PlayModeDownload                                                                                    :        3 samples, Peak.  7.13 ms (2.8x), Avg.  2.54 ms, Total. 7.608 ms (0.0%)
[Performance] InitializeOnLoad MenuItems                                                                                           :        3 samples, Peak.   126 us (1.2x), Avg.   105 us, Total. 315.3 us (0.0%)
[Performance] InitializeOnLoad PrefabInstanceChangedListener                                                                       :        3 samples, Peak.   232 us (1.2x), Avg.   196 us, Total. 588.8 us (0.0%)
[Performance] InitializeOnLoad ObjectSelectorSearch                                                                                :        3 samples, Peak.   108 us (1.4x), Avg.  77.2 us, Total. 231.5 us (0.0%)
[Performance] InitializeOnLoad EditorMonitor                                                                                       :        3 samples, Peak.   896 us (1.2x), Avg.   777 us, Total. 2.331 ms (0.0%)
[Performance] InitializeOnLoad RetainedMode                                                                                        :        3 samples, Peak.  3.36 ms (1.1x), Avg.  2.99 ms, Total. 8.978 ms (0.0%)
[Performance] InitializeOnLoad EditorShaderLoader                                                                                  :        3 samples, Peak.  1.25 ms (1.3x), Avg.   983 us, Total. 2.950 ms (0.0%)
[Performance] InitializeOnLoad EditorDelegateRegistration                                                                          :        3 samples, Peak.   974 us (1.4x), Avg.   698 us, Total. 2.095 ms (0.0%)
[Performance] InitializeOnLoad UIDocumentHierarchyWatcher                                                                          :        3 samples, Peak.   153 us (1.3x), Avg.   115 us, Total. 345.9 us (0.0%)
[Performance] InitializeOnLoad LiveReloadTrackerCreator                                                                            :        3 samples, Peak.   443 us (1.6x), Avg.   269 us, Total. 806.0 us (0.0%)
[Performance] InitializeOnLoad UxmlObjectEditorFactories                                                                           :        3 samples, Peak.   935 us (1.4x), Avg.   648 us, Total. 1.945 ms (0.0%)
[Performance] InitializeOnLoad UXMLEditorFactories                                                                                 :        3 samples, Peak.  84.2 ms (1.1x), Avg.  77.3 ms, Total. 231.8 ms (1.2%)
[Performance] InitializeOnLoad PurchasingService                                                                                   :        3 samples, Peak.  9.41 ms (1.1x), Avg.  8.83 ms, Total. 26.49 ms (0.1%)
[Performance] InitializeOnLoad CloudBuildPoller                                                                                    :        3 samples, Peak.   224 us (1.4x), Avg.   164 us, Total. 490.9 us (0.0%)
[Performance] InitializeOnLoad EditorGameServicesAnalytics                                                                         :        3 samples, Peak.  3.46 ms (1.8x), Avg.  1.93 ms, Total. 5.796 ms (0.0%)
[Performance] InitializeOnLoad AnalyticsService                                                                                    :        3 samples, Peak.   272 us (1.1x), Avg.   238 us, Total. 713.3 us (0.0%)
[Performance] InitializeOnLoad BuildService                                                                                        :        3 samples, Peak.   213 us (1.1x), Avg.   193 us, Total. 577.9 us (0.0%)
[Performance] InitializeOnLoad AdsService                                                                                          :        3 samples, Peak.   577 us (1.0x), Avg.   550 us, Total. 1.650 ms (0.0%)
[Performance] InitializeOnLoad UDPService                                                                                          :        3 samples, Peak.   262 us (1.1x), Avg.   234 us, Total. 701.6 us (0.0%)
[Performance] InitializeOnLoad CrashService                                                                                        :        3 samples, Peak.   391 us (1.4x), Avg.   280 us, Total. 840.3 us (0.0%)
[Performance] InitializeOnLoad ServicesRepository                                                                                  :        3 samples, Peak.  2.70 us (2.1x), Avg.  1.27 us, Total. 3.800 us (0.0%)
[Performance] InitializeOnLoad SearchWindow                                                                                        :        3 samples, Peak.   155 us (1.0x), Avg.   151 us, Total. 454.2 us (0.0%)
[Performance] InitializeOnLoad CustomIndexers                                                                                      :        3 samples, Peak.  28.0 ms (1.3x), Avg.  21.5 ms, Total. 64.62 ms (0.3%)
[Performance] VersionControl.Task.Wait                                                                                             :        1 samples, Peak.  10.1 us (1.0x), Avg.  10.1 us, Total. 10.10 us (0.0%)
[Performance] InitializeOnLoad SearchMonitor                                                                                       :        3 samples, Peak.  1.21 ms (1.0x), Avg.  1.19 ms, Total. 3.583 ms (0.0%)
[Performance] InitializeOnLoad ParameterControllerEditor                                                                           :        3 samples, Peak.  21.4 us (1.2x), Avg.  17.7 us, Total. 53.10 us (0.0%)
[Performance] InitializeOnLoad LayerSettingsWindow                                                                                 :        3 samples, Peak.  24.6 us (1.4x), Avg.  17.3 us, Total. 51.90 us (0.0%)
[Performance] InitializeOnLoad PackageManagerHookGUIDConverter.RegisterPackagesEventHandler                                        :        3 samples, Peak.  1.46 ms (1.8x), Avg.   807 us, Total. 2.420 ms (0.0%)
[Performance] InitializeOnLoad EditorDragAndDrop.RegisterEditorClient                                                              :        3 samples, Peak.   258 us (1.0x), Avg.   252 us, Total. 754.6 us (0.0%)
[Performance] InitializeOnLoad EditorEventCallbacks.InitializeFontAssetResourceChangeCallBacks                                     :        3 samples, Peak.  2.26 ms (1.4x), Avg.  1.65 ms, Total. 4.956 ms (0.0%)
[Performance] InitializeOnLoad SceneTemplateService.Init                                                                           :        3 samples, Peak.  1.80 ms (1.1x), Avg.  1.58 ms, Total. 4.733 ms (0.0%)
[Performance] InitializeOnLoad DiagnosticSwitchesConsoleMessage.Init                                                               :        3 samples, Peak.  9.22 ms (1.4x), Avg.  6.42 ms, Total. 19.26 ms (0.1%)
[Performance] InitializeOnLoad PackageManagerWindow.EditorInitializedInSafeMode                                                    :        3 samples, Peak.  31.6 ms (3.0x), Avg.  10.7 ms, Total. 31.98 ms (0.2%)
[Performance] InitializeOnLoad ToolShortcutContext.Init                                                                            :        3 samples, Peak.   180 us (1.1x), Avg.   161 us, Total. 482.3 us (0.0%)
[Performance] InitializeOnLoad MemoryProfilerCompilationGuard.InjectCompileGuard                                                   :        3 samples, Peak.   331 us (1.2x), Avg.   276 us, Total. 829.3 us (0.0%)
[Performance] InitializeOnLoad AssetPostprocessingInternal.RefreshCustomDependencies                                               :        3 samples, Peak.  3.67 ms (1.3x), Avg.  2.76 ms, Total. 8.270 ms (0.0%)
[Performance] InitializeOnLoad SysrootManager.Initialize                                                                           :        3 samples, Peak.   560 us (1.1x), Avg.   509 us, Total. 1.526 ms (0.0%)
[Performance] InitializeOnLoad ScopedRegistryAddedPopup.SubscribeToRegistriesAdded                                                 :        3 samples, Peak.  12.2 ms (1.6x), Avg.  7.63 ms, Total. 22.90 ms (0.1%)
[Performance] InitializeOnLoad SceneVisibilityManager.Initialize                                                                   :        3 samples, Peak.  6.12 ms (2.2x), Avg.  2.82 ms, Total. 8.462 ms (0.0%)
[Performance] InitializeOnLoad EditorWindow.Initialize                                                                             :        3 samples, Peak.   272 us (1.0x), Avg.   263 us, Total. 788.5 us (0.0%)
[Performance] AssemblyReloadEvents.afterAssemblyReload: UnityEditor.SceneTemplate.SceneTemplateService.AfterAssemblyReload         :        3 samples, Peak.  4.96 ms (1.6x), Avg.  3.18 ms, Total. 9.533 ms (0.0%)
[Performance] ProcessService.EditorAfterLoadAllAssemblies                                                                          :        3 samples, Peak.   696 us (1.4x), Avg.   487 us, Total. 1.461 ms (0.0%)
[Performance] Application.ReadLicenseInfo                                                                                          :        1 samples, Peak.  13.4 ms (1.0x), Avg.  13.4 ms, Total. 13.44 ms (0.1%)
[Performance] Application.InitialRefresh                                                                                           :        1 samples, Peak.  11.3 s (1.0x), Avg.  11.3 s, Total. 11.34 s (56.6%)
[Performance] BuilderAssetModificationProcessor.OnWillCreateAsset                                                                  :       18 samples, Peak.  1.60 ms (14.8x), Avg.   108 us, Total. 1.948 ms (0.0%)
[Performance] ShaderImporter.SourceAssetModified                                                                                   :        2 samples, Peak.  1.30 us (1.0x), Avg.  1.25 us, Total. 2.500 us (0.0%)
[Performance] ShaderIncludeImporter.SourceAssetModified                                                                            :        2 samples, Peak.  3.90 us (1.1x), Avg.  3.45 us, Total. 6.900 us (0.0%)
[Performance] Compiling Scripts                                                                                                    :        1 samples, Peak.  9.43 s (1.0x), Avg.  9.43 s, Total. 9.433 s (47.1%)
[Performance] Package.AsyncRequest                                                                                                 :        2 samples, Peak.   724 us (2.0x), Avg.   362 us, Total. 724.9 us (0.0%)
[Performance] AssemblyReloadEvents.beforeAssemblyReload: UnityEditor.SceneTemplate.SceneTemplateService.BeforeAssemblyReload       :        2 samples, Peak.   567 us (1.1x), Avg.   494 us, Total. 987.4 us (0.0%)
[Performance] PresetManagerPostProcessor.OnPreprocessAsset                                                                         :       44 samples, Peak.  1.69 ms (28.6x), Avg.  59.3 us, Total. 2.609 ms (0.0%)
[Performance] CancelSplashScreenOnAssetChange.OnPreprocessAsset                                                                    :       44 samples, Peak.   164 us (25.0x), Avg.  6.56 us, Total. 288.8 us (0.0%)
[Performance] InitializeOnLoad SaveRecoveryRegression                                                                              :        2 samples, Peak.   224 us (1.1x), Avg.   211 us, Total. 421.4 us (0.0%)
[Performance] DidReloadScriptsAdvancedDropdownWindow.OnScriptReload                                                                :        2 samples, Peak.   452 us (1.3x), Avg.   342 us, Total. 683.0 us (0.0%)
[Performance] AssetDatabase.ImportAssets                                                                                           :        3 samples, Peak.  1.00 us (1.9x), Avg.   533 ns, Total. 1.600 us (0.0%)
[Performance] BuilderAssetPostprocessor.OnPostprocessAllAssets                                                                     :        2 samples, Peak.  3.91 ms (1.0x), Avg.  3.83 ms, Total. 7.669 ms (0.0%)
[Performance] ArtifactBrowserPostProcessor.OnPostprocessAllAssets                                                                  :        2 samples, Peak.   661 us (1.0x), Avg.   659 us, Total. 1.317 ms (0.0%)
[Performance] AssetEvents.OnPostprocessAllAssets                                                                                   :        4 samples, Peak.   220 us (1.5x), Avg.   144 us, Total. 577.9 us (0.0%)
[Performance] AudioMixerPostprocessor.OnPostprocessAllAssets                                                                       :        2 samples, Peak.   331 us (1.0x), Avg.   329 us, Total. 658.1 us (0.0%)
[Performance] StyleCatalogPostProcessor.OnPostprocessAllAssets                                                                     :        2 samples, Peak.   128 ms (1.0x), Avg.   128 ms, Total. 255.2 ms (1.3%)
[Performance] BuildCatalog                                                                                                         :        1 samples, Peak.   126 ms (1.0x), Avg.   126 ms, Total. 126.3 ms (0.6%)
[Performance] EditorResources.Load                                                                                                 :        6 samples, Peak.  11.5 ms (3.1x), Avg.  3.75 ms, Total. 22.50 ms (0.1%)
[Performance] ModelImporterPostProcessor.OnPostprocessAllAssets                                                                    :        2 samples, Peak.  1.65 ms (1.0x), Avg.  1.64 ms, Total. 3.289 ms (0.0%)
[Performance] RetainedModeAssetPostprocessor.OnPostprocessAllAssets                                                                :        2 samples, Peak.  2.68 ms (1.0x), Avg.  2.68 ms, Total. 5.360 ms (0.0%)
[Performance] AssetChangedListener.OnPostprocessAllAssets                                                                          :        2 samples, Peak.  2.07 ms (1.0x), Avg.  2.07 ms, Total. 4.141 ms (0.0%)
[Performance] SpeedTreePostProcessor.OnPostprocessAllAssets                                                                        :        2 samples, Peak.   365 us (1.0x), Avg.   363 us, Total. 726.1 us (0.0%)
[Performance] TextAssetPostProcessor.OnPostprocessAllAssets                                                                        :        2 samples, Peak.   583 us (1.0x), Avg.   582 us, Total. 1.164 ms (0.0%)
[Performance] SyncVS.PostprocessSyncProject                                                                                        :        2 samples, Peak.  1.85 ms (1.0x), Avg.  1.81 ms, Total. 3.617 ms (0.0%)
[Performance] EditorApplication.projectChanged: UnityEditor.Audio.MixerEffectDefinitionReloader.OnProjectChanged                   :        1 samples, Peak.   426 us (1.0x), Avg.   426 us, Total. 426.1 us (0.0%)
[Performance] Application.ImportPackagesAndSetTemplateWhenCreatingProject                                                          :        1 samples, Peak.  16.0 ms (1.0x), Avg.  16.0 ms, Total. 16.04 ms (0.1%)
[Performance] Application.SyncCurrentColorSpace                                                                                    :        1 samples, Peak.   300 ns (1.0x), Avg.   300 ns, Total. 300.0 ns (0.0%)
[Performance] Application.OnUsbDevicesChanged                                                                                      :        1 samples, Peak.  2.02 ms (1.0x), Avg.  2.02 ms, Total. 2.019 ms (0.0%)
[Performance] Application.AssetDatabase.SaveAssets                                                                                 :        1 samples, Peak.  5.02 ms (1.0x), Avg.  5.02 ms, Total. 5.025 ms (0.0%)
[Performance] BuilderAssetModificationProcessor.OnWillSaveAssets                                                                   :        2 samples, Peak.   573 us (1.1x), Avg.   532 us, Total. 1.065 ms (0.0%)
[Performance] TerrainModificationProcessor.OnWillSaveAssets                                                                        :        2 samples, Peak.   916 us (1.0x), Avg.   888 us, Total. 1.776 ms (0.0%)
[Performance] Application.AssetInstanceCacheUpdate                                                                                 :        1 samples, Peak.   300 ns (1.0x), Avg.   300 ns, Total. 300.0 ns (0.0%)
[Performance] Application.UnityExtensions.Initialize                                                                               :        1 samples, Peak.   386 us (1.0x), Avg.   386 us, Total. 385.7 us (0.0%)
[Performance] CodeEditorProjectSync.SyncEditorProject                                                                              :        1 samples, Peak.   155 us (1.0x), Avg.   155 us, Total. 154.8 us (0.0%)
[Performance] Application.ExecuteStartups                                                                                          :        1 samples, Peak.  27.0 ms (1.0x), Avg.  27.0 ms, Total. 27.05 ms (0.1%)
[Performance] Menu.RegisterMenuInterface                                                                                           :       26 samples, Peak.   800 ns (4.2x), Avg.   192 ns, Total. 5.000 us (0.0%)
[Performance] Gizmo.RebuildRenderers                                                                                               :        3 samples, Peak.  26.5 ms (1.2x), Avg.  22.3 ms, Total. 66.93 ms (0.3%)
[Performance] Gizmo.AddGizmoRenderers                                                                                              :       66 samples, Peak.  2.04 ms (22.6x), Avg.  90.2 us, Total. 5.955 ms (0.0%)
[Performance] Application.editorInitializingProject                                                                                :        1 samples, Peak.   148 ms (1.0x), Avg.   148 ms, Total. 148.1 ms (0.7%)
[Performance] Application.FinishLoadingProject                                                                                     :        1 samples, Peak.   130 ms (1.0x), Avg.   130 ms, Total. 129.9 ms (0.6%)
[Performance] Application.InitializeMenu                                                                                           :        1 samples, Peak.  74.2 ms (1.0x), Avg.  74.2 ms, Total. 74.18 ms (0.4%)
[Performance] Menu.RebuildAll                                                                                                      :        1 samples, Peak.  74.1 ms (1.0x), Avg.  74.1 ms, Total. 74.13 ms (0.4%)
[Performance] Menu.BuildRegisteredMenuInterfaces                                                                                   :        1 samples, Peak.  72.0 ms (1.0x), Avg.  72.0 ms, Total. 71.95 ms (0.4%)
[Performance] Menu.FilterMenuItem                                                                                                  :      398 samples, Peak.  13.6 ms (385.2x), Avg.  35.2 us, Total. 14.02 ms (0.1%)
[Performance] UpdateAllMenus                                                                                                       :        1 samples, Peak.   721 us (1.0x), Avg.   721 us, Total. 720.8 us (0.0%)
[Performance] Menu.RebuildOSMainMenu                                                                                               :        2 samples, Peak.  1.24 ms (1.1x), Avg.  1.16 ms, Total. 2.323 ms (0.0%)
[Performance] EditorSceneManager.sceneClosing: UnityEditor.SceneVisibilityManager.EditorSceneManagerOnSceneClosing                 :        3 samples, Peak.   461 us (1.7x), Avg.   267 us, Total. 800.6 us (0.0%)
[Performance] GUIView.RepaintAll.PlayerLoopController                                                                              :    27707 samples, Peak.  78.3 us (313.3x), Avg.   250 ns, Total. 6.924 ms (0.0%)
[Performance] EditorSceneManager.newSceneCreated: UnityEditor.SceneTemplate.SceneTemplateService.OnNewSceneCreated                 :        2 samples, Peak.   419 us (2.0x), Avg.   210 us, Total. 420.8 us (0.0%)
[Performance] EditorSceneManager.newSceneCreated: UnityEditor.SceneVisibilityManager.EditorSceneManagerOnNewSceneCreated           :        2 samples, Peak.   269 us (1.9x), Avg.   138 us, Total. 276.6 us (0.0%)
[Performance] EditorSceneManager.newSceneCreated: UnityEditor.SceneManagement.StageNavigationManager.OnNewSceneCreated             :        2 samples, Peak.  68.5 us (2.0x), Avg.  34.9 us, Total. 69.90 us (0.0%)
[Performance] Application.InvokeFinishedLoadingProject                                                                             :        1 samples, Peak.   561 us (1.0x), Avg.   561 us, Total. 560.6 us (0.0%)
[Performance] ProcessService.OnProjectLoaded                                                                                       :        1 samples, Peak.  47.7 us (1.0x), Avg.  47.7 us, Total. 47.70 us (0.0%)
[Performance] EditorApplication.playModeStateChanged                                                                               :        1 samples, Peak.  1.48 ms (1.0x), Avg.  1.48 ms, Total. 1.481 ms (0.0%)
[Performance] EditorApplication.playModeStateChanged: UnityEditor.ObjectPool.PoolManager.OnEditorStateChange                       :        2 samples, Peak.   197 us (1.1x), Avg.   183 us, Total. 366.2 us (0.0%)
[Performance] EditorApplication.playModeStateChanged: UnityEditor.PackageManager.UI.Internal.PlayModeDownload.PlayModeStateChanged :        2 samples, Peak.   343 us (1.4x), Avg.   244 us, Total. 489.0 us (0.0%)
[Performance] EditorApplication.playModeStateChanged: UnityEditor.SceneManagement.EditorSceneManager.PlayModeStateChangedCallback  :        2 samples, Peak.  45.1 us (1.0x), Avg.  44.4 us, Total. 88.80 us (0.0%)
[Performance] EditorApplication.playModeStateChanged: UnityEditor.PackageManager.UI.Internal.ApplicationProxy.PlayModeStateChanged :        2 samples, Peak.   206 us (1.0x), Avg.   200 us, Total. 399.3 us (0.0%)
[Performance] EditorApplication.playModeStateChanged: UnityEditor.SceneVisibilityManager.EditorApplicationPlayModeStateChanged     :        2 samples, Peak.  40.2 us (1.0x), Avg.  39.8 us, Total. 79.50 us (0.0%)
[Performance] Application.InvokeProjectWasLoaded                                                                                   :        1 samples, Peak.  43.8 us (1.0x), Avg.  43.8 us, Total. 43.80 us (0.0%)
[Performance] Application.Message                                                                                                  :    27705 samples, Peak.  1.98 ms (7678.4x), Avg.   257 ns, Total. 7.132 ms (0.0%)
[Performance] Application.Message.WM_0031F                                                                                         :        1 samples, Peak.  8.00 us (1.0x), Avg.  8.00 us, Total. 8.000 us (0.0%)
[Performance] Application.Tick                                                                                                     :    27704 samples, Peak.  1.47 s (11293.2x), Avg.   131 us, Total. 3.618 s (18.1%)
[Performance] CheckLicensingClient                                                                                                 :        1 samples, Peak.  9.70 us (1.0x), Avg.  9.70 us, Total. 9.700 us (0.0%)
[Performance] CheckLicensingClientNotification                                                                                     :        1 samples, Peak.  12.8 us (1.0x), Avg.  12.8 us, Total. 12.80 us (0.0%)
[Performance] LicenseActivated.Tick                                                                                                :        1 samples, Peak.  9.90 us (1.0x), Avg.  9.90 us, Total. 9.900 us (0.0%)
[Performance] Application.TickVersionControl                                                                                       :    27705 samples, Peak.   317 us (1051.3x), Avg.   302 ns, Total. 8.359 ms (0.0%)
[Performance] MonoCompiler.Tick                                                                                                    :       14 samples, Peak.  1.02 s (14.0x), Avg.  72.7 ms, Total. 1.018 s (5.1%)
[Performance] Application.EnterPlayMode                                                                                            :        1 samples, Peak.   999 ms (1.0x), Avg.   999 ms, Total. 998.7 ms (5.0%)
[Performance] Application.Reload                                                                                                   :        1 samples, Peak.   918 ms (1.0x), Avg.   918 ms, Total. 918.2 ms (4.6%)
[Performance] UnityBuildPostprocessor.OnProcessScene                                                                               :        1 samples, Peak.  1.02 ms (1.0x), Avg.  1.02 ms, Total. 1.016 ms (0.0%)
[Performance] Inspector.InitOrRebuild                                                                                              :        1 samples, Peak.   551 us (1.0x), Avg.   551 us, Total. 551.4 us (0.0%)
[Performance] UnityConnect.Tick                                                                                                    :        1 samples, Peak.  8.88 ms (1.0x), Avg.  8.88 ms, Total. 8.882 ms (0.0%)
[Performance] UnityVersionControl.Tick                                                                                             :        1 samples, Peak.   900 ns (1.0x), Avg.   900 ns, Total. 900.0 ns (0.0%)
[Performance] CurlRequest.Tick                                                                                                     :       26 samples, Peak.  57.3 us (18.6x), Avg.  3.09 us, Total. 80.30 us (0.0%)
[Performance] HubClient.Tick                                                                                                       :       26 samples, Peak.  1.10 us (2.6x), Avg.   431 ns, Total. 11.20 us (0.0%)
[Performance] AssetDatabase.Tick                                                                                                   :       26 samples, Peak.  81.3 us (23.8x), Avg.  3.42 us, Total. 88.90 us (0.0%)
[Performance] SceneBackgroundTask.Tick                                                                                             :       18 samples, Peak.   400 ns (1.9x), Avg.   211 ns, Total. 3.800 us (0.0%)
[Performance] Scheduler.Tick                                                                                                       :      236 samples, Peak.  2.51 ms (160.2x), Avg.  15.7 us, Total. 3.700 ms (0.0%)
[Performance] RepaintAllProfilerWindows                                                                                            :        6 samples, Peak.   309 us (5.8x), Avg.  53.1 us, Total. 318.8 us (0.0%)
[Performance] PlayerUpdates.Tick                                                                                                   :       50 samples, Peak.   105 us (10.4x), Avg.  10.1 us, Total. 507.2 us (0.0%)
[Performance] Application.TickGlobalCallbacks                                                                                      :    27705 samples, Peak.  68.5 ms (6811.7x), Avg.  10.1 us, Total. 278.8 ms (1.4%)
[Performance] EditorAnalytics.Tick                                                                                                 :       11 samples, Peak.  37.2 us (6.2x), Avg.  6.02 us, Total. 66.20 us (0.0%)
[Performance] Video.Update                                                                                                         :    27705 samples, Peak.   158 us (710.5x), Avg.   222 ns, Total. 6.153 ms (0.0%)
[Performance] Application.TickProgress                                                                                             :    27705 samples, Peak.  2.78 ms (9207.0x), Avg.   302 ns, Total. 8.373 ms (0.0%)
[Performance] Application.TickSceneTracker                                                                                         :    27704 samples, Peak.   329 ms (14046.1x), Avg.  23.4 us, Total. 648.8 ms (3.2%)
[Performance] EditorApplication.update                                                                                             :    27704 samples, Peak.   329 ms (15079.9x), Avg.  21.8 us, Total. 604.1 ms (3.0%)
[Performance] EditorApplication.update: SaveRecoveryRegression.Update                                                              :    27704 samples, Peak.   326 ms (17004.3x), Avg.  19.2 us, Total. 531.0 ms (2.6%)
[Performance] EditorApplication.update: UnityEditor.PackageManager.UI.Internal.ApplicationProxy.OnUpdate                           :    27704 samples, Peak.  1.24 ms (2033.0x), Avg.   612 ns, Total. 16.96 ms (0.1%)
[Performance] EditorApplication.update: UnityEditor.SceneManagement.StageNavigationManager.Update                                  :    27704 samples, Peak.   453 us (1940.3x), Avg.   234 ns, Total. 6.474 ms (0.0%)
[Performance] ConsoleLog.Tick                                                                                                      :       13 samples, Peak.   299 us (11.2x), Avg.  26.7 us, Total. 347.1 us (0.0%)
[Performance] HierarchyWindow.Tick                                                                                                 :       17 samples, Peak.   594 us (13.2x), Avg.  45.0 us, Total. 764.8 us (0.0%)
[Performance] EditorApplication.hierarchyChanged: Unity.UIElements.Editor.UIDocumentHierarchyWatcher.OnHierarchyChanged            :        2 samples, Peak.   146 us (2.0x), Avg.  73.8 us, Total. 147.6 us (0.0%)
[Performance] Inspector.Tick                                                                                                       :       17 samples, Peak.  40.0 ms (17.0x), Avg.  2.35 ms, Total. 40.01 ms (0.2%)
[Performance] EditorApplication.delayCall: UnityEditor.ShortcutManagement.ShortcutIntegration.EnsureShortcutsAreInitialized        :        1 samples, Peak.  36.8 ms (1.0x), Avg.  36.8 ms, Total. 36.85 ms (0.2%)
[Performance] EditorApplication.delayCall: callback in UnityEditor.EditorTools.ToolShortcutContext                                 :        1 samples, Peak.  2.48 ms (1.0x), Avg.  2.48 ms, Total. 2.484 ms (0.0%)
[Performance] EditorApplication.delayCall: callback in UnityEditor.SceneVisibilityManager                                          :        1 samples, Peak.   179 us (1.0x), Avg.   179 us, Total. 179.4 us (0.0%)
[Performance] EditorApplication.delayCall: callback in UnityEditor.EditorWindow                                                    :        1 samples, Peak.  69.9 us (1.0x), Avg.  69.9 us, Total. 69.90 us (0.0%)
[Performance] Tooltip.Tick                                                                                                         :       49 samples, Peak.   118 us (39.0x), Avg.  3.03 us, Total. 148.7 us (0.0%)
[Performance] Application.RequestRepaintForPanels                                                                                  :    27704 samples, Peak.   743 us (713.7x), Avg.  1.04 us, Total. 28.86 ms (0.1%)
[Performance] Application.UpdateScene                                                                                              :    27704 samples, Peak.  1.90 ms (38.9x), Avg.  48.9 us, Total. 1.356 s (6.8%)
[Performance] PackageImporter.Tick                                                                                                 :       13 samples, Peak.   500 ns (1.4x), Avg.   369 ns, Total. 4.800 us (0.0%)
[Performance] InspectorBackground.Tick                                                                                             :       17 samples, Peak.  1.30 us (2.5x), Avg.   518 ns, Total. 8.800 us (0.0%)
[Performance] BurstDebug.Tick                                                                                                      :        5 samples, Peak.   700 ns (1.6x), Avg.   440 ns, Total. 2.200 us (0.0%)
[Performance] Application.ChangeLayoutIfNeeded                                                                                     :    27704 samples, Peak.  1.30 us (27.1x), Avg.  47.9 ns, Total. 1.327 ms (0.0%)
[Performance] AsyncReadManager.ForceCloseFiles                                                                                     :        3 samples, Peak.  1.10 us (1.2x), Avg.   933 ns, Total. 2.800 us (0.0%)
[Performance] Application.Shutdown.SaveDefaultWindowPreferences                                                                    :        1 samples, Peak.   116 us (1.0x), Avg.   116 us, Total. 115.9 us (0.0%)
[Performance] Application.Shutdown.SaveSceneManagerSetup                                                                           :        1 samples, Peak.   427 us (1.0x), Avg.   427 us, Total. 427.3 us (0.0%)
[Performance] Application.Shutdown.CleanupAllContainerWindows                                                                      :        1 samples, Peak.   700 ns (1.0x), Avg.   700 ns, Total. 700.0 ns (0.0%)
[Performance] EditorApplication.quitting: callback in UnityEditor.TextCore.Text.EditorEventCallbacks                               :        1 samples, Peak.  6.84 ms (1.0x), Avg.  6.84 ms, Total. 6.844 ms (0.0%)
[Performance] Application.Shutdown.PauseProfilerSession                                                                            :        1 samples, Peak.  17.2 us (1.0x), Avg.  17.2 us, Total. 17.20 us (0.0%)
[Performance] Application.Shutdown.PauseAssetImportWorkers                                                                         :        1 samples, Peak.  55.6 us (1.0x), Avg.  55.6 us, Total. 55.60 us (0.0%)
[Performance] Application.Shutdown.SaveAssets                                                                                      :        1 samples, Peak.  6.44 ms (1.0x), Avg.  6.44 ms, Total. 6.441 ms (0.0%)
[Performance] Application.Shutdown.CleanupRenderPipeline                                                                           :        1 samples, Peak.   285 us (1.0x), Avg.   285 us, Total. 285.1 us (0.0%)
[Performance] Application.Shutdown.StopPreloadManager                                                                              :        1 samples, Peak.  9.63 ms (1.0x), Avg.  9.63 ms, Total. 9.630 ms (0.0%)
[Performance] Application.Shutdown.DestroyWorld                                                                                    :        1 samples, Peak.   351 us (1.0x), Avg.   351 us, Total. 350.9 us (0.0%)
[Performance] Application.Shutdown.CleanupAfterLoad                                                                                :        1 samples, Peak.  3.57 ms (1.0x), Avg.  3.57 ms, Total. 3.566 ms (0.0%)
[Performance] Application.Shutdown.Progress                                                                                        :        1 samples, Peak.  17.1 us (1.0x), Avg.  17.1 us, Total. 17.10 us (0.0%)
[Performance] Application.Shutdown.GICleanupManagers                                                                               :        1 samples, Peak.   844 us (1.0x), Avg.   844 us, Total. 843.5 us (0.0%)
[Performance] Application.Shutdown.MenuCleanupClass                                                                                :        1 samples, Peak.   172 us (1.0x), Avg.   172 us, Total. 172.2 us (0.0%)
[Performance] Application.Shutdown.ADBSaveStateBeforeShutdown                                                                      :        1 samples, Peak.  7.50 us (1.0x), Avg.  7.50 us, Total. 7.500 us (0.0%)
[Performance] Application.Shutdown.RemoteShutdown                                                                                  :        1 samples, Peak.  1.10 us (1.0x), Avg.  1.10 us, Total. 1.100 us (0.0%)
[Performance] Application.Shutdown.CleanupVCProvider                                                                               :        1 samples, Peak.  17.4 us (1.0x), Avg.  17.4 us, Total. 17.40 us (0.0%)
[Performance] Application.Shutdown.InputShutdown                                                                                   :        1 samples, Peak.   400 ns (1.0x), Avg.   400 ns, Total. 400.0 ns (0.0%)
[Performance] Application.Shutdown.GizmoManagerDestroy                                                                             :        1 samples, Peak.   668 us (1.0x), Avg.   668 us, Total. 668.0 us (0.0%)
[Performance] Application.Shutdown.ProfilerSession                                                                                 :        1 samples, Peak.   194 us (1.0x), Avg.   194 us, Total. 193.6 us (0.0%)
[Performance] Application.Shutdown.ReleaseGfxWindowOnAllGUIViews                                                                   :        1 samples, Peak.   300 ns (1.0x), Avg.   300 ns, Total. 300.0 ns (0.0%)
[Performance] Application.Shutdown.CleanupEngine                                                                                   :        1 samples, Peak.   105 ms (1.0x), Avg.   105 ms, Total. 105.2 ms (0.5%)
[Performance] Application.Shutdown.CleanupAssetDatabase                                                                            :        1 samples, Peak.  2.61 ms (1.0x), Avg.  2.61 ms, Total. 2.609 ms (0.0%)
[Performance] Application.Shutdown.ScriptCompilationCleanUp                                                                        :        1 samples, Peak.  22.7 ms (1.0x), Avg.  22.7 ms, Total. 22.65 ms (0.1%)
[Performance] Application.Shutdown.DestroyJobSystem                                                                                :        1 samples, Peak.   141 us (1.0x), Avg.   141 us, Total. 141.1 us (0.0%)
[Performance] Application.Shutdown.CleanupPersistentManager                                                                        :        1 samples, Peak.   559 us (1.0x), Avg.   559 us, Total. 559.2 us (0.0%)
[Performance] Application.Shutdown.CleanupAsyncReadManager                                                                         :        1 samples, Peak.   406 us (1.0x), Avg.   406 us, Total. 406.2 us (0.0%)
[Performance] Application.Shutdown.CleanupProgressBar                                                                              :        1 samples, Peak.   900 ns (1.0x), Avg.   900 ns, Total. 900.0 ns (0.0%)
[Performance] Application.Shutdown.CleanupMono                                                                                     :        1 samples, Peak.  50.2 ms (1.0x), Avg.  50.2 ms, Total. 50.21 ms (0.3%)
[Performance] Application.Shutdown.CleanupStdConverters                                                                            :        1 samples, Peak.  9.10 us (1.0x), Avg.  9.10 us, Total. 9.100 us (0.0%)
[Performance] Application.Shutdown.UnloadAllPlatformSupportModuleNativeDlls                                                        :        1 samples, Peak.   600 ns (1.0x), Avg.   600 ns, Total. 600.0 ns (0.0%)
[Performance] Application.Shutdown.UnloadAllPlatformSupportNativeLibraries                                                         :        1 samples, Peak. 100.0 ns (1.0x), Avg. 100.0 ns, Total. 100.00 ns (0.0%)
[Performance] Application.Shutdown.CleanupAutoDocumentation                                                                        :        1 samples, Peak.   497 us (1.0x), Avg.   497 us, Total. 496.9 us (0.0%)
[Performance] Application.Shutdown.ShaderNameManagerDestroy                                                                        :        1 samples, Peak.  72.5 us (1.0x), Avg.  72.5 us, Total. 72.50 us (0.0%)
[Performance] Application.Shutdown.CleanupCacheServer                                                                              :        1 samples, Peak.   200 ns (1.0x), Avg.   200 ns, Total. 200.0 ns (0.0%)
[Performance] Application.Shutdown.Virtualization_Shutdown                                                                         :        1 samples, Peak.   300 ns (1.0x), Avg.   300 ns, Total. 300.0 ns (0.0%)
[Performance] Application.Shutdown.DevConnections                                                                                  :        1 samples, Peak.  92.0 us (1.0x), Avg.  92.0 us, Total. 92.00 us (0.0%)
Checking for leaked weakptr:
  Found no leaked weakptrs.
[Package Manager] Server::Kill -- Server was shutdown
Memory Statistics:
[ALLOC_TEMP_TLS] TLS Allocator
  StackAllocators : 
    [ALLOC_TEMP_CurlRequest]
      Initial Block Size 64.0 KB
      Current Block Size 64.0 KB
      Peak Allocated Bytes 0 B
      Overflow Count 0
    [ALLOC_TEMP_MAIN]
      Peak usage frame count: [4.0 KB-8.0 KB]: 27702 frames, [8.0 KB-16.0 KB]: 1 frames, [8.0 MB-16.0 MB]: 1 frames
      Initial Block Size 16.0 MB
      Current Block Size 16.0 MB
      Peak Allocated Bytes 9.4 MB
      Overflow Count 0
    [ALLOC_TEMP_Background Job.Worker 8]
      Initial Block Size 32.0 KB
      Current Block Size 32.0 KB
      Peak Allocated Bytes 54 B
      Overflow Count 0
    [ALLOC_TEMP_Job.Worker 4]
      Initial Block Size 256.0 KB
      Current Block Size 1.0 MB
      Peak Allocated Bytes 1.0 MB
      Overflow Count 0
    [ALLOC_TEMP_AUDIO_FMOD mixer thread]
      Initial Block Size 64.0 KB
      Current Block Size 64.0 KB
      Peak Allocated Bytes 54 B
      Overflow Count 0
    [ALLOC_TEMP_BakingJobs.Worker 5]
      Initial Block Size 256.0 KB
      Current Block Size 256.0 KB
      Peak Allocated Bytes 54 B
      Overflow Count 0
    [ALLOC_TEMP_Background Job.Worker 11]
      Initial Block Size 32.0 KB
      Current Block Size 32.0 KB
      Peak Allocated Bytes 54 B
      Overflow Count 0
    [ALLOC_TEMP_Background Job.Worker 3]
      Initial Block Size 32.0 KB
      Current Block Size 32.0 KB
      Peak Allocated Bytes 54 B
      Overflow Count 0
    [ALLOC_TEMP_BatchDeleteObjects]
      Initial Block Size 64.0 KB
      Current Block Size 64.0 KB
      Peak Allocated Bytes 54 B
      Overflow Count 0
    [ALLOC_TEMP_CoreBusinessMetricsCache]
      Initial Block Size 64.0 KB
      Current Block Size 64.0 KB
      Peak Allocated Bytes 8.0 KB
      Overflow Count 0
    [ALLOC_TEMP_REST Message Handler]
      Initial Block Size 64.0 KB
      Current Block Size 64.0 KB
      Peak Allocated Bytes 54 B
      Overflow Count 0
    [ALLOC_TEMP_AssetDatabase.IOService]
      Initial Block Size 64.0 KB
      Current Block Size 64.0 KB
      Peak Allocated Bytes 54 B
      Overflow Count 0
    [ALLOC_TEMP_Background Job.Worker 2]
      Initial Block Size 32.0 KB
      Current Block Size 32.0 KB
      Peak Allocated Bytes 1.4 KB
      Overflow Count 0
    [ALLOC_TEMP_Job.Worker 10]
      Initial Block Size 256.0 KB
      Current Block Size 1.0 MB
      Peak Allocated Bytes 1.0 MB
      Overflow Count 0
    [ALLOC_TEMP_Loading.PreloadManager] x 2
      Initial Block Size 32.0 MB
      Current Block Size 32.0 MB
      Peak Allocated Bytes 1.0 MB
      Overflow Count 0
    [ALLOC_TEMP_Profiler.Dispatcher]
      Initial Block Size 64.0 KB
      Current Block Size 64.0 KB
      Peak Allocated Bytes 0 B
      Overflow Count 0
    [ALLOC_TEMP_Job.Worker 3]
      Initial Block Size 256.0 KB
      Current Block Size 1.0 MB
      Peak Allocated Bytes 1.0 MB
      Overflow Count 0
    [ALLOC_TEMP_Background Job.Worker 5]
      Initial Block Size 32.0 KB
      Current Block Size 32.0 KB
      Peak Allocated Bytes 54 B
      Overflow Count 0
    [ALLOC_TEMP_CurlRequest]
      Initial Block Size 64.0 KB
      Current Block Size 64.0 KB
      Peak Allocated Bytes 0 B
      Overflow Count 0
    [ALLOC_TEMP_Background Job.Worker 13]
      Initial Block Size 32.0 KB
      Current Block Size 32.0 KB
      Peak Allocated Bytes 54 B
      Overflow Count 0
    [ALLOC_TEMP_Job.Worker 2]
      Initial Block Size 256.0 KB
      Current Block Size 1.0 MB
      Peak Allocated Bytes 1.0 MB
      Overflow Count 0
    [ALLOC_TEMP_Background Job.Worker 9]
      Initial Block Size 32.0 KB
      Current Block Size 32.0 KB
      Peak Allocated Bytes 54 B
      Overflow Count 0
    [ALLOC_TEMP_Job.Worker 0]
      Initial Block Size 256.0 KB
      Current Block Size 1.0 MB
      Peak Allocated Bytes 1.0 MB
      Overflow Count 0
    [ALLOC_TEMP_Job.Worker 5]
      Initial Block Size 256.0 KB
      Current Block Size 1.0 MB
      Peak Allocated Bytes 1.0 MB
      Overflow Count 0
    [ALLOC_TEMP_ReadCacheIndex] x 2
      Initial Block Size 64.0 KB
      Current Block Size 64.0 KB
      Peak Allocated Bytes 0.7 KB
      Overflow Count 0
    [ALLOC_TEMP_EnlightenWorker] x 6
      Initial Block Size 64.0 KB
      Current Block Size 64.0 KB
      Peak Allocated Bytes 54 B
      Overflow Count 0
    [ALLOC_TEMP_DirMonitor]
      Initial Block Size 64.0 KB
      Current Block Size 64.0 KB
      Peak Allocated Bytes 2.9 KB
      Overflow Count 0
    [ALLOC_TEMP_Job.Worker 9]
      Initial Block Size 256.0 KB
      Current Block Size 1.0 MB
      Peak Allocated Bytes 1.0 MB
      Overflow Count 0
    [ALLOC_TEMP_Job.Worker 6]
      Initial Block Size 256.0 KB
      Current Block Size 1.0 MB
      Peak Allocated Bytes 1.0 MB
      Overflow Count 0
    [ALLOC_TEMP_BakingJobs.Worker 1]
      Initial Block Size 256.0 KB
      Current Block Size 256.0 KB
      Peak Allocated Bytes 0.6 KB
      Overflow Count 0
    [ALLOC_TEMP_Loading.AsyncRead]
      Initial Block Size 64.0 KB
      Current Block Size 64.0 KB
      Peak Allocated Bytes 128 B
      Overflow Count 0
    [ALLOC_TEMP_Background Job.Worker 10]
      Initial Block Size 32.0 KB
      Current Block Size 32.0 KB
      Peak Allocated Bytes 54 B
      Overflow Count 0
    [ALLOC_TEMP_Background Job.Worker 6]
      Initial Block Size 32.0 KB
      Current Block Size 32.0 KB
      Peak Allocated Bytes 54 B
      Overflow Count 0
    [ALLOC_TEMP_AUDIO_FMOD (WASAPI) feeder thread]
      Initial Block Size 64.0 KB
      Current Block Size 64.0 KB
      Peak Allocated Bytes 168 B
      Overflow Count 0
    [ALLOC_TEMP_Background Job.Worker 1]
      Initial Block Size 32.0 KB
      Current Block Size 32.0 KB
      Peak Allocated Bytes 213 B
      Overflow Count 0
    [ALLOC_TEMP_AUDIO_FMOD stream thread]
      Initial Block Size 64.0 KB
      Current Block Size 64.0 KB
      Peak Allocated Bytes 54 B
      Overflow Count 0
    [ALLOC_TEMP_BakingJobs.Worker 2]
      Initial Block Size 256.0 KB
      Current Block Size 256.0 KB
      Peak Allocated Bytes 54 B
      Overflow Count 0
    [ALLOC_TEMP_Background Job.Worker 7]
      Initial Block Size 32.0 KB
      Current Block Size 32.0 KB
      Peak Allocated Bytes 54 B
      Overflow Count 0
    [ALLOC_TEMP_Job.Worker 8]
      Initial Block Size 256.0 KB
      Current Block Size 1.0 MB
      Peak Allocated Bytes 1.0 MB
      Overflow Count 0
    [ALLOC_TEMP_Job.Worker 1]
      Initial Block Size 256.0 KB
      Current Block Size 1.0 MB
      Peak Allocated Bytes 1.0 MB
      Overflow Count 0
    [ALLOC_TEMP_BakingJobs.Worker 0]
      Initial Block Size 256.0 KB
      Current Block Size 256.0 KB
      Peak Allocated Bytes 54 B
      Overflow Count 0
    [ALLOC_TEMP_BakingJobs.Worker 3]
      Initial Block Size 256.0 KB
      Current Block Size 256.0 KB
      Peak Allocated Bytes 54 B
      Overflow Count 0
    [ALLOC_TEMP_EditorTaskManager]
      Initial Block Size 64.0 KB
      Current Block Size 68.0 KB
      Peak Allocated Bytes 64.0 KB
      Overflow Count 0
    [ALLOC_TEMP_Background Job.Worker 15]
      Initial Block Size 32.0 KB
      Current Block Size 32.0 KB
      Peak Allocated Bytes 54 B
      Overflow Count 0
    [ALLOC_TEMP_BakingJobs.Worker 4]
      Initial Block Size 256.0 KB
      Current Block Size 256.0 KB
      Peak Allocated Bytes 54 B
      Overflow Count 0
    [ALLOC_TEMP_Background Job.Worker 12]
      Initial Block Size 32.0 KB
      Current Block Size 32.0 KB
      Peak Allocated Bytes 54 B
      Overflow Count 0
    [ALLOC_TEMP_HTTP REST Server]
      Initial Block Size 64.0 KB
      Current Block Size 64.0 KB
      Peak Allocated Bytes 152 B
      Overflow Count 0
    [ALLOC_TEMP_AssetGarbageCollectorHelper] x 11
      Initial Block Size 64.0 KB
      Current Block Size 64.0 KB
      Peak Allocated Bytes 0 B
      Overflow Count 0
    [ALLOC_TEMP_Background Job.Worker 0]
      Initial Block Size 32.0 KB
      Current Block Size 32.0 KB
      Peak Allocated Bytes 54 B
      Overflow Count 0
    [ALLOC_TEMP_Background Job.Worker 4]
      Initial Block Size 32.0 KB
      Current Block Size 32.0 KB
      Peak Allocated Bytes 54 B
      Overflow Count 0
    [ALLOC_TEMP_Background Job.Worker 14]
      Initial Block Size 32.0 KB
      Current Block Size 32.0 KB
      Peak Allocated Bytes 54 B
      Overflow Count 0
    [ALLOC_TEMP_Job.Worker 7]
      Initial Block Size 256.0 KB
      Current Block Size 1.0 MB
      Peak Allocated Bytes 1.0 MB
      Overflow Count 0
    [ALLOC_TEMP_CloudJob.Worker 0]
      Initial Block Size 32.0 KB
      Current Block Size 32.0 KB
      Peak Allocated Bytes 4.6 KB
      Overflow Count 0
[ALLOC_MEMORYPROFILER]
  Peak usage frame count: [4.0 KB-8.0 KB]: 27703 frames, [8.0 KB-16.0 KB]: 1 frames
  Requested Block Size 1.0 MB
  Peak Block count 1
  Peak Allocated memory 9.6 KB
  Peak Large allocation bytes 0 B
[ALLOC_DEFAULT] Dual Thread Allocator
  Peak main deferred allocation count 1298
    [ALLOC_BUCKET]
      Large Block size 32.0 MB
      Used Block count 1
      Peak Allocated bytes 6.9 MB
    [ALLOC_DEFAULT_MAIN]
      Peak usage frame count: [32.0 MB-64.0 MB]: 27704 frames
      Requested Block Size 16.0 MB
      Peak Block count 3
      Peak Allocated memory 55.7 MB
      Peak Large allocation bytes 9.4 MB
    [ALLOC_DEFAULT_THREAD]
      Peak usage frame count: [4.0 MB-8.0 MB]: 27704 frames
      Requested Block Size 16.0 MB
      Peak Block count 1
      Peak Allocated memory 4.1 MB
      Peak Large allocation bytes 0 B
[ALLOC_TEMP_JOB_1_FRAME]
  Initial Block Size 2.0 MB
  Used Block Count 0
  Overflow Count (too large) 0
  Overflow Count (full) 0
[ALLOC_TEMP_JOB_2_FRAMES]
  Initial Block Size 2.0 MB
  Used Block Count 0
  Overflow Count (too large) 0
  Overflow Count (full) 0
[ALLOC_TEMP_JOB_4_FRAMES (JobTemp)]
  Initial Block Size 2.0 MB
  Used Block Count 1
  Overflow Count (too large) 0
  Overflow Count (full) 0
[ALLOC_TEMP_JOB_ASYNC (Background)]
  Initial Block Size 1.0 MB
  Used Block Count 1
  Overflow Count (too large) 0
  Overflow Count (full) 0
[ALLOC_GFX] Dual Thread Allocator
  Peak main deferred allocation count 0
    [ALLOC_BUCKET]
      Large Block size 32.0 MB
      Used Block count 1
      Peak Allocated bytes 6.9 MB
    [ALLOC_GFX_MAIN]
      Peak usage frame count: [4.0 MB-8.0 MB]: 27704 frames
      Requested Block Size 16.0 MB
      Peak Block count 1
      Peak Allocated memory 6.2 MB
      Peak Large allocation bytes 0 B
    [ALLOC_GFX_THREAD]
      Peak usage frame count: [0-1.0 KB]: 27704 frames
      Requested Block Size 16.0 MB
      Peak Block count 0
      Peak Allocated memory 0 B
      Peak Large allocation bytes 0 B
[ALLOC_CACHEOBJECTS] Dual Thread Allocator
  Peak main deferred allocation count 55
    [ALLOC_BUCKET]
      Large Block size 32.0 MB
      Used Block count 1
      Peak Allocated bytes 6.9 MB
    [ALLOC_CACHEOBJECTS_MAIN]
      Peak usage frame count: [8.0 MB-16.0 MB]: 27704 frames
      Requested Block Size 4.0 MB
      Peak Block count 2
      Peak Allocated memory 14.3 MB
      Peak Large allocation bytes 10.7 MB
    [ALLOC_CACHEOBJECTS_THREAD]
      Peak usage frame count: [1.0 KB-2.0 KB]: 27703 frames, [4.0 KB-8.0 KB]: 1 frames
      Requested Block Size 4.0 MB
      Peak Block count 1
      Peak Allocated memory 6.7 KB
      Peak Large allocation bytes 0 B
[ALLOC_TYPETREE] Dual Thread Allocator
  Peak main deferred allocation count 497
    [ALLOC_BUCKET]
      Large Block size 32.0 MB
      Used Block count 1
      Peak Allocated bytes 6.9 MB
    [ALLOC_TYPETREE_MAIN]
      Peak usage frame count: [64.0 KB-128.0 KB]: 27703 frames, [2.0 MB-4.0 MB]: 1 frames
      Requested Block Size 2.0 MB
      Peak Block count 2
      Peak Allocated memory 2.4 MB
      Peak Large allocation bytes 0 B
    [ALLOC_TYPETREE_THREAD]
      Peak usage frame count: [8.0 KB-16.0 KB]: 27704 frames
      Requested Block Size 2.0 MB
      Peak Block count 1
      Peak Allocated memory 12.5 KB
      Peak Large allocation bytes 0 B
[ALLOC_PROFILER]
  Peak usage frame count: [256.0 KB-0.5 MB]: 21288 frames, [0.5 MB-1.0 MB]: 6416 frames
  Requested Block Size 16.0 MB
  Peak Block count 1
  Peak Allocated memory 0.9 MB
  Peak Large allocation bytes 0 B
    [ALLOC_PROFILER_BUCKET]
      Large Block size 32.0 MB
      Used Block count 1
      Peak Allocated bytes 4.4 KB
[ALLOC_PROFILER_EDITOR]
  Peak usage frame count: [0-1.0 KB]: 27704 frames
  Requested Block Size 1.0 MB
  Peak Block count 0
  Peak Allocated memory 0 B
  Peak Large allocation bytes 0 B
    [ALLOC_PROFILER_BUCKET]
      Large Block size 32.0 MB
      Used Block count 1
      Peak Allocated bytes 4.4 KB
##utp:{"type":"MemoryLeaks","version":2,"phase":"Immediate","time":1791180467137,"processId":8912,"allocatedMemory":14691534,"memoryLabels":[{"Default":20335},{"Permanent":15615},{"NewDelete":81328},{"Thread":4229188},{"Manager":30929},{"VertexData":12},{"Geometry":560},{"Texture":480},{"Shader":68850},{"Material":24},{"GfxDevice":57048},{"Animation":296},{"Audio":3928},{"FontEngine":272},{"Physics":513},{"Serialization":948},{"Input":14744},{"JobScheduler":33824},{"Mono":40},{"ScriptingNativeRuntime":191848},{"BaseObject":1627276},{"Resource":1360},{"Renderer":2304},{"Transform":16},{"File":888},{"WebCam":96},{"Culling":40},{"Terrain":1137},{"Wind":24},{"STL":48},{"String":22460},{"DynamicArray":49498},{"HashMap":4629088},{"Utility":2662722},{"Curl":1424},{"PoolAlloc":1728},{"AI":104},{"TypeTree":5077},{"ScriptManager":640},{"RuntimeInitializeOnLoadManager":80},{"SpriteAtlas":128},{"GI":4072},{"Director":7960},{"CloudService":3040},{"WebRequest":688},{"VR":46081},{"SceneManager":568},{"Video":72},{"LazyScriptCache":40},{"NativeArray":12},{"Camera":25},{"Secure":1},{"Image":282624},{"SerializationCache":1584},{"APIUpdating":11872},{"Subsystems":392},{"VirtualTexturing":57896},{"StaticSafetyDebugInfo":327680},{"EditorGui":56},{"EditorUtility":19993},{"VersionControl":4},{"Undo":704},{"AssetDatabase":115422},{"RestService":1414},{"EditorGi":376},{"License":3584},{"UnityConnect":25344},{"Collab":593},{"Upm":7272},{"DrivenProperties":96},{"LocalIPC":276},{"ProfilerEditor":10943},{"CoreBusinessMetrics":3850},{"AssetReference":40},{"IPCStream":40}]}
