[Licensing::Module] Trying to connect to existing licensing client channel...
[Licensing::IpcConnector] Successfully connected to: "LicenseClient-kyung" at "2026-09-28T06:34:50.2737576Z"
[Licensing::Client] Code 10 while verifying Licensing Client signature (process Id: 8568, path: "C:/Program Files/Unity Hub/UnityLicensingClient_V1/Unity.Licensing.Client.exe")
[Licensing::Module] LicensingClient has failed validation; ignoring
[Licensing::Client] Handshaking with LicensingClient:
  Version:                 1.17.4+4293ba1
  Session Id:              d08b682061294cdb97c447cc2a20fd7f
  Correlation Id:          c1dd2fd0f9534e7495347515aa5dcb8f
  External correlation Id: 972400206015868439
  Machine Id:              sgq3U92oUHjAYY2K+5R//JWuJmw=
[Licensing::Module] Successfully connected to LicensingClient on channel: "LicenseClient-kyung" (connect: 0.00s, validation: 0.01s, handshake: 0.10s)
[Licensing::IpcConnector] Successfully connected to: "LicenseClient-kyung-notifications" at "2026-09-28T06:34:50.3833766Z"
[Licensing::Module] Error: Access token is unavailable; failed to update
[Licensing::Client] Successfully updated license
Built from '2022.3/respin/2022.3.62f2-4af31df585-v2' branch; Version is '2022.3.62f2 (7670c08855a9) revision 7762112'; Using compiler version '192829333'; Build Type 'Release'
OS: 'Windows 10  (10.0.19045) 64bit Core' Language: 'ko' Physical Memory: 24514 MB
[Licensing::Client] Successfully resolved entitlement details
[Licensing::Module] Serial number assigned to: "F4-6RG9-4KD6-T4HW-2SXE-XXXX"
[Licensing::Module] Serial number assigned to: "14568601583659-UnityPersXXXX"
BatchMode: 1, IsHumanControllingUs: 0, StartBugReporterOnCrash: 0, Is64bit: 1, IsPro: 0
[Licensing::Client] Successfully resolved entitlement details
[Licensing::Module] Serial number assigned to: "F4-6RG9-4KD6-T4HW-2SXE-XXXX"
[Licensing::Module] Serial number assigned to: "14568601583659-UnityPersXXXX"

COMMAND LINE ARGUMENTS:
C:\Program Files\Unity\Hub\Editor\2022.3.62f2\Editor\Unity.exe
-batchmode
-nographics
-projectPath
C:/RoguelikePrototype/tmp/turret-aim-regression
-executeMethod
TurretAimRegression.Run
-logFile
C:/RoguelikePrototype/output/turret-aim-check/native-unity.log
Successfully changed project path to: C:/RoguelikePrototype/tmp/turret-aim-regression
C:/RoguelikePrototype/tmp/turret-aim-regression
[UnityMemory] Configuration Parameters - Can be set up in boot.config
    "memorysetup-bucket-allocator-granularity=16"
    "memorysetup-bucket-allocator-bucket-count=8"
    "memorysetup-bucket-allocator-block-size=33554432"
    "memorysetup-bucket-allocator-block-count=8"
    "memorysetup-main-allocator-block-size=16777216"
    "memorysetup-thread-allocator-block-size=16777216"
    "memorysetup-gfx-main-allocator-block-size=16777216"
    "memorysetup-gfx-thread-allocator-block-size=16777216"
    "memorysetup-cache-allocator-block-size=4194304"
    "memorysetup-typetree-allocator-block-size=2097152"
    "memorysetup-profiler-bucket-allocator-granularity=16"
    "memorysetup-profiler-bucket-allocator-bucket-count=8"
    "memorysetup-profiler-bucket-allocator-block-size=33554432"
    "memorysetup-profiler-bucket-allocator-block-count=8"
    "memorysetup-profiler-allocator-block-size=16777216"
    "memorysetup-profiler-editor-allocator-block-size=1048576"
    "memorysetup-temp-allocator-size-main=16777216"
    "memorysetup-job-temp-allocator-block-size=2097152"
    "memorysetup-job-temp-allocator-block-size-background=1048576"
    "memorysetup-job-temp-allocator-reduction-small-platforms=262144"
    "memorysetup-allocator-temp-initial-block-size-main=262144"
    "memorysetup-allocator-temp-initial-block-size-worker=262144"
    "memorysetup-temp-allocator-size-background-worker=32768"
    "memorysetup-temp-allocator-size-job-worker=262144"
    "memorysetup-temp-allocator-size-preload-manager=33554432"
    "memorysetup-temp-allocator-size-nav-mesh-worker=65536"
    "memorysetup-temp-allocator-size-audio-worker=65536"
    "memorysetup-temp-allocator-size-cloud-worker=32768"
    "memorysetup-temp-allocator-size-gi-baking-worker=262144"
    "memorysetup-temp-allocator-size-gfx=262144"
Player connection [24264]  Target information:

Player connection [24264]  * "[IP] 192.168.0.14 [Port] 55505 [Flags] 2 [Guid] 2057090888 [EditorId] 2057090888 [Version] 1048832 [Id] WindowsEditor(7,DESKTOP-HR3SF2C) [Debug] 1 [PackageName] WindowsEditor [ProjectName] Editor" 

Player connection [24264] Host joined multi-casting on [225.0.0.222:54997]...
Player connection [24264] Host joined alternative multi-casting on [225.0.0.222:34997]...
Input System module state changed to: Initialized.
[PhysX] Initialized MultithreadedTaskDispatcher with 12 workers.
[Package Manager] UpmClient::Connect -- Connected to IPC stream "Upm-27848" after 0.6 seconds.
Rebuilding Library because the asset database could not be found!
[Package Manager] Done resolving packages in 0.99 seconds
[Licensing::Client] Successfully resolved entitlement details
[Package Manager] Lock file was created
[Package Manager] Registered 32 packages:
  Built-in packages:
    com.unity.modules.director@1.0.0 (location: C:\RoguelikePrototype\tmp\turret-aim-regression\Library\PackageCache\com.unity.modules.director@1.0.0)
    com.unity.modules.imgui@1.0.0 (location: C:\RoguelikePrototype\tmp\turret-aim-regression\Library\PackageCache\com.unity.modules.imgui@1.0.0)
    com.unity.modules.terrainphysics@1.0.0 (location: C:\RoguelikePrototype\tmp\turret-aim-regression\Library\PackageCache\com.unity.modules.terrainphysics@1.0.0)
    com.unity.modules.animation@1.0.0 (location: C:\RoguelikePrototype\tmp\turret-aim-regression\Library\PackageCache\com.unity.modules.animation@1.0.0)
    com.unity.modules.unitywebrequestwww@1.0.0 (location: C:\RoguelikePrototype\tmp\turret-aim-regression\Library\PackageCache\com.unity.modules.unitywebrequestwww@1.0.0)
    com.unity.modules.vehicles@1.0.0 (location: C:\RoguelikePrototype\tmp\turret-aim-regression\Library\PackageCache\com.unity.modules.vehicles@1.0.0)
    com.unity.modules.xr@1.0.0 (location: C:\RoguelikePrototype\tmp\turret-aim-regression\Library\PackageCache\com.unity.modules.xr@1.0.0)
    com.unity.modules.particlesystem@1.0.0 (location: C:\RoguelikePrototype\tmp\turret-aim-regression\Library\PackageCache\com.unity.modules.particlesystem@1.0.0)
    com.unity.modules.vr@1.0.0 (location: C:\RoguelikePrototype\tmp\turret-aim-regression\Library\PackageCache\com.unity.modules.vr@1.0.0)
    com.unity.modules.unitywebrequestassetbundle@1.0.0 (location: C:\RoguelikePrototype\tmp\turret-aim-regression\Library\PackageCache\com.unity.modules.unitywebrequestassetbundle@1.0.0)
    com.unity.modules.assetbundle@1.0.0 (location: C:\RoguelikePrototype\tmp\turret-aim-regression\Library\PackageCache\com.unity.modules.assetbundle@1.0.0)
    com.unity.modules.physics@1.0.0 (location: C:\RoguelikePrototype\tmp\turret-aim-regression\Library\PackageCache\com.unity.modules.physics@1.0.0)
    com.unity.modules.unityanalytics@1.0.0 (location: C:\RoguelikePrototype\tmp\turret-aim-regression\Library\PackageCache\com.unity.modules.unityanalytics@1.0.0)
    com.unity.modules.imageconversion@1.0.0 (location: C:\RoguelikePrototype\tmp\turret-aim-regression\Library\PackageCache\com.unity.modules.imageconversion@1.0.0)
    com.unity.modules.ai@1.0.0 (location: C:\RoguelikePrototype\tmp\turret-aim-regression\Library\PackageCache\com.unity.modules.ai@1.0.0)
    com.unity.modules.androidjni@1.0.0 (location: C:\RoguelikePrototype\tmp\turret-aim-regression\Library\PackageCache\com.unity.modules.androidjni@1.0.0)
    com.unity.modules.ui@1.0.0 (location: C:\RoguelikePrototype\tmp\turret-aim-regression\Library\PackageCache\com.unity.modules.ui@1.0.0)
    com.unity.modules.unitywebrequesttexture@1.0.0 (location: C:\RoguelikePrototype\tmp\turret-aim-regression\Library\PackageCache\com.unity.modules.unitywebrequesttexture@1.0.0)
    com.unity.modules.wind@1.0.0 (location: C:\RoguelikePrototype\tmp\turret-aim-regression\Library\PackageCache\com.unity.modules.wind@1.0.0)
    com.unity.modules.uielements@1.0.0 (location: C:\RoguelikePrototype\tmp\turret-aim-regression\Library\PackageCache\com.unity.modules.uielements@1.0.0)
    com.unity.modules.unitywebrequest@1.0.0 (location: C:\RoguelikePrototype\tmp\turret-aim-regression\Library\PackageCache\com.unity.modules.unitywebrequest@1.0.0)
    com.unity.modules.terrain@1.0.0 (location: C:\RoguelikePrototype\tmp\turret-aim-regression\Library\PackageCache\com.unity.modules.terrain@1.0.0)
    com.unity.modules.screencapture@1.0.0 (location: C:\RoguelikePrototype\tmp\turret-aim-regression\Library\PackageCache\com.unity.modules.screencapture@1.0.0)
    com.unity.modules.unitywebrequestaudio@1.0.0 (location: C:\RoguelikePrototype\tmp\turret-aim-regression\Library\PackageCache\com.unity.modules.unitywebrequestaudio@1.0.0)
    com.unity.modules.jsonserialize@1.0.0 (location: C:\RoguelikePrototype\tmp\turret-aim-regression\Library\PackageCache\com.unity.modules.jsonserialize@1.0.0)
    com.unity.modules.video@1.0.0 (location: C:\RoguelikePrototype\tmp\turret-aim-regression\Library\PackageCache\com.unity.modules.video@1.0.0)
    com.unity.modules.tilemap@1.0.0 (location: C:\RoguelikePrototype\tmp\turret-aim-regression\Library\PackageCache\com.unity.modules.tilemap@1.0.0)
    com.unity.modules.cloth@1.0.0 (location: C:\RoguelikePrototype\tmp\turret-aim-regression\Library\PackageCache\com.unity.modules.cloth@1.0.0)
    com.unity.modules.umbra@1.0.0 (location: C:\RoguelikePrototype\tmp\turret-aim-regression\Library\PackageCache\com.unity.modules.umbra@1.0.0)
    com.unity.modules.physics2d@1.0.0 (location: C:\RoguelikePrototype\tmp\turret-aim-regression\Library\PackageCache\com.unity.modules.physics2d@1.0.0)
    com.unity.modules.audio@1.0.0 (location: C:\RoguelikePrototype\tmp\turret-aim-regression\Library\PackageCache\com.unity.modules.audio@1.0.0)
    com.unity.modules.subsystems@1.0.0 (location: C:\RoguelikePrototype\tmp\turret-aim-regression\Library\PackageCache\com.unity.modules.subsystems@1.0.0)
[Subsystems] No new subsystems found in resolved package list.
Package Manager log level set to [2]
[Package Manager] Done registering packages in 0.13 seconds
Refreshing native plugins compatible for Editor in 0.00 ms, found 0 plugins.
Preloading 0 native plugins for Editor in 0.00 ms.
Initialize engine version: 2022.3.62f2 (7670c08855a9)
[Subsystems] Discovering subsystems at path C:/Program Files/Unity/Hub/Editor/2022.3.62f2/Editor/Data/Resources/UnitySubsystems
[Subsystems] Discovering subsystems at path C:/RoguelikePrototype/tmp/turret-aim-regression/Assets
Forcing GfxDevice: Null
GfxDevice: creating device client; threaded=0; jobified=0
NullGfxDevice:
    Version:  NULL 1.0 [1.0]
    Renderer: Null Device
    Vendor:   Unity Technologies
[Licensing::Client] Successfully resolved entitlement details
[Licensing::Module] Serial number assigned to: "F4-6RG9-4KD6-T4HW-2SXE-XXXX"
[Licensing::Module] Serial number assigned to: "14568601583659-UnityPersXXXX"
Initialize mono
Mono path[0] = 'C:/Program Files/Unity/Hub/Editor/2022.3.62f2/Editor/Data/Managed'
Mono path[1] = 'C:/Program Files/Unity/Hub/Editor/2022.3.62f2/Editor/Data/MonoBleedingEdge/lib/mono/unityjit-win32'
Mono config path = 'C:/Program Files/Unity/Hub/Editor/2022.3.62f2/Editor/Data/MonoBleedingEdge/etc'
Using monoOptions --debugger-agent=transport=dt_socket,embedding=1,server=y,suspend=n,address=127.0.0.1:56848
Using cacheserver namespaces - metadata:defaultmetadata, artifacts:defaultartifacts
Using cacheserver namespaces - metadata:defaultmetadata, artifacts:defaultartifacts
ImportWorker Server TCP listen port: 0
Begin MonoManager ReloadAssembly
Registering precompiled unity dll's ...
Register platform support module: C:/Program Files/Unity/Hub/Editor/2022.3.62f2/Editor/Data/PlaybackEngines/WindowsStandaloneSupport/UnityEditor.WindowsStandalone.Extensions.dll
Registered in 0.011521 seconds.
- Loaded All Assemblies, in  1.086 seconds
Native extension for WindowsStandalone target not found
Mono: successfully reloaded assembly
- Finished resetting the current domain, in  0.335 seconds
Domain Reload Profiling: 1419ms
	BeginReloadAssembly (128ms)
		ExecutionOrderSort (0ms)
		DisableScriptedObjects (0ms)
		BackupInstance (0ms)
		ReleaseScriptingObjects (0ms)
		CreateAndSetChildDomain (1ms)
	RebuildCommonClasses (199ms)
	RebuildNativeTypeToScriptingClass (12ms)
	initialDomainReloadingComplete (71ms)
	LoadAllAssembliesAndSetupDomain (673ms)
		LoadAssemblies (122ms)
		RebuildTransferFunctionScriptingTraits (0ms)
		AnalyzeDomain (671ms)
			TypeCache.Refresh (669ms)
				TypeCache.ScanAssembly (653ms)
			ScanForSourceGeneratedMonoScriptInfo (0ms)
			ResolveRequiredComponents (1ms)
	FinalizeReload (336ms)
		ReleaseScriptCaches (0ms)
		RebuildScriptCaches (0ms)
		SetupLoadedEditorAssemblies (281ms)
			LogAssemblyErrors (0ms)
			InitializePlatformSupportModulesInManaged (14ms)
			SetLoadedEditorAssemblies (10ms)
			RefreshPlugins (0ms)
			BeforeProcessingInitializeOnLoad (2ms)
			ProcessInitializeOnLoadAttributes (200ms)
			ProcessInitializeOnLoadMethodAttributes (54ms)
			AfterProcessingInitializeOnLoad (0ms)
			EditorAssembliesLoaded (0ms)
		ExecutionOrderSort2 (0ms)
		AwakeInstancesAfterBackupRestoration (0ms)
[Licensing::Client] Successfully resolved entitlement details
[Licensing::Module] Serial number assigned to: "F4-6RG9-4KD6-T4HW-2SXE-XXXX"
[Licensing::Module] Serial number assigned to: "14568601583659-UnityPersXXXX"
Application.AssetDatabase Initial Refresh Start
[API Updater] Processing imported assemblies took 73 ms (2/2 assembly(ies)).
Filename: C:\Program Files\Unity\Hub\Editor\2022.3.62f2\Editor\Data\NetCoreRuntime\dotnet.exe
Arguments: "C:/Program Files/Unity/Hub/Editor/2022.3.62f2/Editor/Data/Tools/ScriptUpdater/AssemblyUpdater.exe" update -a "Assets/Plugins/UnityEngine.UI.dll" --output "C:/Users/kyung/AppData/Local/Temp/tmp55fafb0f.tmp" --api-version 2022.3.62f2  -s "C:\Program Files\Unity\Hub\Editor\2022.3.62f2\Editor\Data\NetStandard\ref\2.1.0;C:\Program Files\Unity\Hub\Editor\2022.3.62f2\Editor\Data\NetStandard\compat\2.1.0\shims\netstandard;C:\Program Files\Unity\Hub\Editor\2022.3.62f2\Editor\Data\NetStandard\compat\2.1.0\shims\netfx;+C:/RoguelikePrototype/tmp/turret-aim-regression/Assets;+C:\RoguelikePrototype\tmp\turret-aim-regression\Library\PackageCache\com.unity.modules.director@1.0.0;+C:\RoguelikePrototype\tmp\turret-aim-regression\Library\PackageCache\com.unity.modules.imgui@1.0.0;+C:\RoguelikePrototype\tmp\turret-aim-regression\Library\PackageCache\com.unity.modules.terrainphysics@1.0.0;+C:\RoguelikePrototype\tmp\turret-aim-regression\Library\PackageCache\com.unity.modules.animation@1.0.0;+C:\RoguelikePrototype\tmp\turret-aim-regression\Library\PackageCache\com.unity.modules.unitywebrequestwww@1.0.0;+C:\RoguelikePrototype\tmp\turret-aim-regression\Library\PackageCache\com.unity.modules.vehicles@1.0.0;+C:\RoguelikePrototype\tmp\turret-aim-regression\Library\PackageCache\com.unity.modules.xr@1.0.0;+C:\RoguelikePrototype\tmp\turret-aim-regression\Library\PackageCache\com.unity.modules.particlesystem@1.0.0;+C:\RoguelikePrototype\tmp\turret-aim-regression\Library\PackageCache\com.unity.modules.vr@1.0.0;+C:\RoguelikePrototype\tmp\turret-aim-regression\Library\PackageCache\com.unity.modules.unitywebrequestassetbundle@1.0.0;+C:\RoguelikePrototype\tmp\turret-aim-regression\Library\PackageCache\com.unity.modules.assetbundle@1.0.0;+C:\RoguelikePrototype\tmp\turret-aim-regression\Library\PackageCache\com.unity.modules.physics@1.0.0;+C:\RoguelikePrototype\tmp\turret-aim-regression\Library\PackageCache\com.unity.modules.unityanalytics@1.0.0;+C:\RoguelikePrototype\tmp\turret-aim-regression\Library\PackageCache\com.unity.modules.imageconversion@1.0.0;+C:\RoguelikePrototype\tmp\turret-aim-regression\Library\PackageCache\com.unity.modules.ai@1.0.0;+C:\RoguelikePrototype\tmp\turret-aim-regression\Library\PackageCache\com.unity.modules.androidjni@1.0.0;+C:\RoguelikePrototype\tmp\turret-aim-regression\Library\PackageCache\com.unity.modules.ui@1.0.0;+C:\RoguelikePrototype\tmp\turret-aim-regression\Library\PackageCache\com.unity.modules.unitywebrequesttexture@1.0.0;+C:\RoguelikePrototype\tmp\turret-aim-regression\Library\PackageCache\com.unity.modules.wind@1.0.0;+C:\RoguelikePrototype\tmp\turret-aim-regression\Library\PackageCache\com.unity.modules.uielements@1.0.0;+C:\RoguelikePrototype\tmp\turret-aim-regression\Library\PackageCache\com.unity.modules.unitywebrequest@1.0.0;+C:\RoguelikePrototype\tmp\turret-aim-regression\Library\PackageCache\com.unity.modules.terrain@1.0.0;+C:\RoguelikePrototype\tmp\turret-aim-regression\Library\PackageCache\com.unity.modules.screencapture@1.0.0;+C:\RoguelikePrototype\tmp\turret-aim-regression\Library\PackageCache\com.unity.modules.unitywebrequestaudio@1.0.0;+C:\RoguelikePrototype\tmp\turret-aim-regression\Library\PackageCache\com.unity.modules.jsonserialize@1.0.0;+C:\RoguelikePrototype\tmp\turret-aim-regression\Library\PackageCache\com.unity.modules.video@1.0.0;+C:\RoguelikePrototype\tmp\turret-aim-regression\Library\PackageCache\com.unity.modules.tilemap@1.0.0;+C:\RoguelikePrototype\tmp\turret-aim-regression\Library\PackageCache\com.unity.modules.cloth@1.0.0;+C:\RoguelikePrototype\tmp\turret-aim-regression\Library\PackageCache\com.unity.modules.umbra@1.0.0;+C:\RoguelikePrototype\tmp\turret-aim-regression\Library\PackageCache\com.unity.modules.physics2d@1.0.0;+C:\RoguelikePrototype\tmp\turret-aim-regression\Library\PackageCache\com.unity.modules.audio@1.0.0;+C:\RoguelikePrototype\tmp\turret-aim-regression\Library\PackageCache\com.unity.modules.subsystems@1.0.0;+C:\Program Files\Unity\Hub\Editor\2022.3.62f2\Editor\Data\Managed\UnityEngine" "C:/Program Files/Unity/Hub/Editor/2022.3.62f2/Editor/Data/Managed/UnityEngine/UnityEngine.CoreModule.dll" "C:/Program Files/Unity/Hub/Editor/2022.3.62f2/Editor/Data/Managed/UnityEngine/UnityEngine.UIModule.dll" "C:/Program Files/Unity/Hub/Editor/2022.3.62f2/Editor/Data/Managed/UnityEngine/UnityEngine.TextRenderingModule.dll" "C:/Program Files/Unity/Hub/Editor/2022.3.62f2/Editor/Data/Managed/UnityEngine/UnityEngine.PhysicsModule.dll" "C:/Program Files/Unity/Hub/Editor/2022.3.62f2/Editor/Data/Managed/UnityEngine/UnityEngine.Physics2DModule.dll" "C:/Program Files/Unity/Hub/Editor/2022.3.62f2/Editor/Data/Managed/UnityEngine/UnityEngine.IMGUIModule.dll" "C:/Program Files/Unity/Hub/Editor/2022.3.62f2/Editor/Data/Managed/UnityEngine/UnityEngine.AnimationModule.dll" "C:/Program Files/Unity/Hub/Editor/2022.3.62f2/Editor/Data/Managed/UnityEngine/UnityEngine.UIElementsModule.dll" "C:/Program Files/Unity/Hub/Editor/2022.3.62f2/Editor/Data/Managed/UnityEngine/UnityEngine.InputLegacyModule.dll" "C:/Program Files/Unity/Hub/Editor/2022.3.62f2/Editor/Data/Managed/UnityEngine/UnityEditor.CoreModule.dll" "C:/Program Files/Unity/Hub/Editor/2022.3.62f2/Editor/Data/Managed/UnityEngine/UnityEngine.TilemapModule.dll" "C:/Program Files/Unity/Hub/Editor/2022.3.62f2/Editor/Data/Managed/UnityEngine/UnityEngine.SpriteShapeModule.dll"
Filename: C:\Program Files\Unity\Hub\Editor\2022.3.62f2\Editor\Data\NetCoreRuntime\dotnet.exe
Arguments: "C:/Program Files/Unity/Hub/Editor/2022.3.62f2/Editor/Data/Tools/ScriptUpdater/AssemblyUpdater.exe" update -a "Assets/Plugins/Unity.InputSystem.dll" --output "C:/Users/kyung/AppData/Local/Temp/tmpfe685aa.tmp" --api-version 2022.3.62f2  -s "C:\Program Files\Unity\Hub\Editor\2022.3.62f2\Editor\Data\NetStandard\ref\2.1.0;C:\Program Files\Unity\Hub\Editor\2022.3.62f2\Editor\Data\NetStandard\compat\2.1.0\shims\netstandard;C:\Program Files\Unity\Hub\Editor\2022.3.62f2\Editor\Data\NetStandard\compat\2.1.0\shims\netfx;+C:/RoguelikePrototype/tmp/turret-aim-regression/Assets;+C:\RoguelikePrototype\tmp\turret-aim-regression\Library\PackageCache\com.unity.modules.director@1.0.0;+C:\RoguelikePrototype\tmp\turret-aim-regression\Library\PackageCache\com.unity.modules.imgui@1.0.0;+C:\RoguelikePrototype\tmp\turret-aim-regression\Library\PackageCache\com.unity.modules.terrainphysics@1.0.0;+C:\RoguelikePrototype\tmp\turret-aim-regression\Library\PackageCache\com.unity.modules.animation@1.0.0;+C:\RoguelikePrototype\tmp\turret-aim-regression\Library\PackageCache\com.unity.modules.unitywebrequestwww@1.0.0;+C:\RoguelikePrototype\tmp\turret-aim-regression\Library\PackageCache\com.unity.modules.vehicles@1.0.0;+C:\RoguelikePrototype\tmp\turret-aim-regression\Library\PackageCache\com.unity.modules.xr@1.0.0;+C:\RoguelikePrototype\tmp\turret-aim-regression\Library\PackageCache\com.unity.modules.particlesystem@1.0.0;+C:\RoguelikePrototype\tmp\turret-aim-regression\Library\PackageCache\com.unity.modules.vr@1.0.0;+C:\RoguelikePrototype\tmp\turret-aim-regression\Library\PackageCache\com.unity.modules.unitywebrequestassetbundle@1.0.0;+C:\RoguelikePrototype\tmp\turret-aim-regression\Library\PackageCache\com.unity.modules.assetbundle@1.0.0;+C:\RoguelikePrototype\tmp\turret-aim-regression\Library\PackageCache\com.unity.modules.physics@1.0.0;+C:\RoguelikePrototype\tmp\turret-aim-regression\Library\PackageCache\com.unity.modules.unityanalytics@1.0.0;+C:\RoguelikePrototype\tmp\turret-aim-regression\Library\PackageCache\com.unity.modules.imageconversion@1.0.0;+C:\RoguelikePrototype\tmp\turret-aim-regression\Library\PackageCache\com.unity.modules.ai@1.0.0;+C:\RoguelikePrototype\tmp\turret-aim-regression\Library\PackageCache\com.unity.modules.androidjni@1.0.0;+C:\RoguelikePrototype\tmp\turret-aim-regression\Library\PackageCache\com.unity.modules.ui@1.0.0;+C:\RoguelikePrototype\tmp\turret-aim-regression\Library\PackageCache\com.unity.modules.unitywebrequesttexture@1.0.0;+C:\RoguelikePrototype\tmp\turret-aim-regression\Library\PackageCache\com.unity.modules.wind@1.0.0;+C:\RoguelikePrototype\tmp\turret-aim-regression\Library\PackageCache\com.unity.modules.uielements@1.0.0;+C:\RoguelikePrototype\tmp\turret-aim-regression\Library\PackageCache\com.unity.modules.unitywebrequest@1.0.0;+C:\RoguelikePrototype\tmp\turret-aim-regression\Library\PackageCache\com.unity.modules.terrain@1.0.0;+C:\RoguelikePrototype\tmp\turret-aim-regression\Library\PackageCache\com.unity.modules.screencapture@1.0.0;+C:\RoguelikePrototype\tmp\turret-aim-regression\Library\PackageCache\com.unity.modules.unitywebrequestaudio@1.0.0;+C:\RoguelikePrototype\tmp\turret-aim-regression\Library\PackageCache\com.unity.modules.jsonserialize@1.0.0;+C:\RoguelikePrototype\tmp\turret-aim-regression\Library\PackageCache\com.unity.modules.video@1.0.0;+C:\RoguelikePrototype\tmp\turret-aim-regression\Library\PackageCache\com.unity.modules.tilemap@1.0.0;+C:\RoguelikePrototype\tmp\turret-aim-regression\Library\PackageCache\com.unity.modules.cloth@1.0.0;+C:\RoguelikePrototype\tmp\turret-aim-regression\Library\PackageCache\com.unity.modules.umbra@1.0.0;+C:\RoguelikePrototype\tmp\turret-aim-regression\Library\PackageCache\com.unity.modules.physics2d@1.0.0;+C:\RoguelikePrototype\tmp\turret-aim-regression\Library\PackageCache\com.unity.modules.audio@1.0.0;+C:\RoguelikePrototype\tmp\turret-aim-regression\Library\PackageCache\com.unity.modules.subsystems@1.0.0;+C:\Program Files\Unity\Hub\Editor\2022.3.62f2\Editor\Data\Managed\UnityEngine;+C:\RoguelikePrototype\tmp\turret-aim-regression\Assets\Plugins" "C:/Program Files/Unity/Hub/Editor/2022.3.62f2/Editor/Data/Managed/UnityEngine/UnityEngine.CoreModule.dll" "C:/Program Files/Unity/Hub/Editor/2022.3.62f2/Editor/Data/Managed/UnityEngine/UnityEditor.CoreModule.dll" "C:/Program Files/Unity/Hub/Editor/2022.3.62f2/Editor/Data/Managed/UnityEngine/UnityEngine.IMGUIModule.dll" "C:/Program Files/Unity/Hub/Editor/2022.3.62f2/Editor/Data/Managed/UnityEngine/UnityEngine.XRModule.dll" "C:/RoguelikePrototype/tmp/turret-aim-regression/Assets/Plugins/UnityEngine.UI.dll" "C:/Program Files/Unity/Hub/Editor/2022.3.62f2/Editor/Data/Managed/UnityEngine/UnityEngine.UIModule.dll" "C:/Program Files/Unity/Hub/Editor/2022.3.62f2/Editor/Data/Managed/UnityEngine/UnityEngine.PhysicsModule.dll" "C:/Program Files/Unity/Hub/Editor/2022.3.62f2/Editor/Data/Managed/UnityEngine/UnityEngine.Physics2DModule.dll" "C:/Program Files/Unity/Hub/Editor/2022.3.62f2/Editor/Data/Managed/UnityEngine/UnityEditor.DeviceSimulatorModule.dll" "C:/Program Files/Unity/Hub/Editor/2022.3.62f2/Editor/Data/Managed/UnityEngine/UnityEngine.UIElementsModule.dll" "C:/Program Files/Unity/Hub/Editor/2022.3.62f2/Editor/Data/Managed/UnityEngine/UnityEngine.TextRenderingModule.dll" "C:/Program Files/Unity/Hub/Editor/2022.3.62f2/Editor/Data/Managed/UnityEngine/UnityEditor.QuickSearchModule.dll" "C:/Program Files/Unity/Hub/Editor/2022.3.62f2/Editor/Data/Managed/UnityEngine/UnityEngine.InputModule.dll" "C:/Program Files/Unity/Hub/Editor/2022.3.62f2/Editor/Data/Managed/UnityEngine/UnityEngine.JSONSerializeModule.dll" "C:/Program Files/Unity/Hub/Editor/2022.3.62f2/Editor/Data/Managed/UnityEngine/UnityEngine.VRModule.dll" "C:/Program Files/Unity/Hub/Editor/2022.3.62f2/Editor/Data/Managed/UnityEngine/UnityEngine.UnityAnalyticsModule.dll"
[API Updater] Assemblies not requiring updates:
[API Updater] Assets/Plugins/UnityEngine.UI.dll
[API Updater] Assets/Plugins/Unity.InputSystem.dll
[API Updater] Update finished with success in 7165 ms (0/2 assembly(ies) updated).
Assembly Updater Post Process Assets time: 7.242679s
[ScriptCompilation] Requested script compilation because: Assetdatabase observed changes in script compilation related files
Starting: C:\Program Files\Unity\Hub\Editor\2022.3.62f2\Editor\Data\bee_backend.exe --ipc --defer-dag-verification --dagfile="Library/Bee/1900b0aE.dag" --continue-on-failure --profile="Library/Bee/backend1.traceevents" ScriptAssemblies
WorkingDir: C:/RoguelikePrototype/tmp/turret-aim-regression
ExitCode: 4 Duration: 0s46ms
[             ] Require frontend run.  Library/Bee/1900b0aE.dag couldn't be loaded
DisplayProgressbar: Compiling Scripts
Starting: C:\Program Files\Unity\Hub\Editor\2022.3.62f2\Editor\Data\Tools\netcorerun\netcorerun.exe "C:\Program Files\Unity\Hub\Editor\2022.3.62f2\Editor\Data\Tools\BuildPipeline\ScriptCompilationBuildProgram.exe" "Library/Bee/1900b0aE.dag.json" "Library/Bee/1900b0aE-inputdata.json" "Library\Bee\buildprogram0.traceevents"
WorkingDir: C:/RoguelikePrototype/tmp/turret-aim-regression
ExitCode: 0 Duration: 1s285ms
Starting: C:\Program Files\Unity\Hub\Editor\2022.3.62f2\Editor\Data\bee_backend.exe --ipc --defer-dag-verification --dagfile="Library/Bee/1900b0aE.dag" --continue-on-failure --dagfilejson="Library\Bee\1900b0aE.dag.json" --profile="Library/Bee/backend2.traceevents" ScriptAssemblies
WorkingDir: C:/RoguelikePrototype/tmp/turret-aim-regression
ExitCode: 0 Duration: 3s371ms
Finished compiling graph: 108 nodes, 400 flattened edges (390 ToBuild, 4 ToUse), maximum node priority 18
[  1/105    0s] MovedFromExtractor Library/Bee/artifacts/mvdfrm/UnityEditor.dll_AF5430CAE4054CBF.mvfrm
[  2/105    0s] MovedFromExtractor Library/Bee/artifacts/mvdfrm/UnityEditor.PresetsUIModule.dll_8543097247A90CF5.mvfrm
[  3/105    0s] MovedFromExtractor Library/Bee/artifacts/mvdfrm/UnityEngine.UI.dll_05B411FCEDCC647C.mvfrm
[  4/105    0s] MovedFromExtractor Library/Bee/artifacts/mvdfrm/UnityEngine.XRModule.dll_7D16F083FF860F0C.mvfrm
[  5/105    0s] MovedFromExtractor Library/Bee/artifacts/mvdfrm/UnityEditor.DiagnosticsModule.dll_D3157FC3BA269E39.mvfrm
[  6/105    0s] MovedFromExtractor Library/Bee/artifacts/mvdfrm/UnityEngine.WindModule.dll_9A8D5C0CBD71148A.mvfrm
[  7/105    0s] MovedFromExtractor Library/Bee/artifacts/mvdfrm/UnityEditor.GraphViewModule.dll_C9DCD0904550B4F0.mvfrm
[  8/105    0s] MovedFromExtractor Library/Bee/artifacts/mvdfrm/UnityEditor.SceneTemplateModule.dll_D4FBE168724DBF53.mvfrm
[  9/105    0s] MovedFromExtractor Library/Bee/artifacts/mvdfrm/UnityEditor.EditorToolbarModule.dll_B15C70AA7361151B.mvfrm
[ 10/105    0s] MovedFromExtractor Library/Bee/artifacts/mvdfrm/UnityEditor.DeviceSimulatorModule.dll_4A0436B5E1CE8EAB.mvfrm
[ 11/105    0s] MovedFromExtractor Library/Bee/artifacts/mvdfrm/UnityEditor.QuickSearchModule.dll_5E2500D112FD9A92.mvfrm
[ 12/105    0s] MovedFromExtractor Library/Bee/artifacts/mvdfrm/UnityEditor.CoreModule.dll_011DAD9184352AF6.mvfrm
[ 13/105    0s] MovedFromExtractor Library/Bee/artifacts/mvdfrm/UnityEngine.UnityCurlModule.dll_CB7EEDEA8FC17B83.mvfrm
[ 14/105    0s] MovedFromExtractor Library/Bee/artifacts/mvdfrm/UnityEngine.VehiclesModule.dll_EBE5AA5B4270B419.mvfrm
[ 15/105    0s] MovedFromExtractor Library/Bee/artifacts/mvdfrm/UnityEngine.VirtualTexturingModule.dll_0D696CA1E6B3917F.mvfrm
[ 16/105    0s] MovedFromExtractor Library/Bee/artifacts/mvdfrm/UnityEngine.VideoModule.dll_113127F2BB33B0AD.mvfrm
[ 17/105    0s] MovedFromExtractor Library/Bee/artifacts/mvdfrm/UnityEngine.VFXModule.dll_DF5D55E834580CDA.mvfrm
[ 18/105    0s] MovedFromExtractor Library/Bee/artifacts/mvdfrm/UnityEngine.VRModule.dll_4A582D7F764BC1AE.mvfrm
[ 19/105    0s] MovedFromExtractor Library/Bee/artifacts/mvdfrm/UnityEngine.UnityWebRequestTextureModule.dll_C1A9E7EEBDE3EB4D.mvfrm
[ 20/105    0s] MovedFromExtractor Library/Bee/artifacts/mvdfrm/UnityEngine.UnityWebRequestModule.dll_CD41FE81DEA2EEA2.mvfrm
[ 21/105    0s] MovedFromExtractor Library/Bee/artifacts/mvdfrm/UnityEngine.UnityWebRequestWWWModule.dll_B8C7E33FD575A409.mvfrm
[ 22/105    0s] MovedFromExtractor Library/Bee/artifacts/mvdfrm/UnityEngine.UnityWebRequestAudioModule.dll_E0ECEE747B295678.mvfrm
[ 23/105    0s] MovedFromExtractor Library/Bee/artifacts/mvdfrm/UnityEngine.UnityWebRequestAssetBundleModule.dll_2FC707824843FAF4.mvfrm
[ 24/105    0s] MovedFromExtractor Library/Bee/artifacts/mvdfrm/UnityEngine.UnityTestProtocolModule.dll_DFD8257973D85171.mvfrm
[ 25/105    0s] MovedFromExtractor Library/Bee/artifacts/mvdfrm/UnityEngine.UnityAnalyticsCommonModule.dll_042F57DA0EA72A3E.mvfrm
[ 26/105    0s] MovedFromExtractor Library/Bee/artifacts/mvdfrm/UnityEngine.UnityConnectModule.dll_E3093A5ABE915557.mvfrm
[ 27/105    0s] MovedFromExtractor Library/Bee/artifacts/mvdfrm/Unity.InputSystem.dll_5E2943686566B70B.mvfrm
[ 28/105    0s] MovedFromExtractor Library/Bee/artifacts/mvdfrm/UnityEngine.UnityAnalyticsModule.dll_808726C92656A5E3.mvfrm
[ 29/105    0s] MovedFromExtractor Library/Bee/artifacts/mvdfrm/UnityEngine.UmbraModule.dll_66FC4FA085C8407B.mvfrm
[ 30/105    0s] MovedFromExtractor Library/Bee/artifacts/mvdfrm/UnityEngine.UIModule.dll_F78606F9D4913C36.mvfrm
[ 31/105    0s] MovedFromExtractor Library/Bee/artifacts/mvdfrm/UnityEngine.TLSModule.dll_5E7EBD795DEAA36D.mvfrm
[ 32/105    0s] MovedFromExtractor Library/Bee/artifacts/mvdfrm/UnityEngine.TilemapModule.dll_64F5054665A4DAD0.mvfrm
[ 33/105    0s] MovedFromExtractor Library/Bee/artifacts/mvdfrm/UnityEngine.TextCoreTextEngineModule.dll_EE059DE3E5B5E79D.mvfrm
[ 34/105    0s] MovedFromExtractor Library/Bee/artifacts/mvdfrm/UnityEngine.UIElementsModule.dll_DB1E9FD539EEEBBD.mvfrm
[ 35/105    0s] MovedFromExtractor Library/Bee/artifacts/mvdfrm/UnityEngine.TextRenderingModule.dll_AADFF5CB3DA2F3D1.mvfrm
[ 36/105    0s] MovedFromExtractor Library/Bee/artifacts/mvdfrm/UnityEngine.TextCoreFontEngineModule.dll_A61D677256322E7F.mvfrm
[ 37/105    0s] MovedFromExtractor Library/Bee/artifacts/mvdfrm/UnityEngine.TerrainPhysicsModule.dll_61625ED293724E74.mvfrm
[ 38/105    0s] MovedFromExtractor Library/Bee/artifacts/mvdfrm/UnityEngine.TerrainModule.dll_C5F89DC54DE7F9C7.mvfrm
[ 39/105    0s] MovedFromExtractor Library/Bee/artifacts/mvdfrm/UnityEngine.SubstanceModule.dll_29A24E52BA883EE2.mvfrm
[ 40/105    0s] MovedFromExtractor Library/Bee/artifacts/mvdfrm/UnityEngine.SpriteShapeModule.dll_BB6F611D2B06878E.mvfrm
[ 41/105    0s] MovedFromExtractor Library/Bee/artifacts/mvdfrm/UnityEngine.SubsystemsModule.dll_D6E03E6D36C2AFC6.mvfrm
[ 42/105    0s] MovedFromExtractor Library/Bee/artifacts/mvdfrm/UnityEngine.StreamingModule.dll_4CF73A096F3540D4.mvfrm
[ 43/105    0s] MovedFromExtractor Library/Bee/artifacts/mvdfrm/UnityEngine.SpriteMaskModule.dll_6C32D80B687AC7B3.mvfrm
[ 44/105    0s] MovedFromExtractor Library/Bee/artifacts/mvdfrm/UnityEngine.SharedInternalsModule.dll_3FB435AD4ADC4F73.mvfrm
[ 45/105    0s] MovedFromExtractor Library/Bee/artifacts/mvdfrm/UnityEngine.RuntimeInitializeOnLoadManagerInitializerModule.dll_5DB7B113E976C7F4.mvfrm
[ 46/105    0s] MovedFromExtractor Library/Bee/artifacts/mvdfrm/UnityEngine.ScreenCaptureModule.dll_81A083C0866B73DC.mvfrm
[ 47/105    0s] MovedFromExtractor Library/Bee/artifacts/mvdfrm/UnityEngine.PropertiesModule.dll_B041A4B9B9F69675.mvfrm
[ 48/105    0s] MovedFromExtractor Library/Bee/artifacts/mvdfrm/UnityEngine.ProfilerModule.dll_A668EA1261A06B8B.mvfrm
[ 49/105    0s] MovedFromExtractor Library/Bee/artifacts/mvdfrm/UnityEngine.PhysicsModule.dll_ABB222567829B0D9.mvfrm
[ 50/105    0s] MovedFromExtractor Library/Bee/artifacts/mvdfrm/UnityEngine.Physics2DModule.dll_E5083CA9C0AA812B.mvfrm
[ 51/105    0s] MovedFromExtractor Library/Bee/artifacts/mvdfrm/UnityEngine.PerformanceReportingModule.dll_68F09A95F4BE8BE0.mvfrm
[ 52/105    0s] MovedFromExtractor Library/Bee/artifacts/mvdfrm/UnityEngine.LocalizationModule.dll_B392F5B40D0D1A6B.mvfrm
[ 53/105    0s] MovedFromExtractor Library/Bee/artifacts/mvdfrm/UnityEngine.ParticleSystemModule.dll_60E7B5FF7A2F53E7.mvfrm
[ 54/105    0s] MovedFromExtractor Library/Bee/artifacts/mvdfrm/UnityEngine.JSONSerializeModule.dll_67B8D63B71FF477A.mvfrm
[ 55/105    0s] MovedFromExtractor Library/Bee/artifacts/mvdfrm/UnityEngine.InputModule.dll_529D6B386ED9B9AC.mvfrm
[ 56/105    0s] MovedFromExtractor Library/Bee/artifacts/mvdfrm/UnityEngine.InputLegacyModule.dll_33534EE10D560575.mvfrm
[ 57/105    0s] MovedFromExtractor Library/Bee/artifacts/mvdfrm/UnityEngine.ImageConversionModule.dll_BBA2F6D7D3AE5423.mvfrm
[ 58/105    0s] MovedFromExtractor Library/Bee/artifacts/mvdfrm/UnityEngine.HotReloadModule.dll_19AB0ABEFAE0A518.mvfrm
[ 59/105    0s] MovedFromExtractor Library/Bee/artifacts/mvdfrm/UnityEngine.IMGUIModule.dll_248742EEBED328E9.mvfrm
[ 60/105    0s] MovedFromExtractor Library/Bee/artifacts/mvdfrm/UnityEngine.GIModule.dll_944EB1DA13F91EA4.mvfrm
[ 61/105    0s] MovedFromExtractor Library/Bee/artifacts/mvdfrm/UnityEngine.GridModule.dll_01AF9CD2448F2C18.mvfrm
[ 62/105    0s] MovedFromExtractor Library/Bee/artifacts/mvdfrm/UnityEngine.GameCenterModule.dll_8306657B470B3239.mvfrm
[ 63/105    0s] MovedFromExtractor Library/Bee/artifacts/mvdfrm/UnityEngine.DirectorModule.dll_7422B0DBC846E47E.mvfrm
[ 64/105    0s] MovedFromExtractor Library/Bee/artifacts/mvdfrm/UnityEngine.dll_E1F877A34278D9A4.mvfrm
[ 65/105    0s] MovedFromExtractor Library/Bee/artifacts/mvdfrm/UnityEngine.DSPGraphModule.dll_797412453AA7B59F.mvfrm
[ 66/105    0s] MovedFromExtractor Library/Bee/artifacts/mvdfrm/UnityEngine.CrashReportingModule.dll_0DD56CB30C1DC859.mvfrm
[ 67/105    0s] MovedFromExtractor Library/Bee/artifacts/mvdfrm/UnityEngine.ClusterRendererModule.dll_4FB0F92751899C2F.mvfrm
[ 68/105    0s] MovedFromExtractor Library/Bee/artifacts/mvdfrm/UnityEngine.ContentLoadModule.dll_3B248D0343E6F771.mvfrm
[ 69/105    0s] MovedFromExtractor Library/Bee/artifacts/mvdfrm/UnityEngine.ClusterInputModule.dll_75462B6175912772.mvfrm
[ 70/105    0s] MovedFromExtractor Library/Bee/artifacts/mvdfrm/UnityEngine.CoreModule.dll_243E80E42C3A9621.mvfrm
[ 71/105    0s] MovedFromExtractor Library/Bee/artifacts/mvdfrm/UnityEngine.ClothModule.dll_53100082D2BE73EC.mvfrm
[ 72/105    0s] MovedFromExtractor Library/Bee/artifacts/mvdfrm/UnityEngine.AudioModule.dll_EC27A387F8A19508.mvfrm
[ 73/105    0s] MovedFromExtractor Library/Bee/artifacts/mvdfrm/UnityEngine.AssetBundleModule.dll_A20E33C275644F84.mvfrm
[ 74/105    0s] MovedFromExtractor Library/Bee/artifacts/mvdfrm/UnityEngine.ARModule.dll_B5852DCFD5679553.mvfrm
[ 75/105    0s] WriteText Library/Bee/artifacts/1900b0aE.dag/Assembly-CSharp.rsp2
[ 76/105    0s] WriteText Library/Bee/artifacts/1900b0aE.dag/Assembly-CSharp.UnityAdditionalFile.txt
[ 77/105    0s] WriteText Library/Bee/artifacts/1900b0aE.dag/Assembly-CSharp.dll.mvfrm.rsp
[ 78/105    0s] MovedFromExtractor Library/Bee/artifacts/mvdfrm/UnityEngine.AndroidJNIModule.dll_58B91B6080CA4148.mvfrm
[ 79/105    0s] WriteText Library/Bee/artifacts/1900b0aE.dag/Assembly-CSharp.rsp
[ 80/105    0s] MovedFromExtractor Library/Bee/artifacts/mvdfrm/UnityEngine.AIModule.dll_FC1268CC784A368A.mvfrm
[ 81/105    0s] MovedFromExtractor Library/Bee/artifacts/mvdfrm/UnityEngine.AnimationModule.dll_98624CB91FAD8996.mvfrm
[ 82/105    0s] WriteText Library/Bee/artifacts/1900b0aE.dag/Assembly-CSharp-Editor.rsp2
[ 83/105    0s] WriteText Library/Bee/artifacts/1900b0aE.dag/Assembly-CSharp-Editor.UnityAdditionalFile.txt
[ 84/105    0s] WriteText Library/Bee/artifacts/1900b0aE.dag/Assembly-CSharp-Editor.dll.mvfrm.rsp
[ 85/105    0s] WriteText Library/Bee/artifacts/1900b0aE.dag/Assembly-CSharp-Editor.rsp
[ 86/105    0s] MovedFromExtractor Library/Bee/artifacts/mvdfrm/UnityEngine.AccessibilityModule.dll_07A14CFF72C3E6F0.mvfrm
[ 87/105    0s] MovedFromExtractor Library/Bee/artifacts/mvdfrm/UnityEditor.TextCoreTextEngineModule.dll_6FA62290D2B828D2.mvfrm
[ 88/105    0s] MovedFromExtractor Library/Bee/artifacts/mvdfrm/UnityEditor.UnityConnectModule.dll_F5A9B64BC40954AC.mvfrm
[ 89/105    0s] MovedFromExtractor Library/Bee/artifacts/mvdfrm/UnityEditor.UIBuilderModule.dll_1E657DACB8092E24.mvfrm
[ 90/105    0s] MovedFromExtractor Library/Bee/artifacts/mvdfrm/UnityEditor.UIElementsSamplesModule.dll_24156F8719DCFC1B.mvfrm
[ 91/105    0s] MovedFromExtractor Library/Bee/artifacts/mvdfrm/UnityEditor.UIElementsModule.dll_DA70328D37AAD272.mvfrm
[ 92/105    0s] MovedFromExtractor Library/Bee/artifacts/mvdfrm/UnityEditor.TextCoreFontEngineModule.dll_27BDEC1F43346FB4.mvfrm
[ 93/105    0s] MovedFromExtractor Library/Bee/artifacts/mvdfrm/UnityEditor.WindowsStandalone.Extensions.dll_6A03437AC4F33C0A.mvfrm
[ 94/105    0s] MovedFromExtractor Library/Bee/artifacts/mvdfrm/UnityEditor.Graphs.dll_315E33F71D893F28.mvfrm
[ 95/105    0s] MovedFromExtractor Library/Bee/artifacts/mvdfrm/UnityEditor.SceneViewModule.dll_088CB3983A7381FE.mvfrm
[ 96/105    0s] MovedFromExtractor Library/Bee/artifacts/mvdfrm/UnityEngine.NVIDIAModule.dll_44BAE9DB6B8148AD.mvfrm
[ 97/105    0s] MovedFromExtractorCombine Library/Bee/artifacts/1900b0aE.dag/Assembly-CSharp-Editor.dll.mvfrm
[ 98/105    0s] MovedFromExtractorCombine Library/Bee/artifacts/1900b0aE.dag/Assembly-CSharp.dll.mvfrm
[ 99/105    0s] Csc Library/Bee/artifacts/1900b0aE.dag/Assembly-CSharp.dll (+2 others)
[100/105    0s] CopyFiles Library/ScriptAssemblies/Assembly-CSharp.pdb
[101/105    0s] CopyFiles Library/ScriptAssemblies/Assembly-CSharp.dll
[102/105    0s] Csc Library/Bee/artifacts/1900b0aE.dag/Assembly-CSharp-Editor.dll (+2 others)
[103/105    0s] CopyFiles Library/ScriptAssemblies/Assembly-CSharp-Editor.pdb
[104/105    0s] CopyFiles Library/ScriptAssemblies/Assembly-CSharp-Editor.dll
*** Tundra build success (3.34 seconds), 104 items updated, 105 evaluated
AssetDatabase: script compilation time: 5.372952s
Begin MonoManager ReloadAssembly
- Loaded All Assemblies, in  0.608 seconds
Refreshing native plugins compatible for Editor in 0.00 ms, found 0 plugins.
Preloading 0 native plugins for Editor in 0.00 ms.
Start importing Assets using Guid(00000000000000001000000000000000) Importer(-1,00000000000000000000000000000000) [PhysX] Initialized MultithreadedTaskDispatcher with 12 workers.
 -> (artifact id: '93ad63751633d8931d579dd8b88b788a') in 0.008799 seconds
Start importing ProjectSettings/InputManager.asset using Guid(00000000000000002000000000000000) Importer(-1,00000000000000000000000000000000) [PhysX] Initialized MultithreadedTaskDispatcher with 12 workers.
 -> (artifact id: 'a3cfdfd5bc6102f343b4829a8ce79dc0') in 0.002443 seconds
Start importing ProjectSettings/TagManager.asset using Guid(00000000000000003000000000000000) Importer(-1,00000000000000000000000000000000) [PhysX] Initialized MultithreadedTaskDispatcher with 12 workers.
 -> (artifact id: '27bc3806c41bdb543a74bc55adc72a8f') in 0.002416 seconds
Start importing ProjectSettings/ProjectSettings.asset using Guid(00000000000000004000000000000000) Importer(-1,00000000000000000000000000000000) [PhysX] Initialized MultithreadedTaskDispatcher with 12 workers.
 -> (artifact id: '3994e82f94984a94c0d6632490a01a97') in 0.004067 seconds
Start importing ProjectSettings/AudioManager.asset using Guid(00000000000000006000000000000000) Importer(-1,00000000000000000000000000000000) [PhysX] Initialized MultithreadedTaskDispatcher with 12 workers.
 -> (artifact id: '292f6cd681078f98ae77be02f37bb3f0') in 0.002133 seconds
Start importing ProjectSettings/TimeManager.asset using Guid(00000000000000007000000000000000) Importer(-1,00000000000000000000000000000000) [PhysX] Initialized MultithreadedTaskDispatcher with 12 workers.
 -> (artifact id: 'c15cae83774660c90452602a6b058633') in 0.002619 seconds
Start importing ProjectSettings/DynamicsManager.asset using Guid(00000000000000008000000000000000) Importer(-1,00000000000000000000000000000000) [PhysX] Initialized MultithreadedTaskDispatcher with 12 workers.
 -> (artifact id: '629e0c014710a9954fe94cf2b97a0f0d') in 0.002367 seconds
Start importing ProjectSettings/QualitySettings.asset using Guid(00000000000000009000000000000000) Importer(-1,00000000000000000000000000000000) [PhysX] Initialized MultithreadedTaskDispatcher with 12 workers.
 -> (artifact id: '501a5b1271de8da946e0d9f62dd70a3d') in 0.002569 seconds
Start importing ProjectSettings/EditorBuildSettings.asset using Guid(0000000000000000b000000000000000) Importer(-1,00000000000000000000000000000000) [PhysX] Initialized MultithreadedTaskDispatcher with 12 workers.
 -> (artifact id: '42a7dea221178c8ff8a7f6c54a05ebc0') in 0.002105 seconds
Start importing ProjectSettings/EditorSettings.asset using Guid(0000000000000000c000000000000000) Importer(-1,00000000000000000000000000000000) [PhysX] Initialized MultithreadedTaskDispatcher with 12 workers.
 -> (artifact id: '833fd8b95bc379c0fa32edbb3836570f') in 0.002216 seconds
Start importing ProjectSettings/NavMeshAreas.asset using Guid(00000000000000004100000000000000) Importer(-1,00000000000000000000000000000000) [PhysX] Initialized MultithreadedTaskDispatcher with 12 workers.
 -> (artifact id: 'a4a7d72a44bc8af0cb186610ffba8976') in 0.002521 seconds
Start importing ProjectSettings/Physics2DSettings.asset using Guid(00000000000000005100000000000000) Importer(-1,00000000000000000000000000000000) [PhysX] Initialized MultithreadedTaskDispatcher with 12 workers.
 -> (artifact id: '38971527cf446bd70982f05c976f6c26') in 0.002689 seconds
Start importing ProjectSettings/GraphicsSettings.asset using Guid(00000000000000006100000000000000) Importer(-1,00000000000000000000000000000000) [PhysX] Initialized MultithreadedTaskDispatcher with 12 workers.
 -> (artifact id: '1a6efcc7357d78aec34b1ea3df512eae') in 0.002493 seconds
Start importing ProjectSettings/ClusterInputManager.asset using Guid(00000000000000007100000000000000) Importer(-1,00000000000000000000000000000000) [PhysX] Initialized MultithreadedTaskDispatcher with 12 workers.
 -> (artifact id: 'eaff7db4dd05d8ff0818f60bff250dfd') in 0.002054 seconds
Start importing ProjectSettings/UnityConnectSettings.asset using Guid(0000000000000000a100000000000000) Importer(-1,00000000000000000000000000000000) [PhysX] Initialized MultithreadedTaskDispatcher with 12 workers.
 -> (artifact id: '7fa144b1a243911758944baf90717efe') in 0.002554 seconds
Start importing ProjectSettings/PresetManager.asset using Guid(0000000000000000b100000000000000) Importer(-1,00000000000000000000000000000000) [PhysX] Initialized MultithreadedTaskDispatcher with 12 workers.
 -> (artifact id: 'f8e82747b2c0e3f6eee0b9346750641f') in 0.001949 seconds
Start importing ProjectSettings/VFXManager.asset using Guid(0000000000000000c100000000000000) Importer(-1,00000000000000000000000000000000) [PhysX] Initialized MultithreadedTaskDispatcher with 12 workers.
 -> (artifact id: '396c4265c10af43b1b16dd72ffe4ebef') in 0.002072 seconds
Start importing ProjectSettings/VersionControlSettings.asset using Guid(0000000000000000d100000000000000) Importer(-1,00000000000000000000000000000000) [PhysX] Initialized MultithreadedTaskDispatcher with 12 workers.
 -> (artifact id: 'f699c8df73f04ae7374a667632b35689') in 0.002528 seconds
Start importing ProjectSettings/MemorySettings.asset using Guid(0000000000000000f100000000000000) Importer(-1,00000000000000000000000000000000) [PhysX] Initialized MultithreadedTaskDispatcher with 12 workers.
 -> (artifact id: '1a756112cecf39e490a601a9eff03275') in 0.002634 seconds
Start importing Packages/com.unity.modules.imgui using Guid(c060426bfd6e82575228df6656368eaa) Importer(-1,00000000000000000000000000000000) [PhysX] Initialized MultithreadedTaskDispatcher with 12 workers.
 -> (artifact id: '8902333b06588af5029cfee34ad74076') in 0.000867 seconds
Start importing Packages/com.unity.modules.animation using Guid(1158e311a3101950348dcecb1bebc42d) Importer(-1,00000000000000000000000000000000) [PhysX] Initialized MultithreadedTaskDispatcher with 12 workers.
 -> (artifact id: '4b13bed27054d1939cda218eb185d038') in 0.000513 seconds
Start importing Packages/com.unity.modules.xr using Guid(515638b803bef8599dbd6d5c8bdaa53e) Importer(-1,00000000000000000000000000000000) [PhysX] Initialized MultithreadedTaskDispatcher with 12 workers.
 -> (artifact id: 'b6eca1bb10ae9962069ab67697f5fb12') in 0.000588 seconds
Start importing Packages/com.unity.modules.assetbundle using Guid(b219c86ce508e478367c0a46e1aa9fe4) Importer(-1,00000000000000000000000000000000) [PhysX] Initialized MultithreadedTaskDispatcher with 12 workers.
 -> (artifact id: '81bc1187aed69ff373ff2eba4e66a856') in 0.000544 seconds
Start importing Packages/com.unity.modules.screencapture using Guid(5469ef0820152a4ae45d400fdc4626e4) Importer(-1,00000000000000000000000000000000) [PhysX] Initialized MultithreadedTaskDispatcher with 12 workers.
 -> (artifact id: '0d671ba702572809a8e7139fbb07a209') in 0.000523 seconds
Start importing Packages/com.unity.modules.cloth using Guid(c4df1124e2787ee0c8d1a911de17ee73) Importer(-1,00000000000000000000000000000000) [PhysX] Initialized MultithreadedTaskDispatcher with 12 workers.
 -> (artifact id: '910cec8c5afcdb496070e8dbfebc2b41') in 0.000485 seconds
Start importing Assets/Plugins using Guid(f43f8ee6be1d4784db3b286be6214f12) Importer(-1,00000000000000000000000000000000) [PhysX] Initialized MultithreadedTaskDispatcher with 12 workers.
 -> (artifact id: 'c138cab3e49fad53f1f0de36f106afbb') in 0.007785 seconds
Start importing Assets/Editor using Guid(65f5abf8211b03c49bf44151b0dbed5d) Importer(-1,00000000000000000000000000000000) [PhysX] Initialized MultithreadedTaskDispatcher with 12 workers.
 -> (artifact id: '388e99e28db12016df87e38479ce8aa4') in 0.008070 seconds
Start importing Packages/com.unity.modules.imageconversion using Guid(850c54ee0b9e1aa740b1c67792eb1f26) Importer(-1,00000000000000000000000000000000) [PhysX] Initialized MultithreadedTaskDispatcher with 12 workers.
 -> (artifact id: '4b4518349c1690f615e4983fae26b92c') in 0.000602 seconds
Start importing Packages/com.unity.modules.terrainphysics using Guid(95f85adeda79e994f011eb2152cf4fc9) Importer(-1,00000000000000000000000000000000) [PhysX] Initialized MultithreadedTaskDispatcher with 12 workers.
 -> (artifact id: 'b77b76c8cbb898c790ec5d2914852b17') in 0.000471 seconds
Start importing Assets/Production using Guid(a5940cc751071d9498408289c2cc1f33) Importer(-1,00000000000000000000000000000000) [PhysX] Initialized MultithreadedTaskDispatcher with 12 workers.
 -> (artifact id: 'd8140f4842a8283cb4125ff811aef2fe') in 0.007075 seconds
Start importing Packages/com.unity.modules.unitywebrequest using Guid(c522a644a29fcab2eaf63298c118a65b) Importer(-1,00000000000000000000000000000000) [PhysX] Initialized MultithreadedTaskDispatcher with 12 workers.
 -> (artifact id: '24eb8b7b970b4b15175b837494933af7') in 0.000803 seconds
Start importing Packages/com.unity.modules.unitywebrequestassetbundle using Guid(d5f0b0adc6826e9dd3b72e292e8438be) Importer(-1,00000000000000000000000000000000) [PhysX] Initialized MultithreadedTaskDispatcher with 12 workers.
 -> (artifact id: 'b8ddc3c9b7e6078e04ce2334fde66660') in 0.000557 seconds
Start importing Packages/com.unity.modules.subsystems using Guid(56b94a5b6990c879bb0f057719d1064b) Importer(-1,00000000000000000000000000000000) [PhysX] Initialized MultithreadedTaskDispatcher with 12 workers.
 -> (artifact id: '4cf0f96025ee9e15a99f570070cfaec3') in 0.000663 seconds
Start importing Packages/com.unity.modules.unityanalytics using Guid(d6c6a000a805f00649b36b542e8426c2) Importer(-1,00000000000000000000000000000000) [PhysX] Initialized MultithreadedTaskDispatcher with 12 workers.
 -> (artifact id: 'd703373e9673027352a22fcb397757c7') in 0.000645 seconds
Start importing Packages/com.unity.modules.physics using Guid(d6db7caf2e852b75ebb9c6098418179c) Importer(-1,00000000000000000000000000000000) [PhysX] Initialized MultithreadedTaskDispatcher with 12 workers.
 -> (artifact id: 'f9fd01135c8ca7bc4b5b7765199fb38d') in 0.000697 seconds
Start importing Packages/com.unity.modules.vr using Guid(178008567c08e6d84014fa87825d10bb) Importer(-1,00000000000000000000000000000000) [PhysX] Initialized MultithreadedTaskDispatcher with 12 workers.
 -> (artifact id: 'b79c3fdf3877458333c6c76a155f763e') in 0.000675 seconds
Start importing Packages/com.unity.modules.physics2d using Guid(376c84ea405e0f2b80562c23bb977216) Importer(-1,00000000000000000000000000000000) [PhysX] Initialized MultithreadedTaskDispatcher with 12 workers.
 -> (artifact id: 'ed680e3c20e465a0368371a1f9053e23') in 0.000505 seconds
Start importing Packages/com.unity.modules.wind using Guid(b77b1ad9c05af0412725856c6c53b037) Importer(-1,00000000000000000000000000000000) [PhysX] Initialized MultithreadedTaskDispatcher with 12 workers.
 -> (artifact id: 'd5e232f574be5c0e71654505618918ab') in 0.000465 seconds
Start importing Packages/com.unity.modules.uielements using Guid(2808ba6bccb2478ec9c7209d8bf1f3cc) Importer(-1,00000000000000000000000000000000) [PhysX] Initialized MultithreadedTaskDispatcher with 12 workers.
 -> (artifact id: '4965993930d81dfc0a45764e728bf8b1') in 0.000547 seconds
Start importing Packages/com.unity.modules.unitywebrequestaudio using Guid(38e3a8976f0b9c586b6dfbcef4e4066c) Importer(-1,00000000000000000000000000000000) [PhysX] Initialized MultithreadedTaskDispatcher with 12 workers.
 -> (artifact id: '2cd35b792eaa8cbe96f21d879a3e72f1') in 0.000603 seconds
Start importing Packages/com.unity.modules.particlesystem using Guid(48b10b41f58d5b49717f376cda59eeb8) Importer(-1,00000000000000000000000000000000) [PhysX] Initialized MultithreadedTaskDispatcher with 12 workers.
 -> (artifact id: 'ca7262f9ef295b5a00187abd4a30050a') in 0.000619 seconds
Start importing Packages/com.unity.modules.tilemap using Guid(09e28640d754a611467eebfb261ed749) Importer(-1,00000000000000000000000000000000) [PhysX] Initialized MultithreadedTaskDispatcher with 12 workers.
 -> (artifact id: '5ab2a987c09d4dc14787b8fcba65a50a') in 0.000572 seconds
Start importing Packages/com.unity.modules.ui using Guid(39728903e57c60021f80449a8bbc0096) Importer(-1,00000000000000000000000000000000) [PhysX] Initialized MultithreadedTaskDispatcher with 12 workers.
 -> (artifact id: 'b267f7291c549a8f27442256309b573f') in 0.000793 seconds
Start importing Packages/com.unity.modules.androidjni using Guid(995c08a3305ff9f0dab5e86f340bd9a7) Importer(-1,00000000000000000000000000000000) [PhysX] Initialized MultithreadedTaskDispatcher with 12 workers.
 -> (artifact id: '6f8d08e98fde8d7c4385fb621b6be202') in 0.000816 seconds
Start importing Packages/com.unity.modules.vehicles using Guid(1cf2469083ffa484da4d78dd70d708e8) Importer(-1,00000000000000000000000000000000) [PhysX] Initialized MultithreadedTaskDispatcher with 12 workers.
 -> (artifact id: '115ceff5840c19dfe9672f6033f8a717') in 0.000706 seconds
Start importing Packages/com.unity.modules.umbra using Guid(9c7c268fa6492449654839df69f2a2f4) Importer(-1,00000000000000000000000000000000) [PhysX] Initialized MultithreadedTaskDispatcher with 12 workers.
 -> (artifact id: 'a8ef4d94cd61c70db1871d39be5ae8ae') in 0.000514 seconds
Start importing Packages/com.unity.modules.unitywebrequestwww using Guid(dcc8c6e92b172a65719af5ddf47dd968) Importer(-1,00000000000000000000000000000000) [PhysX] Initialized MultithreadedTaskDispatcher with 12 workers.
 -> (artifact id: '11fed0fc4fd14a07b5d3b1a2b9612519') in 0.000488 seconds
Start importing Packages/com.unity.modules.jsonserialize using Guid(fc3a810351931f5e6183e16b9beb5563) Importer(-1,00000000000000000000000000000000) [PhysX] Initialized MultithreadedTaskDispatcher with 12 workers.
 -> (artifact id: 'd91970cd8c07bdafe4a386e4a343caec') in 0.000569 seconds
Start importing Packages/com.unity.modules.director using Guid(2d142b475fbfb8cf12ba3a795194300a) Importer(-1,00000000000000000000000000000000) [PhysX] Initialized MultithreadedTaskDispatcher with 12 workers.
 -> (artifact id: '9500aec0ed8af64340b39c6fa49089c4') in 0.000724 seconds
Start importing Packages/com.unity.modules.audio using Guid(2d6ba5cbe47e6ad3c87474c56174d4e0) Importer(-1,00000000000000000000000000000000) [PhysX] Initialized MultithreadedTaskDispatcher with 12 workers.
 -> (artifact id: 'f55a45c8f2f862f836c6d034806aa792') in 0.000516 seconds
Start importing Packages/com.unity.modules.video using Guid(ede0462698a4a5643aa9872c074acd38) Importer(-1,00000000000000000000000000000000) [PhysX] Initialized MultithreadedTaskDispatcher with 12 workers.
 -> (artifact id: '6741298b360b0e950c1f8305af5f2b41') in 0.000534 seconds
Start importing Packages/com.unity.modules.ai using Guid(fd871a8be47119612f7c254e96a822b7) Importer(-1,00000000000000000000000000000000) [PhysX] Initialized MultithreadedTaskDispatcher with 12 workers.
 -> (artifact id: '09dfde8fda618d70905d7eae2a2485ab') in 0.000535 seconds
Start importing Packages/com.unity.modules.terrain using Guid(6e1c8b97ec8aa0464e92506ffe099558) Importer(-1,00000000000000000000000000000000) [PhysX] Initialized MultithreadedTaskDispatcher with 12 workers.
 -> (artifact id: 'bb47b3da1c7fc74d233b2872de82768d') in 0.000711 seconds
Start importing Packages/com.unity.modules.unitywebrequesttexture using Guid(6f1c7ebc8ac78cb951be24c238cbd3ba) Importer(-1,00000000000000000000000000000000) [PhysX] Initialized MultithreadedTaskDispatcher with 12 workers.
 -> (artifact id: '95887552146bc47ecce76846c799f4d0') in 0.000720 seconds
Start importing Assets/Plugins/Unity.InputSystem.dll using Guid(e37b684d059435c4291fff1ff0f47c46) Importer(-1,00000000000000000000000000000000) [PhysX] Initialized MultithreadedTaskDispatcher with 12 workers.
 -> (artifact id: '0d66365828ecb34ea5bbe9075ff626a7') in 0.069718 seconds
Start importing Assets/Plugins/UnityEngine.UI.dll using Guid(16fb80419ef96d74ba1363835124ffd9) Importer(-1,00000000000000000000000000000000) [PhysX] Initialized MultithreadedTaskDispatcher with 12 workers.
 -> (artifact id: '375775be7fe61a52e85ecec4d2ea888a') in 0.027082 seconds
Start importing Assets/Production/RootiTurretController.cs using Guid(344bbdbd47fab5f4492a6301cfd0041c) Importer(-1,00000000000000000000000000000000) [PhysX] Initialized MultithreadedTaskDispatcher with 12 workers.
 -> (artifact id: 'f2f4b240595ec7713fd5c52425f34b6c') in 0.009108 seconds
Start importing Assets/Editor/TurretAimRegression.cs using Guid(d6a93180b3862a446bffc630e0d737b5) Importer(-1,00000000000000000000000000000000) [PhysX] Initialized MultithreadedTaskDispatcher with 12 workers.
 -> (artifact id: 'eefbd82d171e39e3b4efc91a7cfd665a') in 0.009664 seconds
Start importing Assets/Production/TurretSkillData.cs using Guid(0714396cc9a9cac4e974d6be42c9d8fa) Importer(-1,00000000000000000000000000000000) [PhysX] Initialized MultithreadedTaskDispatcher with 12 workers.
 -> (artifact id: '7580b20dc5d756eb927244df2d914da4') in 0.008259 seconds
Start importing Assets/Production/SkillBase.cs using Guid(da63bb1ab28999d44b72d014989edd3a) Importer(-1,00000000000000000000000000000000) [PhysX] Initialized MultithreadedTaskDispatcher with 12 workers.
 -> (artifact id: 'e8d5acb62ce3efac21c660ad8cb07a8f') in 0.010911 seconds
Start importing Assets/Production/SkillTestDependencies.cs using Guid(bba6256cee59093459d7cf5e63c00b9f) Importer(-1,00000000000000000000000000000000) [PhysX] Initialized MultithreadedTaskDispatcher with 12 workers.
 -> (artifact id: '4a821fee941b77665563082ea03dcc94') in 0.011206 seconds
Start importing Assets/Production/LegacyTurretSkill.cs using Guid(cc101611a2680514fbfb747981dcce39) Importer(-1,00000000000000000000000000000000) [PhysX] Initialized MultithreadedTaskDispatcher with 12 workers.
 -> (artifact id: 'b488bc0f134347d9e43a2e51381c5b1a') in 0.009197 seconds
Start importing Assets/Production/TurretSkill.cs using Guid(af4a6b2d6c629ab46a2bae73468b7790) Importer(-1,00000000000000000000000000000000) [PhysX] Initialized MultithreadedTaskDispatcher with 12 workers.
 -> (artifact id: '1e729e136e6990caf9785710ebfc8979') in 0.009797 seconds
Start importing Packages/com.unity.modules.ui/package.ModuleCompilationTrigger using Guid(51fa60bb2bd1e5bc74e8cc95a7bfd5b7) Importer(-1,00000000000000000000000000000000) [PhysX] Initialized MultithreadedTaskDispatcher with 12 workers.
 -> (artifact id: 'de6b732927334cdcd0a160fab7e0c0ba') in 0.034534 seconds
Start importing Packages/com.unity.modules.unityanalytics/package.ModuleCompilationTrigger using Guid(71136fc5cf34f2cc10be0e33c0b08019) Importer(-1,00000000000000000000000000000000) [PhysX] Initialized MultithreadedTaskDispatcher with 12 workers.
 -> (artifact id: '28443bd98fee583c3e370ae0d1280f29') in 0.000708 seconds
Start importing Packages/com.unity.modules.tilemap/package.ModuleCompilationTrigger using Guid(a1c42005fe7c5d78585a77ce396a5eea) Importer(-1,00000000000000000000000000000000) [PhysX] Initialized MultithreadedTaskDispatcher with 12 workers.
 -> (artifact id: 'f4e7f56b0807ad41ede44dd4ddbc8ad1') in 0.000583 seconds
Start importing Packages/com.unity.modules.assetbundle/package.ModuleCompilationTrigger using Guid(222fc39b0c85d800342910da2cd64781) Importer(-1,00000000000000000000000000000000) [PhysX] Initialized MultithreadedTaskDispatcher with 12 workers.
 -> (artifact id: '65d89c73641bdd1854f79cbc51606c2c') in 0.000560 seconds
Start importing Packages/com.unity.modules.unitywebrequest/package.ModuleCompilationTrigger using Guid(d2ec2d1228c8e67cdd913cb5609176a2) Importer(-1,00000000000000000000000000000000) [PhysX] Initialized MultithreadedTaskDispatcher with 12 workers.
 -> (artifact id: '172c58f0c21bf4c946e0b186250e1d67') in 0.000727 seconds
Start importing Packages/com.unity.modules.ai/package.ModuleCompilationTrigger using Guid(e2d09a26ce46dc617b54e49a534ace20) Importer(-1,00000000000000000000000000000000) [PhysX] Initialized MultithreadedTaskDispatcher with 12 workers.
 -> (artifact id: 'a24ea1244c90bdf007089df7bfde6c08') in 0.000887 seconds
Start importing Packages/com.unity.modules.terrain/package.ModuleCompilationTrigger using Guid(23032f4383e95e772bce465c5896d0fd) Importer(-1,00000000000000000000000000000000) [PhysX] Initialized MultithreadedTaskDispatcher with 12 workers.
 -> (artifact id: 'e5571763118c2d59b1654f4791e8996c') in 0.000654 seconds
Start importing Packages/com.unity.modules.imageconversion/package.ModuleCompilationTrigger using Guid(830a36a23cf3ab1e61fa47940a6dc35e) Importer(-1,00000000000000000000000000000000) [PhysX] Initialized MultithreadedTaskDispatcher with 12 workers.
 -> (artifact id: '45ef1d7240373ebfdfbde026e09b19ed') in 0.000591 seconds
Start importing Packages/com.unity.modules.unitywebrequesttexture/package.ModuleCompilationTrigger using Guid(a31a332ce3485f00f7df8d987302a29c) Importer(-1,00000000000000000000000000000000) [PhysX] Initialized MultithreadedTaskDispatcher with 12 workers.
 -> (artifact id: '174de67cc8335cb19301e6f51a0bbf07') in 0.000627 seconds
Start importing Packages/com.unity.modules.audio/package.ModuleCompilationTrigger using Guid(042dc296246916648e55a43d0eeb2036) Importer(-1,00000000000000000000000000000000) [PhysX] Initialized MultithreadedTaskDispatcher with 12 workers.
 -> (artifact id: 'be05e67044c0e17bd077fbc81e6daf4f') in 0.000626 seconds
Start importing Packages/com.unity.modules.unitywebrequestaudio/package.ModuleCompilationTrigger using Guid(553737203d61a8109f9544a97201e1aa) Importer(-1,00000000000000000000000000000000) [PhysX] Initialized MultithreadedTaskDispatcher with 12 workers.
 -> (artifact id: '05b4da5c39031d20f996abbba25f2a42') in 0.000694 seconds
Start importing Packages/com.unity.modules.vr/package.ModuleCompilationTrigger using Guid(b5bd8fa6f4c55ab6f09322b86d18b0e3) Importer(-1,00000000000000000000000000000000) [PhysX] Initialized MultithreadedTaskDispatcher with 12 workers.
 -> (artifact id: '2f9f25667ba12d3a842ef9ab778941e8') in 0.000611 seconds
Start importing Packages/com.unity.modules.vehicles/package.ModuleCompilationTrigger using Guid(e5c46c19ce0ce2e0103aa6f82df1043a) Importer(-1,00000000000000000000000000000000) [PhysX] Initialized MultithreadedTaskDispatcher with 12 workers.
 -> (artifact id: '53d84c0805d7c29fb84b8288d8a9a18a') in 0.000680 seconds
Start importing Packages/com.unity.modules.unitywebrequestassetbundle/package.ModuleCompilationTrigger using Guid(7610600f5c83e01041a6fe849d39279f) Importer(-1,00000000000000000000000000000000) [PhysX] Initialized MultithreadedTaskDispatcher with 12 workers.
 -> (artifact id: '89ae8295d436626749dccea3f1263729') in 0.000724 seconds
Start importing Packages/com.unity.modules.jsonserialize/package.ModuleCompilationTrigger using Guid(e6a135e3ea9cb46795d1b0e05ac3e1e5) Importer(-1,00000000000000000000000000000000) [PhysX] Initialized MultithreadedTaskDispatcher with 12 workers.
 -> (artifact id: '9ea15046aca71692d8a4dc5833bcdd5f') in 0.000668 seconds
Start importing Packages/com.unity.modules.video/package.ModuleCompilationTrigger using Guid(f62135e79edb837b2d2ee3c524da864c) Importer(-1,00000000000000000000000000000000) [PhysX] Initialized MultithreadedTaskDispatcher with 12 workers.
 -> (artifact id: '2497985b60510e90cafddde8e4d3d1be') in 0.000726 seconds
Start importing Packages/com.unity.modules.particlesystem/package.ModuleCompilationTrigger using Guid(17f093324b67f5bd57e55b546736750e) Importer(-1,00000000000000000000000000000000) [PhysX] Initialized MultithreadedTaskDispatcher with 12 workers.
 -> (artifact id: '6619675033c5b443ad1cd0a8019f6947') in 0.000764 seconds
Start importing Packages/com.unity.modules.xr/package.ModuleCompilationTrigger using Guid(c7a8b0317f4e68556d7509828e9e211e) Importer(-1,00000000000000000000000000000000) [PhysX] Initialized MultithreadedTaskDispatcher with 12 workers.
 -> (artifact id: 'c2010b4fd95e949a214b19afe577caae') in 0.000879 seconds
Start importing Packages/com.unity.modules.cloth/package.ModuleCompilationTrigger using Guid(082fbee38a82835433261a5e9c00e267) Importer(-1,00000000000000000000000000000000) [PhysX] Initialized MultithreadedTaskDispatcher with 12 workers.
 -> (artifact id: '8f5c231b51acc501dd99da8f56c1df21') in 0.000869 seconds
Start importing Packages/com.unity.modules.androidjni/package.ModuleCompilationTrigger using Guid(c82e859b16636ddd2ca4a1f63fd34938) Importer(-1,00000000000000000000000000000000) [PhysX] Initialized MultithreadedTaskDispatcher with 12 workers.
 -> (artifact id: '9742e1e9fa95921e449aa81ce7230bda') in 0.000745 seconds
Start importing Packages/com.unity.modules.director/package.ModuleCompilationTrigger using Guid(c88e90bad18cceb5d182d0c805883056) Importer(-1,00000000000000000000000000000000) [PhysX] Initialized MultithreadedTaskDispatcher with 12 workers.
 -> (artifact id: '239967c49a9eb78550a762fa3ed6f4f1') in 0.000767 seconds
Start importing Packages/com.unity.modules.wind/package.ModuleCompilationTrigger using Guid(2adec19fac7df68adf1fd6eb83197bb1) Importer(-1,00000000000000000000000000000000) [PhysX] Initialized MultithreadedTaskDispatcher with 12 workers.
 -> (artifact id: 'f7c6d67054f5a72eaab3cc47de295ed5') in 0.000721 seconds
Start importing Packages/com.unity.modules.uielements/package.ModuleCompilationTrigger using Guid(8a752aaaadd2410dd9a84e01c1bace9f) Importer(-1,00000000000000000000000000000000) [PhysX] Initialized MultithreadedTaskDispatcher with 12 workers.
 -> (artifact id: 'f47c08d8297413b7bb65b64358c8d75a') in 0.000693 seconds
Start importing Packages/com.unity.modules.umbra/package.ModuleCompilationTrigger using Guid(1b6246f2248883964991eac9e9b4817c) Importer(-1,00000000000000000000000000000000) [PhysX] Initialized MultithreadedTaskDispatcher with 12 workers.
 -> (artifact id: '94d392e4553521c5a25bc32d17c75fb0') in 0.000603 seconds
Start importing Packages/com.unity.modules.terrainphysics/package.ModuleCompilationTrigger using Guid(cbb1a39d56ce4d9ac1a46ac505893fa7) Importer(-1,00000000000000000000000000000000) [PhysX] Initialized MultithreadedTaskDispatcher with 12 workers.
 -> (artifact id: '98b919966ab363a4c4ee6c7468f98633') in 0.000668 seconds
Start importing Packages/com.unity.modules.animation/package.ModuleCompilationTrigger using Guid(db8e609a39b9b231fccc54e5fa4cbd1b) Importer(-1,00000000000000000000000000000000) [PhysX] Initialized MultithreadedTaskDispatcher with 12 workers.
 -> (artifact id: 'c19e35bc818eacdec0d71fc29b6f419c') in 0.000635 seconds
Start importing Packages/com.unity.modules.physics/package.ModuleCompilationTrigger using Guid(5c1ee4056d0ac7ad3c5a16597fcaa38a) Importer(-1,00000000000000000000000000000000) [PhysX] Initialized MultithreadedTaskDispatcher with 12 workers.
 -> (artifact id: 'e7d8d6b430389f69a13032c5a4e700b5') in 0.000602 seconds
Start importing Packages/com.unity.modules.subsystems/package.ModuleCompilationTrigger using Guid(8d4bc6bfa28760b29f13174d6b6ea710) Importer(-1,00000000000000000000000000000000) [PhysX] Initialized MultithreadedTaskDispatcher with 12 workers.
 -> (artifact id: '2c935006139ac2e80aa510ae54d59208') in 0.000573 seconds
Start importing Packages/com.unity.modules.screencapture/package.ModuleCompilationTrigger using Guid(cd561f5f687aed43bf280c27a84f79e3) Importer(-1,00000000000000000000000000000000) [PhysX] Initialized MultithreadedTaskDispatcher with 12 workers.
 -> (artifact id: 'f0d56b5144b4707feba9a1b583a5d9ab') in 0.000580 seconds
Start importing Packages/com.unity.modules.unitywebrequestwww/package.ModuleCompilationTrigger using Guid(ae87256f29d9c8b50490f4caf75b2c41) Importer(-1,00000000000000000000000000000000) [PhysX] Initialized MultithreadedTaskDispatcher with 12 workers.
 -> (artifact id: '2bea182a0d15c36db9a34766a6e92ef6') in 0.000594 seconds
Start importing Packages/com.unity.modules.imgui/package.ModuleCompilationTrigger using Guid(be13c398521e3c1ad21fb9da30ab2ab6) Importer(-1,00000000000000000000000000000000) [PhysX] Initialized MultithreadedTaskDispatcher with 12 workers.
 -> (artifact id: 'fb0254cf6fb92f161fb370419b870ba2') in 0.000562 seconds
Start importing Packages/com.unity.modules.physics2d/package.ModuleCompilationTrigger using Guid(fe6a6957b37b61417b457a1e0541791d) Importer(-1,00000000000000000000000000000000) [PhysX] Initialized MultithreadedTaskDispatcher with 12 workers.
 -> (artifact id: '6dd9dd594baf916b36a412720c0b0e0f') in 0.000558 seconds
Refreshing native plugins compatible for Editor in 0.00 ms, found 0 plugins.
Native extension for WindowsStandalone target not found
Mono: successfully reloaded assembly
- Finished resetting the current domain, in  0.378 seconds
Domain Reload Profiling: 983ms
	BeginReloadAssembly (206ms)
		ExecutionOrderSort (0ms)
		DisableScriptedObjects (6ms)
		BackupInstance (0ms)
		ReleaseScriptingObjects (0ms)
		CreateAndSetChildDomain (26ms)
	RebuildCommonClasses (66ms)
	RebuildNativeTypeToScriptingClass (18ms)
	initialDomainReloadingComplete (59ms)
	LoadAllAssembliesAndSetupDomain (254ms)
		LoadAssemblies (356ms)
		RebuildTransferFunctionScriptingTraits (0ms)
		AnalyzeDomain (27ms)
			TypeCache.Refresh (21ms)
				TypeCache.ScanAssembly (15ms)
			ScanForSourceGeneratedMonoScriptInfo (3ms)
			ResolveRequiredComponents (2ms)
	FinalizeReload (379ms)
		ReleaseScriptCaches (0ms)
		RebuildScriptCaches (0ms)
		SetupLoadedEditorAssemblies (277ms)
			LogAssemblyErrors (0ms)
			InitializePlatformSupportModulesInManaged (7ms)
			SetLoadedEditorAssemblies (2ms)
			RefreshPlugins (0ms)
			BeforeProcessingInitializeOnLoad (15ms)
			ProcessInitializeOnLoadAttributes (221ms)
			ProcessInitializeOnLoadMethodAttributes (20ms)
			AfterProcessingInitializeOnLoad (11ms)
			EditorAssembliesLoaded (0ms)
		ExecutionOrderSort2 (0ms)
		AwakeInstancesAfterBackupRestoration (8ms)
Start importing Library/BuildPlayer.prefs using Guid(00000000000000005000000000000000) Importer(-1,00000000000000000000000000000000) [PhysX] Initialized MultithreadedTaskDispatcher with 12 workers.
 -> (artifact id: '1d2399cfa7f39703e94ecc115c6bf35d') in 0.004133 seconds
Start importing Packages/com.unity.modules.subsystems/package.json using Guid(30b312a167534621b316172253b08723) Importer(-1,00000000000000000000000000000000) [PhysX] Initialized MultithreadedTaskDispatcher with 12 workers.
 -> (artifact id: '927191d6bd5c381810aaf18488fc4c42') in 0.002254 seconds
Start importing Packages/com.unity.modules.jsonserialize/package.json using Guid(40bf3cec17fa0b49fe04443c8332d638) Importer(-1,00000000000000000000000000000000) [PhysX] Initialized MultithreadedTaskDispatcher with 12 workers.
 -> (artifact id: 'ab333ab49385357bea0efe2c83a7975b') in 0.002720 seconds
Start importing Packages/com.unity.modules.screencapture/package.json using Guid(80beef77cb19e713c7c2d481b65ed485) Importer(-1,00000000000000000000000000000000) [PhysX] Initialized MultithreadedTaskDispatcher with 12 workers.
 -> (artifact id: '44639893d3ea74df4548d5caaebb3923') in 0.002317 seconds
Start importing Packages/com.unity.modules.cloth/package.json using Guid(906c12bc9cd95d3963c6d58f62522c78) Importer(-1,00000000000000000000000000000000) [PhysX] Initialized MultithreadedTaskDispatcher with 12 workers.
 -> (artifact id: 'f252c58b1b67b38b1b5df1ccfe60ba87') in 0.002199 seconds
Start importing Packages/com.unity.modules.unitywebrequesttexture/package.json using Guid(d0e3ad91972c66f5238f5b9b7d5ae58a) Importer(-1,00000000000000000000000000000000) [PhysX] Initialized MultithreadedTaskDispatcher with 12 workers.
 -> (artifact id: '5fc8082c322e7c8ec924a76df884079f') in 0.002810 seconds
Start importing Packages/com.unity.modules.ai/package.json using Guid(f0f13f2ab3d6d13cfc6e4656824bfca8) Importer(-1,00000000000000000000000000000000) [PhysX] Initialized MultithreadedTaskDispatcher with 12 workers.
 -> (artifact id: '6909afb032daf5ded5af7bfa4b8eaa1a') in 0.003097 seconds
Start importing Packages/com.unity.modules.assetbundle/package.json using Guid(e1ef8466c8fd01a549f10baa4d51fa17) Importer(-1,00000000000000000000000000000000) [PhysX] Initialized MultithreadedTaskDispatcher with 12 workers.
 -> (artifact id: 'b06ad4b00e52552e4a9df9a05b5f7c54') in 0.002492 seconds
Start importing Packages/com.unity.modules.imgui/package.json using Guid(42fe78c8fe682715a2cb531422e6ccb3) Importer(-1,00000000000000000000000000000000) [PhysX] Initialized MultithreadedTaskDispatcher with 12 workers.
 -> (artifact id: '6d4b5e896ad7a16fed1f9946f068a7e4') in 0.002638 seconds
Start importing Packages/com.unity.modules.tilemap/package.json using Guid(92a378669877c05c6071d0fed687bb95) Importer(-1,00000000000000000000000000000000) [PhysX] Initialized MultithreadedTaskDispatcher with 12 workers.
 -> (artifact id: '9086e1eeef2510342965bd21ac6cbad2') in 0.003199 seconds
Start importing Packages/com.unity.modules.terrainphysics/package.json using Guid(d3cbe921f7b3d9a3257e7c61a5761796) Importer(-1,00000000000000000000000000000000) [PhysX] Initialized MultithreadedTaskDispatcher with 12 workers.
 -> (artifact id: 'e1f1c0f9cd2fc0c16dc74c8606743221') in 0.002845 seconds
Start importing Packages/com.unity.modules.unitywebrequestassetbundle/package.json using Guid(05f7f519769978b79b31d063a7fc6fa1) Importer(-1,00000000000000000000000000000000) [PhysX] Initialized MultithreadedTaskDispatcher with 12 workers.
 -> (artifact id: '4b320db6850392206c39caad6f15e9cc') in 0.002528 seconds
Start importing Packages/com.unity.modules.imageconversion/package.json using Guid(953fab16d15d5885b3600fcd6388b2ad) Importer(-1,00000000000000000000000000000000) [PhysX] Initialized MultithreadedTaskDispatcher with 12 workers.
 -> (artifact id: '94fcdeb315d8abe1697b4cf7d1eb678c') in 0.002961 seconds
Start importing Packages/com.unity.modules.unityanalytics/package.json using Guid(26a4f29db434fd79025c91f6126382cc) Importer(-1,00000000000000000000000000000000) [PhysX] Initialized MultithreadedTaskDispatcher with 12 workers.
 -> (artifact id: '543cc9fe6038792e160c84bc896089b3') in 0.002137 seconds
Start importing Packages/com.unity.modules.video/package.json using Guid(96d14b71b907bb52333b2886e665aba6) Importer(-1,00000000000000000000000000000000) [PhysX] Initialized MultithreadedTaskDispatcher with 12 workers.
 -> (artifact id: '7f54e870f174ae5628c9ec5331d8e889') in 0.002855 seconds
Start importing Packages/com.unity.modules.particlesystem/package.json using Guid(87d720faa37005c08600090e04d8c739) Importer(-1,00000000000000000000000000000000) [PhysX] Initialized MultithreadedTaskDispatcher with 12 workers.
 -> (artifact id: 'fd1b90496632a6c183db630fd68b43f3') in 0.002765 seconds
Start importing Packages/com.unity.modules.physics2d/package.json using Guid(f7a8357347c80dc69c08d0b1a05e2122) Importer(-1,00000000000000000000000000000000) [PhysX] Initialized MultithreadedTaskDispatcher with 12 workers.
 -> (artifact id: 'd20143b0d935b41fc6e80e31ecb10170') in 0.002582 seconds
Start importing Packages/com.unity.modules.vr/package.json using Guid(18a4fadfef534684d5af39ca8dc48fe9) Importer(-1,00000000000000000000000000000000) [PhysX] Initialized MultithreadedTaskDispatcher with 12 workers.
 -> (artifact id: '39b07a0452bf28d0aeca63daa94eb188') in 0.002792 seconds
Start importing Packages/com.unity.modules.wind/package.json using Guid(b83f06ac0c0696e9563230865ca72b81) Importer(-1,00000000000000000000000000000000) [PhysX] Initialized MultithreadedTaskDispatcher with 12 workers.
 -> (artifact id: '110daad41c521ba98311e224a9ae0871') in 0.002570 seconds
Start importing Packages/com.unity.modules.umbra/package.json using Guid(d85e5eeaf8f135aeaaebdc8aa3cff6c3) Importer(-1,00000000000000000000000000000000) [PhysX] Initialized MultithreadedTaskDispatcher with 12 workers.
 -> (artifact id: '35284f3269c88ae4abf889fd3140d79e') in 0.002570 seconds
Start importing Packages/com.unity.modules.audio/package.json using Guid(e9df95f53f1c1d0c9199e235d6c42b50) Importer(-1,00000000000000000000000000000000) [PhysX] Initialized MultithreadedTaskDispatcher with 12 workers.
 -> (artifact id: '84b9445b43158b8a41090261555a8461') in 0.002358 seconds
Start importing Packages/com.unity.modules.physics/package.json using Guid(1a4266815e998967becf686f9c71f0a6) Importer(-1,00000000000000000000000000000000) [PhysX] Initialized MultithreadedTaskDispatcher with 12 workers.
 -> (artifact id: '014dcec9a9c95f26251cba82ee7cdf86') in 0.003508 seconds
Start importing Packages/com.unity.modules.vehicles/package.json using Guid(6afb166a156df2d20433d981f4bb2832) Importer(-1,00000000000000000000000000000000) [PhysX] Initialized MultithreadedTaskDispatcher with 12 workers.
 -> (artifact id: 'f7f33a062646dd3b1952df34fe3c1ae5') in 0.002811 seconds
Start importing Packages/com.unity.modules.unitywebrequestwww/package.json using Guid(fa27413e9edb06a6058d6c894eca0338) Importer(-1,00000000000000000000000000000000) [PhysX] Initialized MultithreadedTaskDispatcher with 12 workers.
 -> (artifact id: '23d70f5f20f5c05b599502de025df3cb') in 0.002733 seconds
Start importing Packages/com.unity.modules.unitywebrequestaudio/package.json using Guid(4b518b37798c97b0f860962cbf615533) Importer(-1,00000000000000000000000000000000) [PhysX] Initialized MultithreadedTaskDispatcher with 12 workers.
 -> (artifact id: '3f957f7e8ea61dc2159cc849429a31ad') in 0.002555 seconds
Start importing Packages/com.unity.modules.xr/package.json using Guid(2c814623cb42764d304be0c5ddd03ceb) Importer(-1,00000000000000000000000000000000) [PhysX] Initialized MultithreadedTaskDispatcher with 12 workers.
 -> (artifact id: 'b8719a7320b52b9a507d81be8f6a54ef') in 0.003012 seconds
Start importing Packages/com.unity.modules.director/package.json using Guid(ec02776fe29df900b897106d61977735) Importer(-1,00000000000000000000000000000000) [PhysX] Initialized MultithreadedTaskDispatcher with 12 workers.
 -> (artifact id: 'ae0f89c196682071a7a2f24940d91955') in 0.002704 seconds
Start importing Packages/com.unity.modules.terrain/package.json using Guid(6d56244f8c39a851975d3c0bd432c66f) Importer(-1,00000000000000000000000000000000) [PhysX] Initialized MultithreadedTaskDispatcher with 12 workers.
 -> (artifact id: '5f65cac08dbdb7face02c56b32d8384b') in 0.004016 seconds
Start importing Packages/com.unity.modules.androidjni/package.json using Guid(bd1af0a6633ee94ae21c7d1d702cdc12) Importer(-1,00000000000000000000000000000000) [PhysX] Initialized MultithreadedTaskDispatcher with 12 workers.
 -> (artifact id: '70c9fc7f5a965ee81a7cc069e3d49f5e') in 0.002949 seconds
Start importing Packages/com.unity.modules.animation/package.json using Guid(7ef8348b8ea834d7e1bc214b07f7fb87) Importer(-1,00000000000000000000000000000000) [PhysX] Initialized MultithreadedTaskDispatcher with 12 workers.
 -> (artifact id: '3f00931d9996e406850aacf2fc2a99c4') in 0.002597 seconds
Start importing Packages/com.unity.modules.unitywebrequest/package.json using Guid(3fdd83b151eb8d25c5e2f82fc39dcb04) Importer(-1,00000000000000000000000000000000) [PhysX] Initialized MultithreadedTaskDispatcher with 12 workers.
 -> (artifact id: '7b787539406591258930dbcba1984438') in 0.002706 seconds
Start importing Packages/com.unity.modules.uielements/package.json using Guid(4f0f9b9f3ed97ad2b9ba8f1a8e4666c2) Importer(-1,00000000000000000000000000000000) [PhysX] Initialized MultithreadedTaskDispatcher with 12 workers.
 -> (artifact id: 'f79c16827910834c72c06ffe4fdd369d') in 0.002679 seconds
Start importing Packages/com.unity.modules.ui/package.json using Guid(bfd567a3d1631a761bca9e99fa53d86d) Importer(-1,00000000000000000000000000000000) [PhysX] Initialized MultithreadedTaskDispatcher with 12 workers.
 -> (artifact id: '4bdc1f5a2a7e342732dae5e91bfcb4e1') in 0.002440 seconds
Loading style catalogs (6)
	StyleSheets/Extensions/base/common.uss
	UIPackageResources/StyleSheets/Default/Variables/Public/common.uss
	StyleSheets/Northstar/common.uss
	StyleSheets/Extensions/fonts/inter.uss
	StyleSheets/Extensions/base/dark.uss
	UIPackageResources/StyleSheets/Default/Northstar/Palette/dark.uss
Refreshing native plugins compatible for Editor in 0.00 ms, found 0 plugins.
Preloading 0 native plugins for Editor in 0.00 ms.
Asset Pipeline Refresh (id=2ea2c94f20922ed4198fb441690dbd59): Total: 14.686 seconds - Initiated by InitialRefreshV2(ForceSynchronousImport)
	Summary:
		Imports: total=128 (actual=128, local cache=0, cache server=0)
		Asset DB Process Time: managed=11 ms, native=818 ms
		Asset DB Callback time: managed=168 ms, native=46 ms
		Scripting: domain reloads=1, domain reload time=1011 ms, compile time=12618 ms, other=11 ms
		Project Asset Count: scripts=95, non-scripts=33
		Asset File Changes: new=128, changed=128, moved=0, deleted=0
		Scan Filter Count: 0
	InvokeBeforeRefreshCallbacks: 1.287ms
	ApplyChangesToAssetFolders: 0.099ms
	Scan: 155.076ms
	OnSourceAssetsModified: 3.067ms
	GetAllGuidsForCategorization: 0.043ms
	CategorizeAssets: 1.302ms
	ImportOutOfDateAssets: 894.997ms (-12230.691ms without children)
		ImportManagerImport: 507.444ms (69.395ms without children)
			ImportInProcess: 437.746ms
			UpdateCategorizedAssets: 0.303ms
		CompileScripts: 12617.654ms
		ReloadNativeAssets: 0.001ms
		UnloadImportedAssets: 0.119ms
		ReloadImportedAssets: 0.018ms
		EnsureUptoDateAssetsAreRegisteredWithGuidPM: 0.035ms
		InitializingProgressBar: 0.006ms
		PostProcessAllAssetNotificationsAddChangedAssets: 0.001ms
		OnDemandSchedulerStart: 0.411ms
	PostProcessAllAssets: 216.349ms
	Hotreload: 2.229ms
	GatherAllCurrentPrimaryArtifactRevisions: 0.010ms
	UnloadStreamsBegin: 0.113ms
	PersistCurrentRevisions: 0.199ms
	UnloadStreamsEnd: 0.014ms
	GenerateScriptTypeHashes: 0.001ms
	Untracked: 13410.775ms
Application.AssetDatabase Initial Refresh End
Scanning for USB devices : 1.676ms
Initializing Unity extensions:
[Licensing::Client] Successfully resolved entitlement details
[Licensing::Module] Serial number assigned to: "F4-6RG9-4KD6-T4HW-2SXE-XXXX"
[Licensing::Module] Serial number assigned to: "14568601583659-UnityPersXXXX"
[MODES] ModeService[none].Initialize
[MODES] ModeService[none].LoadModes
[MODES] Loading mode Default (0) for mode-current-id-turret-aim-regression
[PhysX] Initialized MultithreadedTaskDispatcher with 12 workers.
ProgressiveSceneManager::Cancel()
Unloading 5 Unused Serialized files (Serialized files now loaded: 0)
Unloading 16 unused Assets / (474.6 KB). Loaded Objects now: 620.
Memory consumption went from 84.9 MB to 84.4 MB.
Total: 2.997100 ms (FindLiveObjects: 0.045300 ms CreateObjectMapping: 0.005700 ms MarkObjects: 2.742500 ms  DeleteObjects: 0.202600 ms)

[TurretAimRegression] 실제 NavMesh 깊이: -0.0833, 플레이어 깊이: 0.0000
이전 코드 착지: (2.00, -2.00, 0.00), 제자리=True
PASS: 조준 (1.00, 0.00, 0.00), 거리 0.2, 깊이 0
PASS: 조준 (1.00, 0.00, 0.00), 거리 0.8, 깊이 0
PASS: 조준 (1.00, 0.00, 0.00), 거리 4, 깊이 0
PASS: 조준 (-1.00, 0.00, 0.00), 거리 0.2, 깊이 0
PASS: 조준 (-1.00, 0.00, 0.00), 거리 0.8, 깊이 0
PASS: 조준 (-1.00, 0.00, 0.00), 거리 4, 깊이 0
PASS: 조준 (0.00, 1.00, 0.00), 거리 0.2, 깊이 0
PASS: 조준 (0.00, 1.00, 0.00), 거리 0.8, 깊이 0
PASS: 조준 (0.00, 1.00, 0.00), 거리 4, 깊이 0
PASS: 조준 (0.00, -1.00, 0.00), 거리 0.2, 깊이 0
PASS: 조준 (0.00, -1.00, 0.00), 거리 0.8, 깊이 0
PASS: 조준 (0.00, -1.00, 0.00), 거리 4, 깊이 0
PASS: 조준 (0.71, 0.71, 0.00), 거리 0.2, 깊이 0
PASS: 조준 (0.71, 0.71, 0.00), 거리 0.8, 깊이 0
PASS: 조준 (0.71, 0.71, 0.00), 거리 4, 깊이 0
PASS: 조준 (-0.71, 0.71, 0.00), 거리 0.2, 깊이 0
PASS: 조준 (-0.71, 0.71, 0.00), 거리 0.8, 깊이 0
PASS: 조준 (-0.71, 0.71, 0.00), 거리 4, 깊이 0
PASS: 조준 (0.71, -0.71, 0.00), 거리 0.2, 깊이 0
PASS: 조준 (0.71, -0.71, 0.00), 거리 0.8, 깊이 0
PASS: 조준 (0.71, -0.71, 0.00), 거리 4, 깊이 0
PASS: 조준 (-0.71, -0.71, 0.00), 거리 0.2, 깊이 0
PASS: 조준 (-0.71, -0.71, 0.00), 거리 0.8, 깊이 0
PASS: 조준 (-0.71, -0.71, 0.00), 거리 4, 깊이 0
PASS: 실제 마우스 입력 → Activate → 비행 → 착지 (바닥 깊이 0)
실제 NavMesh 깊이: 0.1667, 플레이어 깊이: 0.0000
이전 코드 착지: (2.00, -2.00, 0.00), 제자리=True
PASS: 조준 (1.00, 0.00, 0.00), 거리 0.2, 깊이 0.25
PASS: 조준 (1.00, 0.00, 0.00), 거리 0.8, 깊이 0.25
PASS: 조준 (1.00, 0.00, 0.00), 거리 4, 깊이 0.25
PASS: 조준 (-1.00, 0.00, 0.00), 거리 0.2, 깊이 0.25
PASS: 조준 (-1.00, 0.00, 0.00), 거리 0.8, 깊이 0.25
PASS: 조준 (-1.00, 0.00, 0.00), 거리 4, 깊이 0.25
PASS: 조준 (0.00, 1.00, 0.00), 거리 0.2, 깊이 0.25
PASS: 조준 (0.00, 1.00, 0.00), 거리 0.8, 깊이 0.25
PASS: 조준 (0.00, 1.00, 0.00), 거리 4, 깊이 0.25
PASS: 조준 (0.00, -1.00, 0.00), 거리 0.2, 깊이 0.25
PASS: 조준 (0.00, -1.00, 0.00), 거리 0.8, 깊이 0.25
PASS: 조준 (0.00, -1.00, 0.00), 거리 4, 깊이 0.25
PASS: 조준 (0.71, 0.71, 0.00), 거리 0.2, 깊이 0.25
PASS: 조준 (0.71, 0.71, 0.00), 거리 0.8, 깊이 0.25
PASS: 조준 (0.71, 0.71, 0.00), 거리 4, 깊이 0.25
PASS: 조준 (-0.71, 0.71, 0.00), 거리 0.2, 깊이 0.25
PASS: 조준 (-0.71, 0.71, 0.00), 거리 0.8, 깊이 0.25
PASS: 조준 (-0.71, 0.71, 0.00), 거리 4, 깊이 0.25
PASS: 조준 (0.71, -0.71, 0.00), 거리 0.2, 깊이 0.25
PASS: 조준 (0.71, -0.71, 0.00), 거리 0.8, 깊이 0.25
PASS: 조준 (0.71, -0.71, 0.00), 거리 4, 깊이 0.25
PASS: 조준 (-0.71, -0.71, 0.00), 거리 0.2, 깊이 0.25
PASS: 조준 (-0.71, -0.71, 0.00), 거리 0.8, 깊이 0.25
PASS: 조준 (-0.71, -0.71, 0.00), 거리 4, 깊이 0.25
PASS: 실제 마우스 입력 → Activate → 비행 → 착지 (바닥 깊이 0.25)
실제 NavMesh 깊이: -0.5833, 플레이어 깊이: 0.0000
이전 코드 착지: (2.00, -2.00, 0.00), 제자리=True
PASS: 조준 (1.00, 0.00, 0.00), 거리 0.2, 깊이 -0.5
PASS: 조준 (1.00, 0.00, 0.00), 거리 0.8, 깊이 -0.5
PASS: 조준 (1.00, 0.00, 0.00), 거리 4, 깊이 -0.5
PASS: 조준 (-1.00, 0.00, 0.00), 거리 0.2, 깊이 -0.5
PASS: 조준 (-1.00, 0.00, 0.00), 거리 0.8, 깊이 -0.5
PASS: 조준 (-1.00, 0.00, 0.00), 거리 4, 깊이 -0.5
PASS: 조준 (0.00, 1.00, 0.00), 거리 0.2, 깊이 -0.5
PASS: 조준 (0.00, 1.00, 0.00), 거리 0.8, 깊이 -0.5
PASS: 조준 (0.00, 1.00, 0.00), 거리 4, 깊이 -0.5
PASS: 조준 (0.00, -1.00, 0.00), 거리 0.2, 깊이 -0.5
PASS: 조준 (0.00, -1.00, 0.00), 거리 0.8, 깊이 -0.5
PASS: 조준 (0.00, -1.00, 0.00), 거리 4, 깊이 -0.5
PASS: 조준 (0.71, 0.71, 0.00), 거리 0.2, 깊이 -0.5
PASS: 조준 (0.71, 0.71, 0.00), 거리 0.8, 깊이 -0.5
PASS: 조준 (0.71, 0.71, 0.00), 거리 4, 깊이 -0.5
PASS: 조준 (-0.71, 0.71, 0.00), 거리 0.2, 깊이 -0.5
PASS: 조준 (-0.71, 0.71, 0.00), 거리 0.8, 깊이 -0.5
PASS: 조준 (-0.71, 0.71, 0.00), 거리 4, 깊이 -0.5
PASS: 조준 (0.71, -0.71, 0.00), 거리 0.2, 깊이 -0.5
PASS: 조준 (0.71, -0.71, 0.00), 거리 0.8, 깊이 -0.5
PASS: 조준 (0.71, -0.71, 0.00), 거리 4, 깊이 -0.5
PASS: 조준 (-0.71, -0.71, 0.00), 거리 0.2, 깊이 -0.5
PASS: 조준 (-0.71, -0.71, 0.00), 거리 0.8, 깊이 -0.5
PASS: 조준 (-0.71, -0.71, 0.00), 거리 4, 깊이 -0.5
PASS: 실제 마우스 입력 → Activate → 비행 → 착지 (바닥 깊이 -0.5)
PASS: 이전 코드의 제자리 점프 재현
PASS: NavMesh 없음: 설치 실패 처리
실패 0개
UnityEngine.StackTraceUtility:ExtractStackTrace ()
UnityEngine.DebugLogHandler:LogFormat (UnityEngine.LogType,UnityEngine.Object,string,object[])
UnityEngine.Logger:Log (UnityEngine.LogType,object)
UnityEngine.Debug:Log (object)
TurretAimRegression:Run () (at Assets/Editor/TurretAimRegression.cs:74)

(Filename: Assets/Editor/TurretAimRegression.cs Line: 74)

Curl error 42: Callback aborted
[PhysX] Initialized MultithreadedTaskDispatcher with 12 workers.
Input System module state changed to: ShutdownInProgress.
Input System polling thread exited.
Input System module state changed to: Shutdown.
[Licensing::IpcConnector] LicenseClient-kyung-notifications channel disconnected successfully.
[Licensing::IpcConnector] LicenseClient-kyung channel disconnected successfully.
Cleanup mono
[Performance] WinEditorMain                                                                                                  :        1 samples, Peak.  1.70 s (1.0x), Avg.  1.70 s, Total. 1.696 s (8.1%)
[Performance] WinEditorMain.ConfigureCrashHandler                                                                            :        1 samples, Peak.  20.3 us (1.0x), Avg.  20.3 us, Total. 20.30 us (0.0%)
[Performance] WinEditorMain.CurlRequestInitialize                                                                            :        1 samples, Peak.  1.32 ms (1.0x), Avg.  1.32 ms, Total. 1.319 ms (0.0%)
[Performance] WinEditorMain.SetupLogFile                                                                                     :        1 samples, Peak.   737 us (1.0x), Avg.   737 us, Total. 736.9 us (0.0%)
[Performance] WinEditorMain.RunNativeTestsIfRequiredAndExit                                                                  :        1 samples, Peak.   300 ns (1.0x), Avg.   300 ns, Total. 300.0 ns (0.0%)
[Performance] WinEditorMain.Licensing                                                                                        :        1 samples, Peak.  1.57 s (1.0x), Avg.  1.57 s, Total. 1.570 s (7.5%)
[Performance] WinEditorMain.InitializeCrashHandler                                                                           :        1 samples, Peak.  13.4 ms (1.0x), Avg.  13.4 ms, Total. 13.44 ms (0.1%)
[Performance] WinEditorMain.CreateApplication                                                                                :        1 samples, Peak.  51.1 ms (1.0x), Avg.  51.1 ms, Total. 51.12 ms (0.2%)
[Performance] Application.InitializeProject                                                                                  :        1 samples, Peak.  18.7 s (1.0x), Avg.  18.7 s, Total. 18.73 s (89.7%)
[Performance] Application.PackageManager.StartServer                                                                         :        1 samples, Peak.  4.38 ms (1.0x), Avg.  4.38 ms, Total. 4.381 ms (0.0%)
[Performance] Application.AcquireProjectLock                                                                                 :        1 samples, Peak.  9.89 ms (1.0x), Avg.  9.89 ms, Total. 9.886 ms (0.0%)
[Performance] Application.InitializeEngineNoGraphics                                                                         :        1 samples, Peak.   143 ms (1.0x), Avg.   143 ms, Total. 142.9 ms (0.7%)
[Performance] Application.PackageManager.Initialize                                                                          :        1 samples, Peak.   640 ms (1.0x), Avg.   640 ms, Total. 640.1 ms (3.1%)
[Performance] Connecting to Package Manager                                                                                  :       65 samples, Peak.  66.0 us (24.9x), Avg.  2.65 us, Total. 172.1 us (0.0%)
[Performance] PackageManager::Api::RunRequestSynchronously                                                                   :       17 samples, Peak.  13.5 us (4.1x), Avg.  3.32 us, Total. 56.40 us (0.0%)
[Performance] Application.EngineGraphics.Initialize                                                                          :        1 samples, Peak.  30.3 ms (1.0x), Avg.  30.3 ms, Total. 30.25 ms (0.1%)
[Performance] Application.GI.Initialize                                                                                      :        1 samples, Peak.  28.1 ms (1.0x), Avg.  28.1 ms, Total. 28.12 ms (0.1%)
[Performance] Application.LoadAllDefaultResourcesFromEditor                                                                  :        1 samples, Peak.  1.93 ms (1.0x), Avg.  1.93 ms, Total. 1.933 ms (0.0%)
[Performance] Application.LoadMonoAssemblies                                                                                 :        1 samples, Peak.  1.44 s (1.0x), Avg.  1.44 s, Total. 1.444 s (6.9%)
[Performance] RestoreManagedReferences                                                                                       :        2 samples, Peak.  45.0 ms (2.0x), Avg.  22.5 ms, Total. 44.96 ms (0.2%)
[Performance] InitializeOnLoad DrivenRectTransformUndo                                                                       :        2 samples, Peak.   510 us (1.1x), Avg.   464 us, Total. 927.8 us (0.0%)
[Performance] InitializeOnLoad SceneSearch                                                                                   :        2 samples, Peak.   153 us (1.0x), Avg.   151 us, Total. 302.7 us (0.0%)
[Performance] InitializeOnLoad CloudBuild                                                                                    :        2 samples, Peak.  6.30 us (1.1x), Avg.  5.90 us, Total. 11.80 us (0.0%)
[Performance] InitializeOnLoad NativeFormatImporterUtility                                                                   :        2 samples, Peak.  5.67 ms (1.5x), Avg.  3.80 ms, Total. 7.597 ms (0.0%)
[Performance] InitializeOnLoad SearchService                                                                                 :        2 samples, Peak.   169 us (1.2x), Avg.   146 us, Total. 292.1 us (0.0%)
[Performance] InitializeOnLoad SettingsService                                                                               :        2 samples, Peak.  10.9 us (1.1x), Avg.  9.65 us, Total. 19.30 us (0.0%)
[Performance] InitializeOnLoad WindowLayout                                                                                  :        2 samples, Peak.  1.03 ms (1.2x), Avg.   857 us, Total. 1.713 ms (0.0%)
[Performance] InitializeOnLoad AssetStoreContext                                                                             :        2 samples, Peak.  37.2 ms (1.1x), Avg.  33.2 ms, Total. 66.33 ms (0.3%)
[Performance] InitializeOnLoad PoolManager                                                                                   :        2 samples, Peak.  2.14 ms (1.6x), Avg.  1.37 ms, Total. 2.748 ms (0.0%)
[Performance] InitializeOnLoad MixerEffectDefinitionReloader                                                                 :        2 samples, Peak.  4.22 ms (1.4x), Avg.  3.00 ms, Total. 5.997 ms (0.0%)
[Performance] InitializeOnLoad ProjectSearch                                                                                 :        2 samples, Peak.   203 us (1.5x), Avg.   136 us, Total. 272.0 us (0.0%)
[Performance] InitializeOnLoad UISystemProfilerRenderService                                                                 :        2 samples, Peak.  14.0 us (1.2x), Avg.  11.7 us, Total. 23.50 us (0.0%)
[Performance] InitializeOnLoad EditMode                                                                                      :        2 samples, Peak.   540 us (1.1x), Avg.   471 us, Total. 942.5 us (0.0%)
[Performance] InitializeOnLoad UnityConnect                                                                                  :        2 samples, Peak.  62.3 us (1.1x), Avg.  59.0 us, Total. 118.1 us (0.0%)
[Performance] InitializeOnLoad ManagedDebugger                                                                               :        2 samples, Peak.  1.13 ms (1.2x), Avg.   924 us, Total. 1.849 ms (0.0%)
[Performance] InitializeOnLoad ShortcutIntegration                                                                           :        2 samples, Peak.   149 us (1.4x), Avg.   105 us, Total. 209.9 us (0.0%)
[Performance] InitializeOnLoad AddComponentWindow                                                                            :        2 samples, Peak.   195 us (1.3x), Avg.   155 us, Total. 309.7 us (0.0%)
[Performance] InitializeOnLoad ManagedDebuggerWindow                                                                         :        2 samples, Peak.   196 us (1.2x), Avg.   167 us, Total. 333.4 us (0.0%)
[Performance] InitializeOnLoad CacheServerWindow                                                                             :        2 samples, Peak.  12.8 us (1.2x), Avg.  10.7 us, Total. 21.40 us (0.0%)
[Performance] InitializeOnLoad PlayModeDownload                                                                              :        2 samples, Peak.  7.27 ms (2.0x), Avg.  3.73 ms, Total. 7.453 ms (0.0%)
[Performance] InitializeOnLoad MenuItems                                                                                     :        2 samples, Peak.   112 us (1.1x), Avg.   102 us, Total. 203.5 us (0.0%)
[Performance] InitializeOnLoad PrefabInstanceChangedListener                                                                 :        2 samples, Peak.   158 us (1.0x), Avg.   151 us, Total. 301.0 us (0.0%)
[Performance] InitializeOnLoad ObjectSelectorSearch                                                                          :        2 samples, Peak.  48.7 us (1.0x), Avg.  48.0 us, Total. 95.90 us (0.0%)
[Performance] InitializeOnLoad EditorMonitor                                                                                 :        2 samples, Peak.   674 us (1.1x), Avg.   641 us, Total. 1.282 ms (0.0%)
[Performance] InitializeOnLoad RetainedMode                                                                                  :        2 samples, Peak.  2.53 ms (1.1x), Avg.  2.40 ms, Total. 4.794 ms (0.0%)
[Performance] InitializeOnLoad EditorShaderLoader                                                                            :        2 samples, Peak.   822 us (1.0x), Avg.   791 us, Total. 1.582 ms (0.0%)
[Performance] InitializeOnLoad EditorDelegateRegistration                                                                    :        2 samples, Peak.  1.12 ms (1.3x), Avg.   861 us, Total. 1.721 ms (0.0%)
[Performance] InitializeOnLoad UIDocumentHierarchyWatcher                                                                    :        2 samples, Peak.   168 us (1.1x), Avg.   153 us, Total. 305.8 us (0.0%)
[Performance] InitializeOnLoad LiveReloadTrackerCreator                                                                      :        2 samples, Peak.   258 us (1.0x), Avg.   248 us, Total. 495.3 us (0.0%)
[Performance] InitializeOnLoad UxmlObjectEditorFactories                                                                     :        2 samples, Peak.   873 us (1.3x), Avg.   689 us, Total. 1.377 ms (0.0%)
[Performance] InitializeOnLoad UXMLEditorFactories                                                                           :        2 samples, Peak.  80.1 ms (1.0x), Avg.  79.0 ms, Total. 158.0 ms (0.8%)
[Performance] InitializeOnLoad PurchasingService                                                                             :        2 samples, Peak.  8.96 ms (1.0x), Avg.  8.65 ms, Total. 17.30 ms (0.1%)
[Performance] InitializeOnLoad CloudBuildPoller                                                                              :        2 samples, Peak.   131 us (1.1x), Avg.   124 us, Total. 248.1 us (0.0%)
[Performance] InitializeOnLoad EditorGameServicesAnalytics                                                                   :        2 samples, Peak.  4.82 ms (1.6x), Avg.  2.92 ms, Total. 5.840 ms (0.0%)
[Performance] InitializeOnLoad AnalyticsService                                                                              :        2 samples, Peak.   238 us (1.0x), Avg.   227 us, Total. 453.7 us (0.0%)
[Performance] InitializeOnLoad BuildService                                                                                  :        2 samples, Peak.   185 us (1.0x), Avg.   185 us, Total. 369.6 us (0.0%)
[Performance] InitializeOnLoad AdsService                                                                                    :        2 samples, Peak.   525 us (1.1x), Avg.   492 us, Total. 984.0 us (0.0%)
[Performance] InitializeOnLoad UDPService                                                                                    :        2 samples, Peak.   197 us (1.0x), Avg.   192 us, Total. 383.7 us (0.0%)
[Performance] InitializeOnLoad CrashService                                                                                  :        2 samples, Peak.   178 us (1.0x), Avg.   177 us, Total. 354.3 us (0.0%)
[Performance] InitializeOnLoad ServicesRepository                                                                            :        2 samples, Peak.  2.10 us (1.6x), Avg.  1.35 us, Total. 2.700 us (0.0%)
[Performance] InitializeOnLoad SearchWindow                                                                                  :        2 samples, Peak.   153 us (1.1x), Avg.   136 us, Total. 272.5 us (0.0%)
[Performance] InitializeOnLoad CustomIndexers                                                                                :        2 samples, Peak.  26.9 ms (1.2x), Avg.  22.8 ms, Total. 45.50 ms (0.2%)
[Performance] VersionControl.Task.Wait                                                                                       :        1 samples, Peak.  10.3 us (1.0x), Avg.  10.3 us, Total. 10.30 us (0.0%)
[Performance] InitializeOnLoad SearchMonitor                                                                                 :        2 samples, Peak.  1.98 ms (1.4x), Avg.  1.43 ms, Total. 2.858 ms (0.0%)
[Performance] InitializeOnLoad ParameterControllerEditor                                                                     :        2 samples, Peak.  25.1 us (1.2x), Avg.  20.9 us, Total. 41.90 us (0.0%)
[Performance] InitializeOnLoad LayerSettingsWindow                                                                           :        2 samples, Peak.  36.0 us (1.7x), Avg.  20.6 us, Total. 41.20 us (0.0%)
[Performance] InitializeOnLoad PackageManagerHookGUIDConverter.RegisterPackagesEventHandler                                  :        2 samples, Peak.   895 us (1.7x), Avg.   515 us, Total. 1.031 ms (0.0%)
[Performance] InitializeOnLoad EditorDragAndDrop.RegisterEditorClient                                                        :        2 samples, Peak.   282 us (1.2x), Avg.   242 us, Total. 483.0 us (0.0%)
[Performance] InitializeOnLoad EditorEventCallbacks.InitializeFontAssetResourceChangeCallBacks                               :        2 samples, Peak.  1.31 ms (1.0x), Avg.  1.29 ms, Total. 2.582 ms (0.0%)
[Performance] InitializeOnLoad SceneTemplateService.Init                                                                     :        2 samples, Peak.  1.43 ms (1.1x), Avg.  1.35 ms, Total. 2.710 ms (0.0%)
[Performance] InitializeOnLoad DiagnosticSwitchesConsoleMessage.Init                                                         :        2 samples, Peak.  8.20 ms (1.8x), Avg.  4.45 ms, Total. 8.900 ms (0.0%)
[Performance] InitializeOnLoad PackageManagerWindow.EditorInitializedInSafeMode                                              :        2 samples, Peak.  29.6 ms (2.0x), Avg.  14.9 ms, Total. 29.80 ms (0.1%)
[Performance] InitializeOnLoad ToolShortcutContext.Init                                                                      :        2 samples, Peak.   325 us (1.4x), Avg.   235 us, Total. 469.5 us (0.0%)
[Performance] InitializeOnLoad MemoryProfilerCompilationGuard.InjectCompileGuard                                             :        2 samples, Peak.   184 us (1.0x), Avg.   181 us, Total. 361.3 us (0.0%)
[Performance] InitializeOnLoad AssetPostprocessingInternal.RefreshCustomDependencies                                         :        2 samples, Peak.  3.43 ms (1.6x), Avg.  2.18 ms, Total. 4.365 ms (0.0%)
[Performance] InitializeOnLoad SysrootManager.Initialize                                                                     :        2 samples, Peak.   703 us (1.1x), Avg.   645 us, Total. 1.291 ms (0.0%)
[Performance] InitializeOnLoad ScopedRegistryAddedPopup.SubscribeToRegistriesAdded                                           :        2 samples, Peak.  9.95 ms (2.0x), Avg.  5.04 ms, Total. 10.07 ms (0.0%)
[Performance] InitializeOnLoad SceneVisibilityManager.Initialize                                                             :        2 samples, Peak.  6.07 ms (1.7x), Avg.  3.49 ms, Total. 6.990 ms (0.0%)
[Performance] InitializeOnLoad EditorWindow.Initialize                                                                       :        2 samples, Peak.   256 us (1.0x), Avg.   252 us, Total. 504.3 us (0.0%)
[Performance] AssemblyReloadEvents.afterAssemblyReload: UnityEditor.SceneTemplate.SceneTemplateService.AfterAssemblyReload   :        2 samples, Peak.  4.41 ms (1.9x), Avg.  2.36 ms, Total. 4.723 ms (0.0%)
[Performance] ProcessService.EditorAfterLoadAllAssemblies                                                                    :        2 samples, Peak.   532 us (1.3x), Avg.   399 us, Total. 797.8 us (0.0%)
[Performance] Application.ReadLicenseInfo                                                                                    :        1 samples, Peak.  13.2 ms (1.0x), Avg.  13.2 ms, Total. 13.24 ms (0.1%)
[Performance] Application.InitialRefresh                                                                                     :        1 samples, Peak.  14.7 s (1.0x), Avg.  14.7 s, Total. 14.69 s (70.3%)
[Performance] BuilderAssetModificationProcessor.OnWillCreateAsset                                                            :       12 samples, Peak.  1.52 ms (10.3x), Avg.   147 us, Total. 1.765 ms (0.0%)
[Performance] ShaderImporter.SourceAssetModified                                                                             :        2 samples, Peak.  2.50 us (1.0x), Avg.  2.45 us, Total. 4.900 us (0.0%)
[Performance] ShaderIncludeImporter.SourceAssetModified                                                                      :        2 samples, Peak.  7.20 us (1.0x), Avg.  6.95 us, Total. 13.90 us (0.0%)
[Performance] Compiling Scripts                                                                                              :        1 samples, Peak.  12.6 s (1.0x), Avg.  12.6 s, Total. 12.62 s (60.4%)
[Performance] Package.AsyncRequest                                                                                           :        5 samples, Peak.  1.31 ms (2.9x), Avg.   446 us, Total. 2.231 ms (0.0%)
[Performance] AssemblyReloadEvents.beforeAssemblyReload: UnityEditor.SceneTemplate.SceneTemplateService.BeforeAssemblyReload :        1 samples, Peak.   563 us (1.0x), Avg.   563 us, Total. 563.1 us (0.0%)
[Performance] PresetManagerPostProcessor.OnPreprocessAsset                                                                   :      128 samples, Peak.  2.38 ms (71.2x), Avg.  33.5 us, Total. 4.284 ms (0.0%)
[Performance] CancelSplashScreenOnAssetChange.OnPreprocessAsset                                                              :      128 samples, Peak.   167 us (46.8x), Avg.  3.57 us, Total. 457.5 us (0.0%)
[Performance] InitializeOnLoad TouchSimulation                                                                               :        1 samples, Peak.   383 us (1.0x), Avg.   383 us, Total. 383.3 us (0.0%)
[Performance] InitializeOnLoad InputSystem                                                                                   :        1 samples, Peak.  61.9 ms (1.0x), Avg.  61.9 ms, Total. 61.85 ms (0.3%)
[Performance] InitializeOnLoad InputSystemUIInputModuleEditor                                                                :        1 samples, Peak.   253 us (1.0x), Avg.   253 us, Total. 253.0 us (0.0%)
[Performance] InitializeOnLoad EnableUITKEditor                                                                              :        1 samples, Peak.  45.6 us (1.0x), Avg.  45.6 us, Total. 45.60 us (0.0%)
[Performance] InitializeOnLoad InputSystemPackageControl.SubscribePackageManagerEvent                                        :        1 samples, Peak.   186 us (1.0x), Avg.   186 us, Total. 186.4 us (0.0%)
[Performance] InitializeOnLoad InputSystemPluginControl.CheckForExtension                                                    :        1 samples, Peak.  1.86 ms (1.0x), Avg.  1.86 ms, Total. 1.864 ms (0.0%)
[Performance] DidReloadScriptsAdvancedDropdownWindow.OnScriptReload                                                          :        2 samples, Peak.   260 us (1.1x), Avg.   231 us, Total. 462.5 us (0.0%)
[Performance] AssetDatabase.ImportAssets                                                                                     :        3 samples, Peak.   800 ns (1.7x), Avg.   467 ns, Total. 1.400 us (0.0%)
[Performance] BuilderAssetPostprocessor.OnPostprocessAllAssets                                                               :        2 samples, Peak.  5.60 ms (1.0x), Avg.  5.53 ms, Total. 11.05 ms (0.1%)
[Performance] ArtifactBrowserPostProcessor.OnPostprocessAllAssets                                                            :        2 samples, Peak.   577 us (1.0x), Avg.   575 us, Total. 1.150 ms (0.0%)
[Performance] AssetEvents.OnPostprocessAllAssets                                                                             :        4 samples, Peak.   360 us (1.7x), Avg.   211 us, Total. 843.7 us (0.0%)
[Performance] AudioMixerPostprocessor.OnPostprocessAllAssets                                                                 :        2 samples, Peak.   321 us (1.0x), Avg.   319 us, Total. 638.7 us (0.0%)
[Performance] StyleCatalogPostProcessor.OnPostprocessAllAssets                                                               :        2 samples, Peak.   128 ms (1.0x), Avg.   128 ms, Total. 255.8 ms (1.2%)
[Performance] BuildCatalog                                                                                                   :        1 samples, Peak.   127 ms (1.0x), Avg.   127 ms, Total. 126.7 ms (0.6%)
[Performance] EditorResources.Load                                                                                           :        6 samples, Peak.  13.2 ms (2.4x), Avg.  5.41 ms, Total. 32.45 ms (0.2%)
[Performance] ModelImporterPostProcessor.OnPostprocessAllAssets                                                              :        2 samples, Peak.  2.20 ms (1.0x), Avg.  2.20 ms, Total. 4.393 ms (0.0%)
[Performance] RetainedModeAssetPostprocessor.OnPostprocessAllAssets                                                          :        2 samples, Peak.  4.84 ms (1.0x), Avg.  4.84 ms, Total. 9.670 ms (0.0%)
[Performance] AssetChangedListener.OnPostprocessAllAssets                                                                    :        2 samples, Peak.  2.67 ms (1.0x), Avg.  2.67 ms, Total. 5.330 ms (0.0%)
[Performance] SpeedTreePostProcessor.OnPostprocessAllAssets                                                                  :        2 samples, Peak.  1.00 ms (1.0x), Avg.   999 us, Total. 1.997 ms (0.0%)
[Performance] TextAssetPostProcessor.OnPostprocessAllAssets                                                                  :        2 samples, Peak.   898 us (1.0x), Avg.   896 us, Total. 1.791 ms (0.0%)
[Performance] InputActionAssetPostprocessor.OnPostprocessAllAssets                                                           :        2 samples, Peak.  1.30 ms (1.0x), Avg.  1.30 ms, Total. 2.591 ms (0.0%)
[Performance] InputActionJsonNameModifierAssetProcessor.OnPostprocessAllAssets                                               :        2 samples, Peak.   750 us (1.0x), Avg.   747 us, Total. 1.495 ms (0.0%)
[Performance] ProjectSettingsPostprocessor.OnPostprocessAllAssets                                                            :        2 samples, Peak.  2.24 ms (1.0x), Avg.  2.23 ms, Total. 4.467 ms (0.0%)
[Performance] SyncVS.PostprocessSyncProject                                                                                  :        1 samples, Peak.  1.83 ms (1.0x), Avg.  1.83 ms, Total. 1.834 ms (0.0%)
[Performance] EditorApplication.projectChanged: UnityEditor.Audio.MixerEffectDefinitionReloader.OnProjectChanged             :        1 samples, Peak.  1.28 ms (1.0x), Avg.  1.28 ms, Total. 1.276 ms (0.0%)
[Performance] EditorApplication.projectChanged: UnityEngine.InputSystem.LowLevel.NativeInputRuntime.OnProjectChanged         :        1 samples, Peak.   205 us (1.0x), Avg.   205 us, Total. 204.6 us (0.0%)
[Performance] Application.ImportPackagesAndSetTemplateWhenCreatingProject                                                    :        1 samples, Peak.  19.3 ms (1.0x), Avg.  19.3 ms, Total. 19.35 ms (0.1%)
[Performance] Application.SyncCurrentColorSpace                                                                              :        1 samples, Peak.   300 ns (1.0x), Avg.   300 ns, Total. 300.0 ns (0.0%)
[Performance] Application.OnUsbDevicesChanged                                                                                :        1 samples, Peak.  1.72 ms (1.0x), Avg.  1.72 ms, Total. 1.721 ms (0.0%)
[Performance] Application.AssetDatabase.SaveAssets                                                                           :        1 samples, Peak.  3.35 ms (1.0x), Avg.  3.35 ms, Total. 3.351 ms (0.0%)
[Performance] BuilderAssetModificationProcessor.OnWillSaveAssets                                                             :        2 samples, Peak.   390 us (2.0x), Avg.   199 us, Total. 397.3 us (0.0%)
[Performance] TerrainModificationProcessor.OnWillSaveAssets                                                                  :        2 samples, Peak.   682 us (2.0x), Avg.   342 us, Total. 683.2 us (0.0%)
[Performance] Application.AssetInstanceCacheUpdate                                                                           :        1 samples, Peak.   200 ns (1.0x), Avg.   200 ns, Total. 200.0 ns (0.0%)
[Performance] Application.UnityExtensions.Initialize                                                                         :        1 samples, Peak.   337 us (1.0x), Avg.   337 us, Total. 337.4 us (0.0%)
[Performance] CodeEditorProjectSync.SyncEditorProject                                                                        :        1 samples, Peak.   110 us (1.0x), Avg.   110 us, Total. 110.4 us (0.0%)
[Performance] Application.ExecuteStartups                                                                                    :        1 samples, Peak.  35.1 ms (1.0x), Avg.  35.1 ms, Total. 35.08 ms (0.2%)
[Performance] Menu.RegisterMenuInterface                                                                                     :       26 samples, Peak.  1.00 us (6.2x), Avg.   162 ns, Total. 4.200 us (0.0%)
[Performance] Gizmo.RebuildRenderers                                                                                         :        1 samples, Peak.  34.5 ms (1.0x), Avg.  34.5 ms, Total. 34.55 ms (0.2%)
[Performance] Gizmo.AddGizmoRenderers                                                                                        :       22 samples, Peak.  1.39 ms (14.3x), Avg.  96.6 us, Total. 2.126 ms (0.0%)
[Performance] Application.editorInitializingProject                                                                          :        1 samples, Peak.   110 ms (1.0x), Avg.   110 ms, Total. 109.7 ms (0.5%)
[Performance] Application.InitializeMenu                                                                                     :        1 samples, Peak.  91.3 ms (1.0x), Avg.  91.3 ms, Total. 91.30 ms (0.4%)
[Performance] Menu.RebuildAll                                                                                                :        1 samples, Peak.  91.2 ms (1.0x), Avg.  91.2 ms, Total. 91.24 ms (0.4%)
[Performance] Menu.BuildRegisteredMenuInterfaces                                                                             :        1 samples, Peak.  89.5 ms (1.0x), Avg.  89.5 ms, Total. 89.45 ms (0.4%)
[Performance] Menu.FilterMenuItem                                                                                            :      496 samples, Peak.  13.1 ms (488.1x), Avg.  26.8 us, Total. 13.28 ms (0.1%)
[Performance] UpdateAllMenus                                                                                                 :        1 samples, Peak.   536 us (1.0x), Avg.   536 us, Total. 535.5 us (0.0%)
[Performance] Menu.RebuildOSMainMenu                                                                                         :        2 samples, Peak.  1.41 ms (1.1x), Avg.  1.26 ms, Total. 2.514 ms (0.0%)
[Performance] EditorSceneManager.sceneClosing: UnityEditor.SceneVisibilityManager.EditorSceneManagerOnSceneClosing           :        1 samples, Peak.   303 us (1.0x), Avg.   303 us, Total. 302.5 us (0.0%)
[Performance] GUIView.RepaintAll.PlayerLoopController                                                                        :        1 samples, Peak.   900 ns (1.0x), Avg.   900 ns, Total. 900.0 ns (0.0%)
[Performance] EditorSceneManager.newSceneCreated: UnityEditor.SceneTemplate.SceneTemplateService.OnNewSceneCreated           :        1 samples, Peak.   259 us (1.0x), Avg.   259 us, Total. 258.7 us (0.0%)
[Performance] EditorSceneManager.newSceneCreated: UnityEditor.SceneVisibilityManager.EditorSceneManagerOnNewSceneCreated     :        1 samples, Peak.   227 us (1.0x), Avg.   227 us, Total. 227.4 us (0.0%)
[Performance] EditorSceneManager.newSceneCreated: UnityEditor.SceneManagement.StageNavigationManager.OnNewSceneCreated       :        1 samples, Peak.  63.9 us (1.0x), Avg.  63.9 us, Total. 63.90 us (0.0%)
[Performance] Application.InvokeFinishedLoadingProject                                                                       :        1 samples, Peak.   564 us (1.0x), Avg.   564 us, Total. 564.3 us (0.0%)
[Performance] ProcessService.OnProjectLoaded                                                                                 :        1 samples, Peak.  43.4 us (1.0x), Avg.  43.4 us, Total. 43.40 us (0.0%)
[Performance] SceneDataContainer.TransformHierarchyChangedSetParentCallback                                                  :        9 samples, Peak.  19.8 us (7.0x), Avg.  2.84 us, Total. 25.60 us (0.0%)
[Performance] SceneVisibilityState.IsFlagSetInParents                                                                        :        9 samples, Peak.  1.00 us (2.0x), Avg.   511 ns, Total. 4.600 us (0.0%)
[Performance] Application.Shutdown.SaveDefaultWindowPreferences                                                              :        1 samples, Peak.  81.6 us (1.0x), Avg.  81.6 us, Total. 81.60 us (0.0%)
[Performance] Application.Shutdown.SaveSceneManagerSetup                                                                     :        1 samples, Peak.   486 us (1.0x), Avg.   486 us, Total. 485.6 us (0.0%)
[Performance] Application.Shutdown.CleanupAllContainerWindows                                                                :        1 samples, Peak.   800 ns (1.0x), Avg.   800 ns, Total. 800.0 ns (0.0%)
[Performance] EditorApplication.quitting: callback in UnityEditor.TextCore.Text.EditorEventCallbacks                         :        1 samples, Peak.  30.0 ms (1.0x), Avg.  30.0 ms, Total. 30.00 ms (0.1%)
[Performance] Application.Shutdown.PauseProfilerSession                                                                      :        1 samples, Peak.  23.7 us (1.0x), Avg.  23.7 us, Total. 23.70 us (0.0%)
[Performance] Application.Shutdown.PauseAssetImportWorkers                                                                   :        1 samples, Peak.  60.3 us (1.0x), Avg.  60.3 us, Total. 60.30 us (0.0%)
[Performance] Application.Shutdown.SaveAssets                                                                                :        1 samples, Peak.  3.98 ms (1.0x), Avg.  3.98 ms, Total. 3.983 ms (0.0%)
[Performance] Application.Shutdown.CleanupRenderPipeline                                                                     :        1 samples, Peak.  5.30 us (1.0x), Avg.  5.30 us, Total. 5.300 us (0.0%)
[Performance] Application.Shutdown.StopPreloadManager                                                                        :        1 samples, Peak.  9.97 ms (1.0x), Avg.  9.97 ms, Total. 9.967 ms (0.0%)
[Performance] Application.Shutdown.DestroyWorld                                                                              :        1 samples, Peak.   303 us (1.0x), Avg.   303 us, Total. 303.5 us (0.0%)
[Performance] Application.Shutdown.CleanupAfterLoad                                                                          :        1 samples, Peak.  2.27 ms (1.0x), Avg.  2.27 ms, Total. 2.270 ms (0.0%)
[Performance] Application.Shutdown.Progress                                                                                  :        1 samples, Peak.  17.7 us (1.0x), Avg.  17.7 us, Total. 17.70 us (0.0%)
[Performance] Application.Shutdown.GICleanupManagers                                                                         :        1 samples, Peak.   681 us (1.0x), Avg.   681 us, Total. 680.8 us (0.0%)
[Performance] Application.Shutdown.MenuCleanupClass                                                                          :        1 samples, Peak.   129 us (1.0x), Avg.   129 us, Total. 128.9 us (0.0%)
[Performance] Application.Shutdown.ADBSaveStateBeforeShutdown                                                                :        1 samples, Peak.  5.30 us (1.0x), Avg.  5.30 us, Total. 5.300 us (0.0%)
[Performance] Application.Shutdown.RemoteShutdown                                                                            :        1 samples, Peak.   900 ns (1.0x), Avg.   900 ns, Total. 900.0 ns (0.0%)
[Performance] Application.Shutdown.CleanupVCProvider                                                                         :        1 samples, Peak.  10.3 us (1.0x), Avg.  10.3 us, Total. 10.30 us (0.0%)
[Performance] Application.Shutdown.InputShutdown                                                                             :        1 samples, Peak.   500 ns (1.0x), Avg.   500 ns, Total. 500.0 ns (0.0%)
[Performance] Application.Shutdown.GizmoManagerDestroy                                                                       :        1 samples, Peak.   573 us (1.0x), Avg.   573 us, Total. 573.2 us (0.0%)
[Performance] Application.Shutdown.ProfilerSession                                                                           :        1 samples, Peak.   137 us (1.0x), Avg.   137 us, Total. 137.5 us (0.0%)
[Performance] Application.Shutdown.ReleaseGfxWindowOnAllGUIViews                                                             :        1 samples, Peak.   600 ns (1.0x), Avg.   600 ns, Total. 600.0 ns (0.0%)
[Performance] Application.Shutdown.CleanupEngine                                                                             :        1 samples, Peak.  86.4 ms (1.0x), Avg.  86.4 ms, Total. 86.41 ms (0.4%)
[Performance] Application.Shutdown.CleanupAssetDatabase                                                                      :        1 samples, Peak.  6.22 ms (1.0x), Avg.  6.22 ms, Total. 6.218 ms (0.0%)
[Performance] Application.Shutdown.ScriptCompilationCleanUp                                                                  :        1 samples, Peak.  20.7 ms (1.0x), Avg.  20.7 ms, Total. 20.68 ms (0.1%)
[Performance] Application.Shutdown.DestroyJobSystem                                                                          :        1 samples, Peak.   179 us (1.0x), Avg.   179 us, Total. 179.1 us (0.0%)
[Performance] Application.Shutdown.CleanupPersistentManager                                                                  :        1 samples, Peak.   325 us (1.0x), Avg.   325 us, Total. 325.4 us (0.0%)
[Performance] Application.Shutdown.CleanupAsyncReadManager                                                                   :        1 samples, Peak.   198 us (1.0x), Avg.   198 us, Total. 198.5 us (0.0%)
[Performance] Application.Shutdown.CleanupProgressBar                                                                        :        1 samples, Peak.   600 ns (1.0x), Avg.   600 ns, Total. 600.0 ns (0.0%)
[Performance] Application.Shutdown.CleanupMono                                                                               :        1 samples, Peak.  55.6 ms (1.0x), Avg.  55.6 ms, Total. 55.61 ms (0.3%)
[Performance] Application.Shutdown.CleanupStdConverters                                                                      :        1 samples, Peak.  8.90 us (1.0x), Avg.  8.90 us, Total. 8.900 us (0.0%)
[Performance] Application.Shutdown.UnloadAllPlatformSupportModuleNativeDlls                                                  :        1 samples, Peak.   700 ns (1.0x), Avg.   700 ns, Total. 700.0 ns (0.0%)
[Performance] Application.Shutdown.UnloadAllPlatformSupportNativeLibraries                                                   :        1 samples, Peak.   100 ns (1.0x), Avg.   100 ns, Total. 100.0 ns (0.0%)
[Performance] Application.Shutdown.CleanupAutoDocumentation                                                                  :        1 samples, Peak.   427 us (1.0x), Avg.   427 us, Total. 426.9 us (0.0%)
[Performance] Application.Shutdown.ShaderNameManagerDestroy                                                                  :        1 samples, Peak.  55.2 us (1.0x), Avg.  55.2 us, Total. 55.20 us (0.0%)
[Performance] Application.Shutdown.CleanupCacheServer                                                                        :        1 samples, Peak. 0.0 (-nan(ind)x), Avg. 0.0, Total. 0.0 (0.0%)
[Performance] Application.Shutdown.Virtualization_Shutdown                                                                   :        1 samples, Peak.   300 ns (1.0x), Avg.   300 ns, Total. 300.0 ns (0.0%)
[Performance] Application.Shutdown.DevConnections                                                                            :        1 samples, Peak.  59.4 us (1.0x), Avg.  59.4 us, Total. 59.40 us (0.0%)
Checking for leaked weakptr:
  Found no leaked weakptrs.
[Package Manager] Server::Kill -- Server was shutdown
Memory Statistics:
[ALLOC_TEMP_TLS] TLS Allocator
  StackAllocators : 
    [ALLOC_TEMP_CurlRequest]
      Initial Block Size 64.0 KB
      Current Block Size 64.0 KB
      Peak Allocated Bytes 0 B
      Overflow Count 0
    [ALLOC_TEMP_MAIN]
      Initial Block Size 16.0 MB
      Current Block Size 45.1 MB
      Peak Allocated Bytes 34.7 MB
      Overflow Count 0
    [ALLOC_TEMP_Background Job.Worker 8]
      Initial Block Size 32.0 KB
      Current Block Size 32.0 KB
      Peak Allocated Bytes 54 B
      Overflow Count 0
    [ALLOC_TEMP_Job.Worker 4]
      Initial Block Size 256.0 KB
      Current Block Size 1.0 MB
      Peak Allocated Bytes 1.0 MB
      Overflow Count 0
    [ALLOC_TEMP_AUDIO_FMOD mixer thread]
      Initial Block Size 64.0 KB
      Current Block Size 64.0 KB
      Peak Allocated Bytes 54 B
      Overflow Count 0
    [ALLOC_TEMP_BakingJobs.Worker 5]
      Initial Block Size 256.0 KB
      Current Block Size 256.0 KB
      Peak Allocated Bytes 54 B
      Overflow Count 0
    [ALLOC_TEMP_Background Job.Worker 11]
      Initial Block Size 32.0 KB
      Current Block Size 32.0 KB
      Peak Allocated Bytes 54 B
      Overflow Count 0
    [ALLOC_TEMP_Background Job.Worker 3]
      Initial Block Size 32.0 KB
      Current Block Size 32.0 KB
      Peak Allocated Bytes 54 B
      Overflow Count 0
    [ALLOC_TEMP_BatchDeleteObjects]
      Initial Block Size 64.0 KB
      Current Block Size 64.0 KB
      Peak Allocated Bytes 54 B
      Overflow Count 0
    [ALLOC_TEMP_CoreBusinessMetricsCache]
      Initial Block Size 64.0 KB
      Current Block Size 64.0 KB
      Peak Allocated Bytes 8.0 KB
      Overflow Count 0
    [ALLOC_TEMP_REST Message Handler]
      Initial Block Size 64.0 KB
      Current Block Size 64.0 KB
      Peak Allocated Bytes 54 B
      Overflow Count 0
    [ALLOC_TEMP_AssetDatabase.IOService]
      Initial Block Size 64.0 KB
      Current Block Size 64.0 KB
      Peak Allocated Bytes 54 B
      Overflow Count 0
    [ALLOC_TEMP_Background Job.Worker 2]
      Initial Block Size 32.0 KB
      Current Block Size 32.0 KB
      Peak Allocated Bytes 1.4 KB
      Overflow Count 0
    [ALLOC_TEMP_Job.Worker 10]
      Initial Block Size 256.0 KB
      Current Block Size 1.0 MB
      Peak Allocated Bytes 1.0 MB
      Overflow Count 0
    [ALLOC_TEMP_Loading.PreloadManager]
      Initial Block Size 32.0 MB
      Current Block Size 32.0 MB
      Peak Allocated Bytes 54 B
      Overflow Count 0
    [ALLOC_TEMP_Profiler.Dispatcher]
      Initial Block Size 64.0 KB
      Current Block Size 64.0 KB
      Peak Allocated Bytes 0 B
      Overflow Count 0
    [ALLOC_TEMP_Job.Worker 3]
      Initial Block Size 256.0 KB
      Current Block Size 1.0 MB
      Peak Allocated Bytes 1.0 MB
      Overflow Count 0
    [ALLOC_TEMP_Background Job.Worker 5]
      Initial Block Size 32.0 KB
      Current Block Size 32.0 KB
      Peak Allocated Bytes 54 B
      Overflow Count 0
    [ALLOC_TEMP_Background Job.Worker 13]
      Initial Block Size 32.0 KB
      Current Block Size 32.0 KB
      Peak Allocated Bytes 54 B
      Overflow Count 0
    [ALLOC_TEMP_Job.Worker 2]
      Initial Block Size 256.0 KB
      Current Block Size 1.0 MB
      Peak Allocated Bytes 1.0 MB
      Overflow Count 0
    [ALLOC_TEMP_Job.Worker 0]
      Initial Block Size 256.0 KB
      Current Block Size 1.0 MB
      Peak Allocated Bytes 1.0 MB
      Overflow Count 0
    [ALLOC_TEMP_Job.Worker 5]
      Initial Block Size 256.0 KB
      Current Block Size 1.0 MB
      Peak Allocated Bytes 1.0 MB
      Overflow Count 0
    [ALLOC_TEMP_Job.Worker 6]
      Initial Block Size 256.0 KB
      Current Block Size 1.0 MB
      Peak Allocated Bytes 1.0 MB
      Overflow Count 0
    [ALLOC_TEMP_Background Job.Worker 9]
      Initial Block Size 32.0 KB
      Current Block Size 32.0 KB
      Peak Allocated Bytes 54 B
      Overflow Count 0
    [ALLOC_TEMP_DirMonitor]
      Initial Block Size 64.0 KB
      Current Block Size 64.0 KB
      Peak Allocated Bytes 2.9 KB
      Overflow Count 0
    [ALLOC_TEMP_Job.Worker 9]
      Initial Block Size 256.0 KB
      Current Block Size 1.0 MB
      Peak Allocated Bytes 1.0 MB
      Overflow Count 0
    [ALLOC_TEMP_BakingJobs.Worker 1]
      Initial Block Size 256.0 KB
      Current Block Size 256.0 KB
      Peak Allocated Bytes 54 B
      Overflow Count 0
    [ALLOC_TEMP_Loading.AsyncRead]
      Initial Block Size 64.0 KB
      Current Block Size 64.0 KB
      Peak Allocated Bytes 128 B
      Overflow Count 0
    [ALLOC_TEMP_Background Job.Worker 10]
      Initial Block Size 32.0 KB
      Current Block Size 32.0 KB
      Peak Allocated Bytes 54 B
      Overflow Count 0
    [ALLOC_TEMP_Background Job.Worker 6]
      Initial Block Size 32.0 KB
      Current Block Size 32.0 KB
      Peak Allocated Bytes 54 B
      Overflow Count 0
    [ALLOC_TEMP_AUDIO_FMOD (WASAPI) feeder thread]
      Initial Block Size 64.0 KB
      Current Block Size 64.0 KB
      Peak Allocated Bytes 168 B
      Overflow Count 0
    [ALLOC_TEMP_Background Job.Worker 1]
      Initial Block Size 32.0 KB
      Current Block Size 32.0 KB
      Peak Allocated Bytes 204 B
      Overflow Count 0
    [ALLOC_TEMP_AUDIO_FMOD stream thread]
      Initial Block Size 64.0 KB
      Current Block Size 64.0 KB
      Peak Allocated Bytes 54 B
      Overflow Count 0
    [ALLOC_TEMP_BakingJobs.Worker 2]
      Initial Block Size 256.0 KB
      Current Block Size 256.0 KB
      Peak Allocated Bytes 54 B
      Overflow Count 0
    [ALLOC_TEMP_Background Job.Worker 7]
      Initial Block Size 32.0 KB
      Current Block Size 32.0 KB
      Peak Allocated Bytes 54 B
      Overflow Count 0
    [ALLOC_TEMP_Job.Worker 8]
      Initial Block Size 256.0 KB
      Current Block Size 1.0 MB
      Peak Allocated Bytes 1.0 MB
      Overflow Count 0
    [ALLOC_TEMP_Job.Worker 1]
      Initial Block Size 256.0 KB
      Current Block Size 1.0 MB
      Peak Allocated Bytes 1.0 MB
      Overflow Count 0
    [ALLOC_TEMP_BakingJobs.Worker 0]
      Initial Block Size 256.0 KB
      Current Block Size 256.0 KB
      Peak Allocated Bytes 54 B
      Overflow Count 0
    [ALLOC_TEMP_BakingJobs.Worker 3]
      Initial Block Size 256.0 KB
      Current Block Size 256.0 KB
      Peak Allocated Bytes 54 B
      Overflow Count 0
    [ALLOC_TEMP_EditorTaskManager]
      Initial Block Size 64.0 KB
      Current Block Size 68.0 KB
      Peak Allocated Bytes 64.0 KB
      Overflow Count 0
    [ALLOC_TEMP_Background Job.Worker 15]
      Initial Block Size 32.0 KB
      Current Block Size 32.0 KB
      Peak Allocated Bytes 54 B
      Overflow Count 0
    [ALLOC_TEMP_BakingJobs.Worker 4]
      Initial Block Size 256.0 KB
      Current Block Size 256.0 KB
      Peak Allocated Bytes 54 B
      Overflow Count 0
    [ALLOC_TEMP_Background Job.Worker 12]
      Initial Block Size 32.0 KB
      Current Block Size 32.0 KB
      Peak Allocated Bytes 54 B
      Overflow Count 0
    [ALLOC_TEMP_HTTP REST Server]
      Initial Block Size 64.0 KB
      Current Block Size 64.0 KB
      Peak Allocated Bytes 152 B
      Overflow Count 0
    [ALLOC_TEMP_AssetGarbageCollectorHelper] x 11
      Initial Block Size 64.0 KB
      Current Block Size 64.0 KB
      Peak Allocated Bytes 0 B
      Overflow Count 0
    [ALLOC_TEMP_Background Job.Worker 0]
      Initial Block Size 32.0 KB
      Current Block Size 32.0 KB
      Peak Allocated Bytes 54 B
      Overflow Count 0
    [ALLOC_TEMP_Background Job.Worker 4]
      Initial Block Size 32.0 KB
      Current Block Size 32.0 KB
      Peak Allocated Bytes 54 B
      Overflow Count 0
    [ALLOC_TEMP_Background Job.Worker 14]
      Initial Block Size 32.0 KB
      Current Block Size 32.0 KB
      Peak Allocated Bytes 54 B
      Overflow Count 0
    [ALLOC_TEMP_Job.Worker 7]
      Initial Block Size 256.0 KB
      Current Block Size 1.0 MB
      Peak Allocated Bytes 1.0 MB
      Overflow Count 0
    [ALLOC_TEMP_CloudJob.Worker 0]
      Initial Block Size 32.0 KB
      Current Block Size 32.0 KB
      Peak Allocated Bytes 4.6 KB
      Overflow Count 0
[ALLOC_MEMORYPROFILER]
  Requested Block Size 1.0 MB
  Peak Block count 1
  Peak Allocated memory 9.1 KB
  Peak Large allocation bytes 0 B
[ALLOC_DEFAULT] Dual Thread Allocator
  Peak main deferred allocation count 1298
    [ALLOC_BUCKET]
      Large Block size 32.0 MB
      Used Block count 1
      Peak Allocated bytes 7.2 MB
    [ALLOC_DEFAULT_MAIN]
      Requested Block Size 16.0 MB
      Peak Block count 4
      Peak Allocated memory 77.8 MB
      Peak Large allocation bytes 32.0 MB
    [ALLOC_DEFAULT_THREAD]
      Requested Block Size 16.0 MB
      Peak Block count 1
      Peak Allocated memory 4.7 MB
      Peak Large allocation bytes 0 B
[ALLOC_TEMP_JOB_1_FRAME]
  Initial Block Size 2.0 MB
  Used Block Count 0
  Overflow Count (too large) 0
  Overflow Count (full) 0
[ALLOC_TEMP_JOB_2_FRAMES]
  Initial Block Size 2.0 MB
  Used Block Count 0
  Overflow Count (too large) 0
  Overflow Count (full) 0
[ALLOC_TEMP_JOB_4_FRAMES (JobTemp)]
  Initial Block Size 2.0 MB
  Used Block Count 1
  Overflow Count (too large) 0
  Overflow Count (full) 0
[ALLOC_TEMP_JOB_ASYNC (Background)]
  Initial Block Size 1.0 MB
  Used Block Count 1
  Overflow Count (too large) 0
  Overflow Count (full) 0
[ALLOC_GFX] Dual Thread Allocator
  Peak main deferred allocation count 0
    [ALLOC_BUCKET]
      Large Block size 32.0 MB
      Used Block count 1
      Peak Allocated bytes 7.2 MB
    [ALLOC_GFX_MAIN]
      Requested Block Size 16.0 MB
      Peak Block count 1
      Peak Allocated memory 6.2 MB
      Peak Large allocation bytes 0 B
    [ALLOC_GFX_THREAD]
      Requested Block Size 16.0 MB
      Peak Block count 0
      Peak Allocated memory 0 B
      Peak Large allocation bytes 0 B
[ALLOC_CACHEOBJECTS] Dual Thread Allocator
  Peak main deferred allocation count 70
    [ALLOC_BUCKET]
      Large Block size 32.0 MB
      Used Block count 1
      Peak Allocated bytes 7.2 MB
    [ALLOC_CACHEOBJECTS_MAIN]
      Requested Block Size 4.0 MB
      Peak Block count 2
      Peak Allocated memory 14.9 MB
      Peak Large allocation bytes 10.7 MB
    [ALLOC_CACHEOBJECTS_THREAD]
      Requested Block Size 4.0 MB
      Peak Block count 1
      Peak Allocated memory 19.4 KB
      Peak Large allocation bytes 0 B
[ALLOC_TYPETREE] Dual Thread Allocator
  Peak main deferred allocation count 501
    [ALLOC_BUCKET]
      Large Block size 32.0 MB
      Used Block count 1
      Peak Allocated bytes 7.2 MB
    [ALLOC_TYPETREE_MAIN]
      Requested Block Size 2.0 MB
      Peak Block count 2
      Peak Allocated memory 2.4 MB
      Peak Large allocation bytes 0 B
    [ALLOC_TYPETREE_THREAD]
      Requested Block Size 2.0 MB
      Peak Block count 0
      Peak Allocated memory 0 B
      Peak Large allocation bytes 0 B
[ALLOC_PROFILER]
  Requested Block Size 16.0 MB
  Peak Block count 1
  Peak Allocated memory 474.1 KB
  Peak Large allocation bytes 0 B
    [ALLOC_PROFILER_BUCKET]
      Large Block size 32.0 MB
      Used Block count 1
      Peak Allocated bytes 4.0 KB
[ALLOC_PROFILER_EDITOR]
  Requested Block Size 1.0 MB
  Peak Block count 0
  Peak Allocated memory 0 B
  Peak Large allocation bytes 0 B
    [ALLOC_PROFILER_BUCKET]
      Large Block size 32.0 MB
      Used Block count 1
      Peak Allocated bytes 4.0 KB
##utp:{"type":"MemoryLeaks","version":2,"phase":"Immediate","time":1790577311105,"processId":27848,"allocatedMemory":15035080,"memoryLabels":[{"Default":20335},{"Permanent":15615},{"NewDelete":80832},{"Thread":4229188},{"Manager":30628},{"VertexData":12},{"Geometry":560},{"Texture":176},{"Shader":68850},{"Material":24},{"GfxDevice":57048},{"Animation":296},{"Audio":3928},{"FontEngine":272},{"Physics":513},{"Serialization":948},{"Input":14744},{"JobScheduler":35792},{"Mono":40},{"ScriptingNativeRuntime":191848},{"BaseObject":1627276},{"Resource":1360},{"Renderer":2304},{"Transform":16},{"File":888},{"WebCam":96},{"Culling":40},{"Terrain":1137},{"Wind":24},{"STL":48},{"String":20720},{"DynamicArray":66940},{"HashMap":4640348},{"Utility":2662722},{"Curl":1424},{"PoolAlloc":1728},{"AI":104},{"TypeTree":5077},{"ScriptManager":640},{"RuntimeInitializeOnLoadManager":80},{"SpriteAtlas":128},{"GI":4072},{"Director":7960},{"CloudService":2368},{"WebRequest":688},{"VR":46081},{"SceneManager":568},{"Video":72},{"LazyScriptCache":40},{"NativeArray":12},{"Camera":25},{"Secure":1},{"Image":282624},{"SerializationCache":1584},{"APIUpdating":11872},{"Subsystems":392},{"VirtualTexturing":57896},{"StaticSafetyDebugInfo":327680},{"EditorGui":56},{"EditorUtility":19777},{"VersionControl":4},{"Undo":704},{"AssetDatabase":345478},{"RestService":1414},{"EditorGi":376},{"License":3584},{"UnityConnect":25320},{"Collab":593},{"Upm":93845},{"DrivenProperties":96},{"LocalIPC":276},{"ProfilerEditor":10943},{"CoreBusinessMetrics":3850},{"AssetReference":40},{"IPCStream":40}]}
